entry_time,side,entry_px,exit_time,exit_px,exit_reason,pnl_pts,ORH,ORL,PivotLow,PivotHigh,A_distance,TP_mult_A,Date,n_used,P_used,T,slippage,cost_pts
2021-09-24 13:35:00,short,17846.0,2021-09-24 13:35:00,17797.341666666667,STOP,48.15833333333285,17947.65,17889.7,17745.225,17796.841666666667,42.232749999999925,1.2,2021-09-24,16,0.28,20,0.5,0.5
2021-09-27 10:48:00,short,17836.75,2021-09-27 12:55:00,17884.025,STOP,-47.775000000001455,17933.2,17891.75,17856.275,17883.525,41.509124999999955,1.2,2021-09-27,16,0.28,20,0.5,0.5
2021-09-28 12:02:00,short,17737.55,2021-09-28 12:22:00,17689.18825,TARGET,47.86175000000003,17912.85,17814.75,17859.833333333332,17873.2,40.718124999999944,1.2,2021-09-28,16,0.28,20,0.5,0.5
2021-09-29 14:19:00,long,17754.9,2021-09-29 14:19:00,17743.891666666663,STOP,-11.508333333338669,17670.2,17608.15,17744.391666666663,17744.475,44.372999999999976,1.2,2021-09-29,16,0.28,20,0.5,0.5
2021-09-30 13:25:00,short,17626.05,2021-09-30 14:28:00,17607.395,TARGET,18.154999999998836,17739.9,17658.45,17694.95,17707.81666666667,15.962499999999963,1.2,2021-09-30,20,0.1,20,0.5,0.5
2021-10-04 09:55:00,long,17688.25,2021-10-04 10:00:00,17709.7915,TARGET,21.04149999999936,17643.1,17581.35,17505.025,17515.708333333336,18.36791666666668,1.2,2021-10-04,12,0.1,20,0.5,0.5
2021-10-05 12:50:00,long,17737.8,2021-10-05 12:58:00,17759.695499999998,TARGET,21.39549999999872,17696.75,17640.9,17666.125,17686.075000000004,18.66291666666672,1.2,2021-10-05,12,0.1,20,0.5,0.5
2021-10-06 10:23:00,short,17801.2,2021-10-06 10:23:00,17793.191666666666,STOP,7.508333333335031,17884.6,17839.8,17737.175000000003,17792.691666666666,21.768000000000065,1.2,2021-10-06,12,0.12,20,0.5,0.5
2021-10-07 12:07:00,long,17845.75,2021-10-07 15:25:00,17789.55,EOD,-56.70000000000073,17820.35,17763.8,17664.458333333336,17752.074999999997,18.36208333333337,1.2,2021-10-07,12,0.1,20,0.5,0.5
2021-10-08 10:33:00,long,17934.6,2021-10-08 12:15:00,17854.75,STOP,-80.34999999999854,17892.5,17855.25,17796.925,17810.675,18.111428571428615,1.2,2021-10-08,14,0.1,20,0.5,0.5
2021-10-11 10:44:00,long,17997.9,2021-10-11 15:25:00,17937.9,EOD,-60.5,17925.5,17839.1,17890.63333333333,17891.1,50.6170000000001,1.2,2021-10-11,16,0.28,20,0.5,0.5
2021-10-13 12:27:00,long,18159.3,2021-10-13 15:25:00,18158.65,EOD,-1.1499999999978172,18099.15,18050.75,17936.800000000003,17979.26666666667,47.76000000000005,1.2,2021-10-13,26,0.3,20,0.5,0.5
2021-10-19 10:12:00,short,18443.55,2021-10-19 10:12:00,18416.6024,TARGET,26.44759999999951,18604.45,18534.65,18481.675000000003,18494.225,22.873000000000065,1.2,2021-10-19,14,0.14,20,0.5,0.5
2021-10-20 13:41:00,short,18289.65,2021-10-20 13:49:00,18264.0224,TARGET,25.127599999999802,18458.2,18326.95,18442.258333333335,18491.075,21.773000000000067,1.2,2021-10-20,14,0.14,20,0.5,0.5
2021-10-21 10:42:00,short,18199.5,2021-10-21 10:54:00,18168.1344,TARGET,30.865600000000995,18384.2,18250.75,18300.808333333334,18333.824999999997,26.554666666666744,1.2,2021-10-21,12,0.16,20,0.5,0.5
2021-10-22 12:27:00,short,18154.5,2021-10-22 13:01:00,18102.2264,TARGET,51.77360000000044,18296.75,18204.2,18208.733333333337,18216.1,43.9780000000001,1.2,2021-10-22,24,0.24,20,0.5,0.5
2021-10-28 10:52:00,short,18037.7,2021-10-28 13:32:00,17984.437,TARGET,52.76299999999901,18190.7,18103.4,18206.308333333334,18259.625,44.80250000000011,1.2,2021-10-28,24,0.24,20,0.5,0.5
2021-10-29 10:48:00,long,17901.95,2021-10-29 10:57:00,17888.224999999995,STOP,-14.22500000000582,17833.4,17613.1,17888.724999999995,17995.075,46.74150000000009,1.2,2021-10-29,24,0.24,20,0.5,0.5
2021-11-01 13:48:00,long,17902.25,2021-11-01 15:25:00,17944.2,EOD,41.45000000000073,17833.6,17697.1,17714.25833333333,17764.475,48.486500000000085,1.2,2021-11-01,24,0.24,20,0.5,0.5
2021-11-02 10:44:00,short,17896.65,2021-11-02 10:50:00,17905.5,STOP,-9.349999999998545,18012.25,17947.75,17825.6,17905.0,49.6505000000001,1.2,2021-11-02,24,0.24,20,0.5,0.5
2021-11-03 12:35:00,short,17869.3,2021-11-03 13:14:00,17812.2846,TARGET,56.51540000000023,17978.55,17935.15,17904.541666666668,17929.925,47.92950000000012,1.2,2021-11-03,24,0.24,20,0.5,0.5
2021-11-08 14:10:00,long,18073.7,2021-11-08 15:25:00,18083.15,EOD,8.950000000000728,18011.55,17837.7,17841.75,17873.35,48.50150000000012,1.2,2021-11-08,24,0.24,20,0.5,0.5
2021-11-10 13:53:00,long,18042.8,2021-11-10 13:53:00,18047.324999999997,STOP,4.024999999997817,17968.2,17915.55,18047.824999999997,18050.841666666667,49.70350000000009,1.2,2021-11-10,24,0.24,20,0.5,0.5
2021-11-11 10:36:00,short,17841.3,2021-11-11 15:25:00,17893.1,EOD,-52.29999999999927,17971.35,17910.55,17988.125,18004.808333333334,49.470500000000065,1.2,2021-11-11,24,0.24,20,0.5,0.5
2021-11-12 13:48:00,long,18063.7,2021-11-12 14:51:00,18122.3318,TARGET,58.1317999999992,17998.65,17943.2,17884.775,17889.99166666667,49.27650000000005,1.2,2021-11-12,24,0.24,20,0.5,0.5
2021-11-16 14:31:00,short,18001.45,2021-11-16 15:25:00,17976.9,EOD,24.049999999999272,18132.65,18063.5,18114.675000000003,18140.725,25.978200000000026,1.2,2021-11-16,20,0.12,20,0.5,0.5
2021-11-17 10:32:00,long,18004.05,2021-11-17 10:32:00,18001.675000000003,STOP,-2.874999999996362,17969.5,17906.6,18002.175000000003,18053.725,26.313000000000045,1.2,2021-11-17,20,0.12,20,0.5,0.5
2021-11-18 10:18:00,short,17775.8,2021-11-18 10:23:00,17744.404,TARGET,30.89600000000064,17945.6,17840.8,17911.25833333333,17951.475,26.580000000000044,1.2,2021-11-18,20,0.12,20,0.5,0.5
2021-11-22 11:48:00,short,17551.9,2021-11-22 12:06:00,17494.980600000003,TARGET,56.41939999999886,17805.25,17611.35,17777.850000000002,17817.05,47.849500000000084,1.2,2021-11-22,22,0.22,20,0.5,0.5
2021-11-23 11:39:00,long,17437.3,2021-11-23 11:39:00,17474.949999999997,STOP,37.14999999999782,17363.05,17216.1,17475.449999999997,17542.85,65.79865384615391,1.2,2021-11-23,26,0.3,20,0.5,0.5
2021-11-24 15:13:00,short,17420.1,2021-11-24 15:25:00,17386.489279999998,TARGET,33.11072000000058,17572.35,17485.05,17384.9,17448.933333333334,28.42560000000003,1.2,2021-11-24,20,0.12,20,0.5,0.5
2021-11-25 11:33:00,long,17497.65,2021-11-25 12:12:00,17530.85032,TARGET,32.70031999999992,17454.0,17375.05,17415.15,17489.15,28.08360000000001,1.2,2021-11-25,20,0.12,20,0.5,0.5
2021-11-26 10:28:00,short,17164.65,2021-11-26 10:54:00,17122.0508,TARGET,42.099200000000565,17355.4,17272.0,17458.025,17521.341666666667,35.915999999999976,1.2,2021-11-26,14,0.16,20,0.5,0.5
2021-11-29 11:33:00,long,17141.7,2021-11-29 13:01:00,17063.950000000004,STOP,-78.24999999999636,17068.8,16782.4,17064.450000000004,17170.550000000003,42.3675,1.2,2021-11-29,18,0.18,20,0.5,0.5
2021-11-30 10:29:00,long,17308.25,2021-11-30 11:35:00,17050.55,STOP,-258.2000000000007,17241.35,17051.05,16971.550000000003,17025.716666666667,34.08149999999998,1.2,2021-11-30,14,0.14,20,0.5,0.5
2021-12-02 11:24:00,long,17316.55,2021-12-02 14:30:00,17346.257214285713,TARGET,29.207214285714144,17264.45,17149.3,17138.65,17160.949999999997,25.17267857142858,1.2,2021-12-02,28,0.1,20,0.5,0.5
2021-12-03 10:05:00,short,17375.6,2021-12-03 10:05:00,17367.074999999997,STOP,8.025000000001455,17489.8,17415.9,17284.824999999997,17366.574999999997,25.251607142857146,1.2,2021-12-03,28,0.1,20,0.5,0.5
2021-12-06 11:32:00,short,17067.95,2021-12-06 12:21:00,17037.808,TARGET,29.641999999999825,17216.75,17115.9,17244.400000000005,17335.3,25.534999999999993,1.2,2021-12-06,24,0.1,20,0.5,0.5
2021-12-07 10:05:00,long,17091.2,2021-12-07 10:38:00,17121.011000000002,TARGET,29.311000000001513,17058.9,16987.75,16957.341666666667,17054.225,25.25916666666666,1.2,2021-12-07,24,0.1,20,0.5,0.5
2021-12-09 10:34:00,short,17396.3,2021-12-09 11:04:00,17444.29166666667,STOP,-48.491666666672245,17543.25,17423.2,17396.775,17443.79166666667,24.75833333333332,1.2,2021-12-09,24,0.1,20,0.5,0.5
2021-12-13 12:29:00,short,17454.05,2021-12-13 13:58:00,17365.7356,TARGET,87.8143999999993,17639.5,17600.75,17469.8,17487.733333333334,74.01199999999992,1.2,2021-12-13,14,0.28,20,0.5,0.5
2021-12-16 14:43:00,short,17193.15,2021-12-16 15:23:00,17272.2,STOP,-79.54999999999927,17379.35,17282.9,17232.966666666664,17271.7,70.40799999999997,1.2,2021-12-16,14,0.28,20,0.5,0.5
2021-12-17 10:42:00,short,17031.3,2021-12-17 15:25:00,16989.4,EOD,41.39999999999782,17298.15,17139.6,17276.35,17282.15,69.81255555555546,1.2,2021-12-17,18,0.28,20,0.5,0.5
2021-12-20 11:34:00,short,16548.4,2021-12-20 12:49:00,16465.235066666668,TARGET,82.66493333333347,16840.1,16653.15,17036.700000000004,17132.300000000003,69.72077777777766,1.2,2021-12-20,18,0.28,20,0.5,0.5
2021-12-21 11:56:00,long,16913.8,2021-12-21 14:33:00,16722.45,STOP,-191.84999999999854,16839.45,16722.95,16624.516666666663,16625.15,72.94077777777767,1.2,2021-12-21,18,0.28,20,0.5,0.5
2021-12-24 10:10:00,short,16935.95,2021-12-24 14:47:00,17067.6,STOP,-132.14999999999782,17155.6,17042.7,17055.86666666667,17067.1,65.79299999999999,1.2,2021-12-24,18,0.28,20,0.5,0.5
2021-12-27 10:38:00,long,17000.65,2021-12-27 10:38:00,17013.0,STOP,11.849999999998545,16960.25,16833.2,17013.5,17032.6,22.890312500000007,1.2,2021-12-27,16,0.1,20,0.5,0.5
2021-12-30 10:30:00,long,17258.6,2021-12-30 15:00:00,17198.95,STOP,-60.14999999999782,17222.9,17146.35,17199.45,17233.45,28.301769230769192,1.2,2021-12-30,26,0.12,20,0.5,0.5
2021-12-31 12:46:00,long,17385.25,2021-12-31 15:25:00,17355.6,EOD,-30.150000000001455,17339.3,17238.5,17205.199999999997,17207.5,27.816230769230746,1.2,2021-12-31,26,0.12,20,0.5,0.5
2022-01-03 10:31:00,long,17510.9,2022-01-03 12:20:00,17538.5396,TARGET,27.13959999999861,17478.6,17383.3,17319.65,17343.949999999997,23.449666666666644,1.2,2022-01-03,18,0.12,20,0.5,0.5
2022-01-04 14:36:00,long,17754.4,2022-01-04 14:58:00,17782.7412,TARGET,27.841199999998935,17715.45,17647.55,17514.975,17590.191666666666,24.03433333333334,1.2,2022-01-04,18,0.12,20,0.5,0.5
2022-01-05 12:20:00,long,17875.35,2022-01-05 12:53:00,17904.254399999998,TARGET,28.40439999999944,17829.65,17771.7,17710.574999999997,17780.458333333336,24.503666666666664,1.2,2022-01-05,18,0.12,20,0.5,0.5
2022-01-07 12:46:00,short,17711.8,2022-01-07 12:50:00,17735.98333333333,STOP,-24.683333333330665,17877.35,17787.7,17726.75,17735.48333333333,25.486615384615394,1.2,2022-01-07,26,0.12,20,0.5,0.5
2022-01-10 14:53:00,long,17993.15,2022-01-10 15:25:00,18009.9,EOD,16.25,17955.6,17879.15,17804.775,17817.558333333334,25.160769230769247,1.2,2022-01-10,26,0.12,20,0.5,0.5
2022-01-12 15:08:00,long,18222.85,2022-01-12 15:25:00,18204.35,EOD,-19.0,18184.6,18128.8,18022.825,18046.541666666668,23.66066666666668,1.2,2022-01-12,18,0.12,20,0.5,0.5
2022-01-14 09:52:00,long,18223.7,2022-01-14 09:53:00,18217.525,STOP,-6.674999999999272,18198.05,18119.65,18218.025,18246.208333333336,19.96733333333337,1.2,2022-01-14,18,0.12,20,0.5,0.5
2022-01-18 09:45:00,short,18249.4,2022-01-18 09:58:00,18227.042800000003,TARGET,21.857199999998556,18350.95,18320.1,18275.15,18298.949999999997,19.047666666666675,1.2,2022-01-18,18,0.12,20,0.5,0.5
2022-01-19 09:45:00,short,17983.5,2022-01-19 11:20:00,17943.597,TARGET,39.40299999999843,18121.1,18020.7,18159.74166666667,18218.425000000003,33.66916666666669,1.2,2022-01-19,12,0.2,20,0.5,0.5
2022-01-20 11:13:00,short,17809.0,2022-01-20 11:41:00,17769.64,TARGET,38.86000000000058,17943.7,17858.65,17962.066666666666,18003.0,33.216666666666605,1.2,2022-01-20,12,0.2,20,0.5,0.5
2022-01-24 11:25:00,short,17378.05,2022-01-24 11:48:00,17327.2686,TARGET,50.28139999999985,17599.4,17433.7,17596.725,17629.74166666667,42.734500000000004,1.2,2022-01-24,24,0.24,20,0.5,0.5
2022-01-25 09:46:00,long,17128.45,2022-01-25 09:46:00,17192.975,STOP,64.02499999999782,17021.6,16836.8,17193.475,17298.625,35.786045454545444,1.2,2022-01-25,22,0.18,20,0.5,0.5
2022-01-27 12:08:00,short,16906.6,2022-01-27 13:51:00,17073.65,STOP,-167.5500000000029,17073.15,16958.85,17072.975,17210.391666666663,37.638000000000005,1.2,2022-01-27,22,0.18,20,0.5,0.5
2022-01-28 12:24:00,long,17366.85,2022-01-28 14:01:00,17205.8,STOP,-161.54999999999927,17322.25,17206.3,17024.625,17094.841666666667,33.32276923076926,1.2,2022-01-28,26,0.16,20,0.5,0.5
2022-01-31 12:09:00,long,17384.5,2022-01-31 15:25:00,17325.55,EOD,-59.45000000000073,17336.1,17269.2,17146.3,17225.3,21.390192307692327,1.2,2022-01-31,26,0.1,20,0.5,0.5
2022-02-01 10:32:00,long,17586.0,2022-02-01 11:36:00,17468.0,STOP,-118.5,17534.95,17468.5,17329.724999999995,17337.075,39.9702272727273,1.2,2022-02-01,22,0.18,20,0.5,0.5
2022-02-03 12:00:00,short,17652.6,2022-02-03 15:06:00,17580.7316,TARGET,71.36839999999938,17781.15,17718.9,17734.699999999997,17769.9,60.307000000000066,1.2,2022-02-03,22,0.26,20,0.5,0.5
2022-02-07 11:18:00,short,17316.8,2022-02-07 13:35:00,17224.917999999998,TARGET,91.38200000000143,17536.75,17417.95,17516.925,17540.175,76.98500000000008,1.2,2022-02-07,14,0.28,20,0.5,0.5
2022-02-08 11:01:00,short,17054.15,2022-02-08 15:25:00,17248.15,EOD,-194.5,17306.45,17176.2,17251.69166666667,17328.075,83.47600000000007,1.2,2022-02-08,14,0.28,20,0.5,0.5
2022-02-09 14:42:00,long,17456.15,2022-02-09 15:25:00,17472.5,EOD,15.849999999998545,17421.5,17339.0,17175.050000000003,17223.450000000004,23.81423076923079,1.2,2022-02-09,26,0.1,20,0.5,0.5
2022-02-10 10:46:00,long,17573.7,2022-02-10 11:39:00,17601.186538461538,TARGET,26.98653846153684,17540.05,17467.6,17406.7,17450.899999999998,23.3221153846154,1.2,2022-02-10,26,0.1,20,0.5,0.5
2022-02-11 10:13:00,short,17327.4,2022-02-11 15:25:00,17357.45,EOD,-30.549999999999272,17454.75,17371.05,17533.300000000003,17570.966666666667,23.238461538461554,1.2,2022-02-11,26,0.1,20,0.5,0.5
2022-02-14 14:49:00,short,16886.1,2022-02-14 15:06:00,16858.917384615383,TARGET,26.68261538461593,17099.5,16916.55,17364.25833333333,17378.875,23.06884615384616,1.2,2022-02-14,26,0.1,20,0.5,0.5
2022-02-15 12:02:00,long,17068.6,2022-02-15 12:50:00,17096.425076923075,TARGET,27.325076923076267,16998.95,16896.4,16865.866666666672,16958.7,23.604230769230767,1.2,2022-02-15,26,0.1,20,0.5,0.5
2022-02-16 11:06:00,short,17277.45,2022-02-16 11:06:00,17273.941666666666,STOP,3.008333333335031,17450.0,17320.4,17107.125,17273.441666666666,24.893846153846148,1.2,2022-02-16,26,0.1,20,0.5,0.5
2022-02-17 10:35:00,short,17263.85,2022-02-17 11:01:00,17374.65,STOP,-111.30000000000291,17442.9,17314.3,17328.683333333334,17374.15,25.272499999999994,1.2,2022-02-17,26,0.1,20,0.5,0.5
2022-02-18 12:46:00,long,17365.55,2022-02-18 14:15:00,17303.091666666667,STOP,-62.95833333333212,17321.65,17219.2,17303.591666666667,17339.375,25.61942307692309,1.2,2022-02-18,26,0.1,20,0.5,0.5
2022-02-21 12:07:00,long,17293.7,2022-02-21 12:29:00,17284.066666666666,STOP,-10.133333333335031,17231.3,17085.5,17284.566666666666,17300.0,42.985,1.2,2022-02-21,24,0.16,20,0.5,0.5
2022-02-22 14:08:00,long,17036.15,2022-02-22 14:08:00,17210.375,STOP,173.72499999999854,16977.4,16843.8,17210.875,17212.458333333336,44.12579999999997,1.2,2022-02-22,30,0.18,20,0.5,0.5
2022-02-23 15:09:00,short,17071.05,2022-02-23 15:09:00,17051.55833333333,STOP,18.991666666668607,17220.7,17160.35,16996.175,17051.05833333333,45.14759999999999,1.2,2022-02-23,30,0.18,20,0.5,0.5
2022-02-24 09:53:00,short,16507.7,2022-02-24 12:48:00,16475.278923076923,TARGET,31.921076923077635,16705.25,16546.75,17073.858333333337,17124.275,27.43423076923078,1.2,2022-02-24,26,0.1,20,0.5,0.5
2022-02-25 10:36:00,long,16681.7,2022-02-25 10:44:00,16738.75032,TARGET,56.550319999998464,16611.5,16478.3,16302.908333333333,16459.425,47.9586,1.2,2022-02-25,30,0.18,20,0.5,0.5
2022-02-28 11:00:00,long,16598.4,2022-02-28 11:00:00,16613.05,STOP,14.149999999997817,16506.1,16356.3,16613.55,16636.083333333332,48.930899999999994,1.2,2022-02-28,30,0.18,20,0.5,0.5
2022-03-02 12:53:00,short,16494.85,2022-03-02 15:25:00,16636.75,EOD,-142.40000000000146,16678.5,16547.4,16586.1,16716.933333333334,44.50533333333334,1.2,2022-03-02,18,0.16,20,0.5,0.5
2022-03-03 12:25:00,short,16574.65,2022-03-03 13:09:00,16513.5576,TARGET,60.59240000000136,16768.95,16674.15,16578.575,16617.024999999998,51.327000000000005,1.2,2022-03-03,30,0.18,20,0.5,0.5
2022-03-04 11:03:00,short,16151.25,2022-03-04 12:56:00,16365.35,STOP,-214.60000000000036,16364.85,16233.5,16536.116666666672,16605.95,51.69270000000001,1.2,2022-03-04,30,0.18,20,0.5,0.5
2022-03-08 12:44:00,short,15710.2,2022-03-08 13:07:00,15675.623785714286,TARGET,34.07621428571474,15864.55,15747.4,16267.166666666666,16294.9,29.230178571428596,1.2,2022-03-08,28,0.1,20,0.5,0.5
2022-03-09 12:25:00,long,16220.8,2022-03-09 12:50:00,16283.3972,TARGET,62.09720000000016,16139.85,15990.0,15850.1,15956.066666666668,52.58100000000003,1.2,2022-03-09,30,0.18,20,0.5,0.5
2022-03-10 14:02:00,short,16488.4,2022-03-10 14:02:00,16300.208333333334,STOP,187.69166666666752,16757.3,16593.05,16204.025,16299.708333333334,53.81880000000003,1.2,2022-03-10,30,0.18,20,0.5,0.5
2022-03-14 14:16:00,long,16824.05,2022-03-14 15:25:00,16867.1,EOD,42.54999999999927,16702.55,16629.1,16582.65,16608.449999999997,86.87622222222217,1.2,2022-03-14,18,0.28,20,0.5,0.5
2022-03-15 13:07:00,short,16730.1,2022-03-15 14:15:00,16630.1893,TARGET,99.41070000000036,16927.75,16852.15,16747.025,16827.408333333333,83.67558333333332,1.2,2022-03-15,12,0.26,20,0.5,0.5
2022-03-17 12:45:00,long,17320.3,2022-03-17 15:25:00,17293.95,EOD,-26.849999999998545,17228.85,17176.25,16912.875,16952.35833333333,87.69500000000005,1.2,2022-03-17,14,0.28,20,0.5,0.5
2022-03-21 12:49:00,short,17156.4,2022-03-21 15:25:00,17121.0,EOD,34.900000000001455,17353.35,17255.7,17260.175,17283.025000000005,77.96966666666664,1.2,2022-03-21,12,0.26,20,0.5,0.5
2022-03-22 13:20:00,long,17219.05,2022-03-22 13:55:00,17306.844699999998,TARGET,87.29469999999856,17143.15,17051.6,17155.291666666664,17224.875,73.57891666666652,1.2,2022-03-22,12,0.26,20,0.5,0.5
2022-03-23 12:08:00,short,17259.85,2022-03-23 12:12:00,17276.041666666668,STOP,-16.691666666669335,17442.4,17368.15,17168.425,17275.541666666668,76.27424999999988,1.2,2022-03-23,12,0.26,20,0.5,0.5
2022-03-25 13:56:00,short,17093.6,2022-03-25 15:25:00,17191.4,EOD,-98.30000000000291,17294.9,17171.95,17191.45,17200.81666666667,71.83691666666657,1.2,2022-03-25,12,0.26,20,0.5,0.5
2022-04-01 14:08:00,long,17591.65,2022-04-01 15:18:00,17688.529400000003,TARGET,96.37940000000162,17499.95,17422.7,17476.86666666667,17497.5,81.14949999999992,1.2,2022-04-01,30,0.3,20,0.5,0.5
2022-04-04 10:13:00,long,18082.2,2022-04-04 15:25:00,18045.45,EOD,-37.25,17947.15,17791.4,17563.2,17651.099999999995,78.6019999999999,1.2,2022-04-04,30,0.3,20,0.5,0.5
2022-04-08 14:08:00,long,17827.4,2022-04-08 15:25:00,17793.7,EOD,-34.20000000000073,17723.6,17632.95,17664.233333333337,17705.6,77.57549999999993,1.2,2022-04-08,30,0.3,20,0.5,0.5
2022-04-13 12:10:00,short,17510.95,2022-04-13 14:17:00,17524.674999999996,STOP,-14.224999999994907,17663.65,17585.45,17518.824999999997,17524.174999999996,59.85499999999986,1.2,2022-04-13,18,0.3,20,0.5,0.5
2022-04-18 12:45:00,short,17108.5,2022-04-18 15:25:00,17186.65,EOD,-78.65000000000146,17237.75,17160.7,17501.74166666667,17560.525,51.31879999999993,1.2,2022-04-18,20,0.26,20,0.5,0.5
2022-04-19 15:03:00,short,17056.65,2022-04-19 15:04:00,17034.840500000002,TARGET,21.30949999999939,17275.65,17176.75,17152.8,17175.033333333336,18.59124999999997,1.2,2022-04-19,16,0.1,20,0.5,0.5
2022-04-21 11:01:00,long,17289.8,2022-04-21 11:05:00,17313.184875,TARGET,22.884874999999738,17253.8,17215.5,17082.925000000003,17127.408333333333,19.904062499999988,1.2,2022-04-21,16,0.1,20,0.5,0.5
2022-04-22 11:15:00,long,17292.55,2022-04-22 11:15:00,17314.6,STOP,21.549999999999272,17253.85,17196.05,17315.1,17369.0,20.890416666666717,1.2,2022-04-22,12,0.1,20,0.5,0.5
2022-04-26 15:14:00,long,17212.45,2022-04-26 15:25:00,17209.15,EOD,-3.7999999999992724,17177.25,17110.3,16968.299999999996,16971.5,19.5354166666667,1.2,2022-04-26,12,0.1,20,0.5,0.5
2022-04-27 12:54:00,short,16986.85,2022-04-27 15:25:00,17035.15,EOD,-48.80000000000291,17110.7,17056.65,17144.15,17187.816666666666,31.228363636363593,1.2,2022-04-27,22,0.16,20,0.5,0.5
2022-04-28 12:37:00,long,17196.8,2022-04-28 13:01:00,17225.043685714285,TARGET,27.743685714285675,17158.55,17097.15,17034.575,17034.625000000004,23.95307142857141,1.2,2022-04-28,28,0.12,20,0.5,0.5
2022-04-29 14:24:00,short,17224.35,2022-04-29 14:24:00,17217.625,STOP,6.224999999998545,17349.3,17300.9,17196.775,17217.125,24.38764285714283,1.2,2022-04-29,28,0.12,20,0.5,0.5
2022-05-02 14:54:00,long,17070.25,2022-05-02 14:54:00,17124.516666666666,STOP,53.766666666666424,17014.35,16917.25,17125.016666666666,17215.45,24.10699999999999,1.2,2022-05-02,24,0.12,20,0.5,0.5
2022-05-04 10:22:00,short,17003.5,2022-05-04 10:30:00,16975.3317,TARGET,27.66830000000118,17132.85,17050.65,17004.75,17045.716666666667,23.890249999999977,1.2,2022-05-04,24,0.12,20,0.5,0.5
2022-05-05 10:14:00,long,16921.2,2022-05-05 13:43:00,16778.35,STOP,-143.35000000000218,16863.25,16778.85,16747.4,16878.4,25.27874999999998,1.2,2022-05-05,24,0.12,20,0.5,0.5
2022-05-09 12:12:00,long,16322.2,2022-05-09 12:12:00,16412.05,STOP,89.34999999999854,16270.2,16142.1,16412.55,16423.983333333334,26.26350000000001,1.2,2022-05-09,24,0.12,20,0.5,0.5
2022-05-10 12:17:00,long,16378.1,2022-05-10 15:01:00,16272.400000000001,STOP,-106.19999999999891,16352.5,16243.5,16272.900000000001,16296.333333333336,22.46625000000002,1.2,2022-05-10,20,0.1,20,0.5,0.5
2022-05-11 09:48:00,short,16212.1,2022-05-11 09:54:00,16187.0394,TARGET,24.560600000000704,16318.75,16259.4,16251.100000000002,16311.5,21.300499999999996,1.2,2022-05-11,30,0.1,20,0.5,0.5
2022-05-12 11:06:00,short,15856.1,2022-05-12 11:15:00,15830.6082,TARGET,24.991799999999785,16041.95,15882.6,16155.675,16175.558333333334,21.65983333333332,1.2,2022-05-12,30,0.1,20,0.5,0.5
2022-05-13 13:21:00,long,16067.65,2022-05-13 14:16:00,15922.55,STOP,-145.60000000000036,16032.3,15923.05,15847.583333333334,15888.85,28.665600000000023,1.2,2022-05-13,20,0.12,20,0.5,0.5
2022-05-17 10:41:00,long,16059.2,2022-05-17 11:39:00,16136.13456,TARGET,76.43455999999969,15977.5,15900.8,15858.8,15859.233333333337,64.52880000000003,1.2,2022-05-17,30,0.28,20,0.5,0.5
2022-05-19 13:10:00,short,15817.85,2022-05-19 15:25:00,15840.1,EOD,-22.75,15984.75,15904.65,16262.466666666664,16305.5,65.97861111111109,1.2,2022-05-19,18,0.26,20,0.5,0.5
2022-05-20 13:26:00,long,16209.95,2022-05-20 15:25:00,16266.65,EOD,56.19999999999891,16140.25,16003.85,15853.058333333336,15879.975,66.6062222222222,1.2,2022-05-20,18,0.26,20,0.5,0.5
2022-05-25 11:49:00,short,16078.6,2022-05-25 15:25:00,16032.35,EOD,45.75,16223.35,16174.25,16142.733333333334,16170.7,69.49150000000004,1.2,2022-05-25,18,0.26,20,0.5,0.5
2022-05-26 10:36:00,short,15934.65,2022-05-26 13:15:00,16115.650000000001,STOP,-181.50000000000182,16129.9,16059.1,16059.616666666665,16115.150000000001,68.98522222222223,1.2,2022-05-26,18,0.26,20,0.5,0.5
2022-05-30 11:13:00,long,16683.9,2022-05-30 15:25:00,16664.4,EOD,-20.0,16612.2,16506.15,16296.275000000001,16337.791666666668,45.214071428571394,1.2,2022-05-30,14,0.18,20,0.5,0.5
2022-05-31 11:03:00,long,16657.2,2022-05-31 15:07:00,16600.325,STOP,-57.375,16599.45,16521.9,16600.825,16643.541666666668,45.25585714285711,1.2,2022-05-31,14,0.18,20,0.5,0.5
2022-06-01 13:46:00,short,16491.3,2022-06-01 14:45:00,16439.919885714284,TARGET,50.880114285715536,16649.2,16561.95,16560.44166666667,16606.325,43.233428571428526,1.2,2022-06-01,14,0.18,20,0.5,0.5
2022-06-02 12:41:00,long,16576.7,2022-06-02 14:04:00,16626.601285714285,TARGET,49.40128571428431,16529.05,16443.05,16543.608333333337,16544.025,42.0010714285714,1.2,2022-06-02,14,0.18,20,0.5,0.5
2022-06-03 13:03:00,short,16711.3,2022-06-03 13:03:00,16603.641666666663,STOP,107.15833333333649,16793.85,16753.1,16544.725,16603.141666666663,40.20878571428572,1.2,2022-06-03,14,0.18,20,0.5,0.5
2022-06-07 11:30:00,short,16359.3,2022-06-07 15:25:00,16412.85,EOD,-54.04999999999927,16487.25,16408.5,16527.75,16555.11666666667,37.33199999999996,1.2,2022-06-07,14,0.18,20,0.5,0.5
2022-06-08 10:07:00,short,16325.3,2022-06-08 10:35:00,16417.675,STOP,-92.875,16485.7,16378.2,16413.958333333332,16417.175,36.7090714285714,1.2,2022-06-08,14,0.18,20,0.5,0.5
2022-06-09 10:41:00,long,16372.75,2022-06-09 10:46:00,16366.408333333336,STOP,-6.841666666663514,16324.4,16243.85,16366.908333333336,16403.825,36.85564285714282,1.2,2022-06-09,14,0.18,20,0.5,0.5
2022-06-10 13:26:00,short,16215.25,2022-06-10 15:25:00,16188.8,EOD,25.950000000000728,16324.7,16257.8,16368.325,16446.008333333335,36.48664285714281,1.2,2022-06-10,14,0.18,20,0.5,0.5
2022-06-13 13:52:00,short,15711.25,2022-06-13 15:25:00,15794.75,EOD,-84.0,15886.15,15773.95,16208.416666666668,16248.650000000001,35.67599999999994,1.2,2022-06-13,14,0.18,20,0.5,0.5
2022-06-14 10:40:00,long,15793.25,2022-06-14 11:01:00,15820.8614,TARGET,27.111399999999776,15767.45,15659.45,15785.075,15791.191666666666,23.42616666666666,1.2,2022-06-14,30,0.1,20,0.5,0.5
2022-06-16 10:05:00,short,15776.35,2022-06-16 10:05:00,15732.15,STOP,43.70000000000073,15863.15,15802.25,15700.916666666666,15731.65,22.154999999999994,1.2,2022-06-16,30,0.1,20,0.5,0.5
2022-06-20 09:47:00,short,15214.8,2022-06-20 10:03:00,15319.6,STOP,-105.30000000000109,15363.1,15247.3,15291.9,15319.1,23.181333333333313,1.2,2022-06-20,30,0.1,20,0.5,0.5
2022-06-21 09:56:00,long,15542.1,2022-06-21 10:09:00,15567.39442857143,TARGET,24.794428571429307,15489.5,15419.85,15286.8,15336.7,21.495357142857134,1.2,2022-06-21,14,0.1,20,0.5,0.5
2022-06-22 12:43:00,short,15433.75,2022-06-22 13:22:00,15407.795142857143,TARGET,25.45485714285678,15565.4,15459.9,15563.55,15609.516666666666,22.045714285714258,1.2,2022-06-22,14,0.1,20,0.5,0.5
2022-06-23 09:53:00,long,15565.3,2022-06-23 10:14:00,15591.05,TARGET,25.25,15526.25,15411.55,15428.125,15475.675,21.87499999999995,1.2,2022-06-23,14,0.1,20,0.5,0.5
2022-06-27 15:08:00,short,15829.75,2022-06-27 15:08:00,15696.383333333333,STOP,132.8666666666668,15927.45,15862.6,15684.35,15695.883333333333,21.86357142857139,1.2,2022-06-27,14,0.1,20,0.5,0.5
2022-06-28 12:47:00,long,15826.7,2022-06-28 12:47:00,15845.424999999997,STOP,18.224999999996726,15792.35,15718.7,15845.924999999997,15871.475,21.662142857142825,1.2,2022-06-28,14,0.1,20,0.5,0.5
2022-06-29 10:23:00,long,15784.65,2022-06-29 10:23:00,15786.175,STOP,1.0249999999996362,15728.1,15687.8,15786.675,15830.258333333331,28.919722222222184,1.2,2022-06-29,18,0.14,20,0.5,0.5
2022-07-01 10:01:00,short,15611.35,2022-07-01 10:05:00,15587.049428571429,TARGET,23.800571428571857,15719.95,15650.0,15771.724999999999,15812.075,20.667142857142856,1.2,2022-07-01,14,0.1,20,0.5,0.5
2022-07-04 15:10:00,long,15843.05,2022-07-04 15:25:00,15835.0,EOD,-8.549999999999272,15797.45,15695.05,15649.575,15740.591666666667,21.202142857142867,1.2,2022-07-04,14,0.1,20,0.5,0.5
2022-07-05 09:56:00,long,15971.2,2022-07-05 10:43:00,15996.074,TARGET,24.373999999999796,15935.05,15891.55,15757.075,15809.358333333334,21.145000000000024,1.2,2022-07-05,14,0.1,20,0.5,0.5
2022-07-06 12:57:00,long,15964.45,2022-07-06 13:14:00,15998.981733333334,TARGET,34.03173333333325,15905.0,15816.25,15839.066666666668,15905.6,29.193111111111126,1.2,2022-07-06,18,0.14,20,0.5,0.5
2022-07-11 13:51:00,long,16196.1,2022-07-11 13:51:00,16216.2,STOP,19.600000000000364,16166.75,16117.85,16216.7,16221.833333333336,22.22100000000002,1.2,2022-07-11,14,0.12,20,0.5,0.5
2022-07-12 15:19:00,short,16040.85,2022-07-12 15:25:00,16043.45,EOD,-3.100000000000364,16150.5,16103.35,16182.025,16192.075000000003,28.481833333333345,1.2,2022-07-12,18,0.14,20,0.5,0.5
2022-07-13 10:43:00,short,16069.45,2022-07-13 11:25:00,16097.1,STOP,-28.149999999999636,16139.6,16102.2,16060.833333333334,16096.6,23.242333333333367,1.2,2022-07-13,12,0.14,20,0.5,0.5
2022-07-14 12:01:00,short,15952.95,2022-07-14 13:23:00,15924.4686,TARGET,27.981400000000576,16047.65,15993.7,16001.125,16045.075,24.151166666666697,1.2,2022-07-14,12,0.14,20,0.5,0.5
2022-07-15 11:12:00,short,15946.75,2022-07-15 11:31:00,15965.025000000001,STOP,-18.775000000001455,16041.25,15982.85,15955.541666666668,15964.525000000001,24.84650000000001,1.2,2022-07-15,12,0.14,20,0.5,0.5
2022-07-18 14:04:00,long,16229.4,2022-07-18 14:53:00,16258.2377,TARGET,28.33770000000004,16199.7,16142.2,15997.125,16038.341666666664,24.448083333333347,1.2,2022-07-18,12,0.14,20,0.5,0.5
2022-07-19 10:46:00,long,16297.65,2022-07-19 11:12:00,16324.7068,TARGET,26.556800000000294,16267.3,16194.75,16215.075,16261.591666666667,22.96399999999999,1.2,2022-07-19,30,0.12,20,0.5,0.5
2022-07-21 10:16:00,long,16570.5,2022-07-21 13:54:00,16518.25833333333,STOP,-52.74166666666861,16538.3,16483.9,16518.75833333333,16544.775,21.805583333333328,1.2,2022-07-21,12,0.14,20,0.5,0.5
2022-07-22 10:46:00,short,16623.95,2022-07-22 10:46:00,16599.866666666672,STOP,23.583333333328483,16704.8,16653.45,16554.2,16599.366666666672,18.409166666666668,1.2,2022-07-22,30,0.1,20,0.5,0.5
2022-07-25 10:09:00,short,16602.2,2022-07-25 11:07:00,16580.652000000002,TARGET,21.047999999998865,16706.05,16633.8,16681.575,16699.891666666666,18.373333333333328,1.2,2022-07-25,30,0.1,20,0.5,0.5
2022-07-26 10:15:00,short,16516.9,2022-07-26 14:41:00,16495.5934,TARGET,20.80659999999989,16636.1,16536.65,16615.216666666667,16635.15,18.172166666666662,1.2,2022-07-26,30,0.1,20,0.5,0.5
2022-07-27 10:46:00,long,16545.7,2022-07-27 11:44:00,16566.8792,TARGET,20.679199999998673,16512.1,16438.75,16501.85,16552.75,18.065999999999985,1.2,2022-07-27,30,0.1,20,0.5,0.5
2022-07-28 10:14:00,long,16821.0,2022-07-28 10:23:00,16842.9226,TARGET,21.422600000001694,16791.75,16751.05,16546.1,16610.066666666666,18.685499999999955,1.2,2022-07-28,12,0.12,20,0.5,0.5
2022-07-29 10:41:00,short,17034.05,2022-07-29 10:41:00,16904.45,STOP,129.09999999999854,17118.75,17059.8,16846.95,16903.95,19.456499999999977,1.2,2022-07-29,12,0.12,20,0.5,0.5
2022-08-01 10:16:00,long,17274.05,2022-08-01 12:59:00,17296.4754,TARGET,21.92540000000008,17244.8,17154.8,17095.475,17140.425000000003,19.104499999999952,1.2,2022-08-01,12,0.12,20,0.5,0.5
2022-08-02 10:04:00,short,17242.3,2022-08-02 10:12:00,17220.009,TARGET,21.791000000001077,17331.35,17268.2,17255.525,17306.108333333337,18.992499999999964,1.2,2022-08-02,12,0.12,20,0.5,0.5
2022-08-03 10:28:00,short,17268.9,2022-08-03 11:07:00,17246.1932,TARGET,22.20679999999993,17385.0,17311.8,17300.566666666666,17303.0,19.338999999999977,1.2,2022-08-03,12,0.12,20,0.5,0.5
2022-08-04 10:33:00,short,17420.45,2022-08-04 10:33:00,17368.983333333334,STOP,50.96666666666715,17490.7,17446.95,17314.55,17368.483333333334,19.65549999999999,1.2,2022-08-04,12,0.12,20,0.5,0.5
2022-08-08 10:44:00,long,17461.1,2022-08-08 12:11:00,17486.6334,TARGET,25.033400000000256,17428.65,17359.75,17402.55833333333,17411.575,21.694500000000005,1.2,2022-08-08,12,0.12,20,0.5,0.5
2022-08-11 14:19:00,short,17643.8,2022-08-11 14:19:00,17523.275,STOP,120.02499999999782,17719.3,17670.3,17502.125,17522.775,21.952000000000044,1.2,2022-08-11,12,0.12,20,0.5,0.5
2022-08-12 11:30:00,long,17695.25,2022-08-12 13:49:00,17720.439,TARGET,24.688999999998487,17661.15,17597.85,17660.208333333336,17675.625,21.407500000000034,1.2,2022-08-12,12,0.12,20,0.5,0.5
2022-08-16 11:07:00,long,17834.8,2022-08-16 15:25:00,17831.45,EOD,-3.849999999998545,17808.45,17764.05,17661.25,17688.950000000004,21.008500000000094,1.2,2022-08-16,12,0.12,20,0.5,0.5
2022-08-17 10:12:00,long,17913.05,2022-08-17 11:29:00,17936.0844,TARGET,22.53440000000046,17883.15,17833.35,17801.574999999997,17821.824999999997,19.612000000000076,1.2,2022-08-17,12,0.12,20,0.5,0.5
2022-08-18 10:09:00,long,17952.8,2022-08-18 10:29:00,17899.15,STOP,-54.14999999999782,17924.85,17863.45,17899.65,17921.016666666663,18.92400000000009,1.2,2022-08-18,12,0.12,20,0.5,0.5
2022-08-19 11:03:00,short,17911.75,2022-08-19 11:07:00,17890.0002,TARGET,21.249800000001414,17992.2,17950.8,17910.25,17947.450000000004,18.541500000000124,1.2,2022-08-19,12,0.12,20,0.5,0.5
2022-08-22 10:15:00,short,17581.7,2022-08-22 10:43:00,17558.9902,TARGET,22.20980000000054,17690.05,17607.4,17772.191666666666,17851.475,19.341500000000124,1.2,2022-08-22,12,0.12,20,0.5,0.5
2022-08-23 09:57:00,long,17569.35,2022-08-23 10:14:00,17519.699999999997,STOP,-50.150000000001455,17521.15,17345.2,17520.199999999997,17578.699999999997,20.214000000000116,1.2,2022-08-23,14,0.12,20,0.5,0.5
2022-08-25 14:59:00,short,17569.55,2022-08-25 15:01:00,17545.571542857142,TARGET,23.478457142857224,17707.55,17659.25,17561.45,17593.716666666664,20.398714285714366,1.2,2022-08-25,14,0.12,20,0.5,0.5
2022-08-26 13:13:00,short,17577.4,2022-08-26 14:02:00,17607.475,STOP,-30.57499999999709,17685.85,17613.75,17544.25833333333,17606.975,20.92714285714292,1.2,2022-08-26,14,0.12,20,0.5,0.5
2022-08-29 10:01:00,long,17312.75,2022-08-29 10:01:00,17582.5,STOP,269.25,17272.8,17166.2,17583.0,17602.6,19.530428571428626,1.2,2022-08-29,14,0.12,20,0.5,0.5
2022-08-30 10:47:00,long,17521.8,2022-08-30 11:16:00,17545.64474285714,TARGET,23.344742857141682,17472.95,17401.5,17273.175000000003,17305.85833333333,20.287285714285765,1.2,2022-08-30,14,0.12,20,0.5,0.5
2022-09-01 09:49:00,long,17613.95,2022-09-01 09:51:00,17589.075,STOP,-25.375,17581.8,17485.55,17589.575,17711.358333333334,26.253888888888977,1.2,2022-09-01,18,0.14,20,0.5,0.5
2022-09-02 10:04:00,short,17491.35,2022-09-02 12:57:00,17582.525,STOP,-91.67500000000291,17643.85,17540.6,17562.275,17582.025,26.640833333333394,1.2,2022-09-02,18,0.14,20,0.5,0.5
2022-09-05 12:24:00,long,17672.5,2022-09-05 15:25:00,17660.3,EOD,-12.700000000000728,17632.55,17540.35,17542.816666666666,17560.15,26.39035000000005,1.2,2022-09-05,20,0.14,20,0.5,0.5
2022-09-06 10:16:00,short,17638.6,2022-09-06 10:26:00,17607.72222,TARGET,30.377779999998893,17764.65,17691.5,17611.75,17644.450000000004,26.148150000000058,1.2,2022-09-06,20,0.14,20,0.5,0.5
2022-09-07 12:25:00,long,17623.85,2022-09-07 12:25:00,17656.183333333334,STOP,31.83333333333576,17593.8,17484.3,17656.683333333334,17676.15,25.081000000000056,1.2,2022-09-07,20,0.14,20,0.5,0.5
2022-09-09 12:15:00,short,17829.85,2022-09-09 12:15:00,17783.1,STOP,46.25,17925.95,17871.2,17749.800000000003,17782.6,24.85315000000006,1.2,2022-09-09,20,0.14,20,0.5,0.5
2022-09-12 11:36:00,long,17954.4,2022-09-12 15:25:00,17924.05,EOD,-30.850000000002183,17925.75,17889.15,17828.25833333333,17855.975,27.521000000000026,1.2,2022-09-12,14,0.14,20,0.5,0.5
2022-09-14 12:06:00,long,17995.85,2022-09-14 12:06:00,18051.375,STOP,55.025000000001455,17932.6,17778.55,18051.875,18059.791666666664,51.03612499999998,1.2,2022-09-14,16,0.28,20,0.5,0.5
2022-09-15 10:02:00,short,17972.95,2022-09-15 10:02:00,17968.55,STOP,3.900000000001455,18096.15,18042.9,17935.05,17968.05,35.10799999999999,1.2,2022-09-15,18,0.18,20,0.5,0.5
2022-09-16 12:16:00,short,17660.95,2022-09-16 13:15:00,17596.788666666667,TARGET,63.66133333333346,17820.05,17716.1,17903.474999999995,17978.825,53.884444444444455,1.2,2022-09-16,18,0.28,20,0.5,0.5
2022-09-19 10:08:00,long,17636.55,2022-09-19 15:25:00,17634.0,EOD,-3.0499999999992724,17575.75,17429.7,17575.683333333334,17658.65,55.44155555555554,1.2,2022-09-19,18,0.28,20,0.5,0.5
2022-09-20 12:34:00,long,17908.75,2022-09-20 15:25:00,17804.55,EOD,-104.70000000000073,17831.75,17744.4,17548.45,17605.81666666667,54.8908888888889,1.2,2022-09-20,18,0.28,20,0.5,0.5
2022-09-21 11:59:00,short,17697.9,2022-09-21 12:10:00,17671.08707692308,TARGET,26.312923076922743,17838.7,17761.2,17813.983333333337,17831.85,22.76076923076925,1.2,2022-09-21,26,0.12,20,0.5,0.5
2022-09-23 09:50:00,short,17442.1,2022-09-23 11:17:00,17414.38126153846,TARGET,27.218738461539033,17642.15,17499.4,17627.6,17628.733333333337,23.515615384615398,1.2,2022-09-23,26,0.12,20,0.5,0.5
2022-09-26 10:07:00,short,17032.95,2022-09-26 10:39:00,17004.02443076923,TARGET,28.425569230770634,17196.4,17072.95,17369.066666666666,17466.9,24.521307692307694,1.2,2022-09-26,26,0.12,20,0.5,0.5
2022-09-27 10:28:00,short,17013.65,2022-09-27 10:55:00,16984.16116923077,TARGET,28.988830769230844,17176.45,17060.4,17043.483333333337,17087.35,24.990692307692314,1.2,2022-09-27,26,0.12,20,0.5,0.5
2022-09-28 09:59:00,long,16922.25,2022-09-28 09:59:00,17035.833333333336,STOP,113.08333333333576,16895.1,16825.4,17036.333333333336,17059.4,24.772153846153856,1.2,2022-09-28,26,0.12,20,0.5,0.5
2022-09-29 11:51:00,short,16890.1,2022-09-29 12:37:00,16860.93156923077,TARGET,28.668430769230326,17026.05,16955.5,16867.666666666664,16931.5,24.723692307692303,1.2,2022-09-29,26,0.12,20,0.5,0.5
2022-09-30 10:23:00,long,16864.55,2022-09-30 10:32:00,16893.522092307692,TARGET,28.472092307692947,16836.15,16747.7,16848.041666666664,16907.324999999997,24.560076923076934,1.2,2022-09-30,26,0.12,20,0.5,0.5
2022-10-03 10:09:00,short,16965.7,2022-10-03 14:01:00,16929.876,TARGET,35.324000000000524,17114.65,17011.05,16967.4,17066.733333333337,30.27,1.2,2022-10-03,12,0.12,20,0.5,0.5
2022-10-04 15:20:00,long,17275.2,2022-10-04 15:25:00,17278.1,EOD,2.399999999997817,17235.95,17117.3,16916.1,16985.1,30.514500000000005,1.2,2022-10-04,12,0.12,20,0.5,0.5
2022-10-10 12:00:00,long,17192.85,2022-10-10 12:00:00,17276.65,STOP,83.30000000000291,17149.65,17064.7,17277.15,17305.483333333337,24.443769230769217,1.2,2022-10-10,26,0.12,20,0.5,0.5
2022-10-11 10:35:00,short,17133.7,2022-10-11 12:43:00,17104.93227692308,TARGET,28.267723076922266,17261.8,17172.95,17172.425000000003,17220.408333333333,24.389769230769232,1.2,2022-10-11,26,0.12,20,0.5,0.5
2022-10-12 12:20:00,long,17091.45,2022-10-12 14:43:00,17122.51970909091,TARGET,30.569709090908873,17064.1,16976.75,17007.958333333336,17107.775,26.308090909090897,1.2,2022-10-12,22,0.12,20,0.5,0.5
2022-10-13 10:18:00,short,17034.2,2022-10-13 10:32:00,17002.85309090909,TARGET,30.84690909090932,17112.35,17069.35,17051.199999999997,17101.0,26.539090909090888,1.2,2022-10-13,22,0.12,20,0.5,0.5
2022-10-14 14:25:00,short,17240.05,2022-10-14 14:25:00,17035.15,STOP,204.39999999999782,17331.65,17277.25,17026.949999999997,17034.65,26.574666666666648,1.2,2022-10-14,18,0.12,20,0.5,0.5
2022-10-17 10:25:00,long,17243.55,2022-10-17 10:40:00,17274.469999999998,TARGET,30.419999999998254,17201.0,17098.55,17216.483333333337,17259.15,26.183333333333305,1.2,2022-10-17,18,0.12,20,0.5,0.5
2022-10-19 14:58:00,short,17496.0,2022-10-19 14:58:00,17486.508333333328,STOP,8.991666666672245,17585.4,17535.75,17480.925,17486.008333333328,26.244818181818157,1.2,2022-10-19,22,0.12,20,0.5,0.5
2022-10-20 10:52:00,long,17498.05,2022-10-20 10:52:00,17532.175000000003,STOP,33.62500000000364,17469.85,17422.05,17532.675000000003,17540.225,25.219090909090887,1.2,2022-10-20,22,0.12,20,0.5,0.5
2022-10-21 14:14:00,short,17571.75,2022-10-21 14:14:00,17549.658333333336,STOP,21.591666666663514,17657.65,17603.7,17502.575,17549.158333333336,24.81354545454544,1.2,2022-10-21,22,0.12,20,0.5,0.5
2022-10-25 11:38:00,short,17681.85,2022-10-25 11:38:00,17596.016666666666,STOP,85.33333333333212,17811.5,17708.75,17595.45,17595.516666666666,24.67445454545455,1.2,2022-10-25,22,0.12,20,0.5,0.5
2022-10-27 11:44:00,short,17715.1,2022-10-27 12:01:00,17726.05,STOP,-11.450000000000728,17783.9,17745.95,17669.516666666666,17725.55,24.657000000000004,1.2,2022-10-27,22,0.12,20,0.5,0.5
2022-10-31 12:30:00,long,17989.5,2022-10-31 15:11:00,18015.5792,TARGET,25.579200000000128,17961.85,17899.9,17781.300000000003,17790.4,22.14933333333334,1.2,2022-10-31,18,0.12,20,0.5,0.5
2022-11-01 10:17:00,long,18159.65,2022-11-01 13:04:00,18084.4,STOP,-75.75,18122.65,18084.9,17961.15,17999.483333333337,22.5199090909091,1.2,2022-11-01,22,0.12,20,0.5,0.5
2022-11-02 12:37:00,short,18085.05,2022-11-02 12:51:00,18067.951,TARGET,16.59899999999834,18178.75,18101.85,18117.975,18137.858333333337,14.665833333333346,1.2,2022-11-02,12,0.1,20,0.5,0.5
2022-11-03 10:25:00,long,18099.2,2022-11-03 10:32:00,18089.899999999998,STOP,-9.80000000000291,18070.95,17959.2,18090.399999999998,18113.7,14.45500000000002,1.2,2022-11-03,12,0.1,20,0.5,0.5
2022-11-04 10:36:00,short,18024.3,2022-11-04 11:24:00,18047.416666666664,STOP,-23.61666666666497,18108.0,18046.85,18032.75,18046.916666666664,14.190833333333345,1.2,2022-11-04,12,0.1,20,0.5,0.5
2022-11-07 09:53:00,short,18161.5,2022-11-07 09:53:00,18110.24166666667,STOP,50.75833333333139,18255.5,18179.05,18073.225,18109.74166666667,13.208749999999995,1.2,2022-11-07,12,0.1,20,0.5,0.5
2022-11-09 10:25:00,short,18205.25,2022-11-09 10:25:00,18198.375,STOP,6.375,18296.4,18228.8,18160.125,18197.875,14.017083333333327,1.2,2022-11-09,12,0.1,20,0.5,0.5
2022-11-10 12:25:00,short,18003.0,2022-11-10 12:50:00,17986.238,TARGET,16.261999999998807,18103.1,18027.5,18160.583333333332,18206.95,14.385000000000005,1.2,2022-11-10,12,0.1,20,0.5,0.5
2022-11-11 14:23:00,long,18349.4,2022-11-11 15:25:00,18351.35,EOD,1.4499999999970896,18332.2,18259.35,18036.25,18036.916666666664,14.139583333333304,1.2,2022-11-11,12,0.1,20,0.5,0.5
2022-11-15 09:55:00,short,18291.95,2022-11-15 14:59:00,18355.925000000003,STOP,-64.47500000000218,18378.15,18326.5,18332.74166666667,18355.425000000003,13.045416666666611,1.2,2022-11-15,12,0.1,20,0.5,0.5
2022-11-18 10:02:00,short,18288.45,2022-11-18 10:37:00,18273.501,TARGET,14.449000000000524,18394.6,18316.95,18341.591666666667,18365.275,12.87416666666659,1.2,2022-11-18,12,0.1,20,0.5,0.5
2022-11-21 13:21:00,short,18138.85,2022-11-21 15:25:00,18162.15,EOD,-23.80000000000291,18262.3,18163.6,18302.199999999997,18305.1,13.450416666666602,1.2,2022-11-21,12,0.1,20,0.5,0.5
2022-11-22 10:25:00,long,18207.7,2022-11-22 12:17:00,18223.329,TARGET,15.129000000000815,18191.9,18137.7,18173.708333333336,18197.824999999997,13.440833333333286,1.2,2022-11-22,12,0.1,20,0.5,0.5
2022-11-23 10:02:00,short,18270.55,2022-11-23 10:02:00,18234.308333333334,STOP,35.74166666666497,18325.4,18288.65,18196.125,18233.808333333334,13.188749999999951,1.2,2022-11-23,12,0.1,20,0.5,0.5
2022-11-24 09:52:00,long,18344.0,2022-11-24 10:24:00,18358.999,TARGET,14.498999999999796,18327.0,18294.25,18264.466666666664,18285.7,12.915833333333318,1.2,2022-11-24,12,0.1,20,0.5,0.5
2022-11-28 11:55:00,long,18580.1,2022-11-28 15:25:00,18549.25,EOD,-31.349999999998545,18537.7,18365.6,18490.0,18503.333333333336,39.92538461538462,1.2,2022-11-28,26,0.3,20,0.5,0.5
2022-11-29 12:36:00,long,18668.15,2022-11-29 15:25:00,18606.35,EOD,-62.30000000000291,18631.65,18552.15,18489.925,18529.80833333333,31.335699999999996,1.2,2022-11-29,30,0.22,20,0.5,0.5
2022-11-30 15:09:00,long,18743.75,2022-11-30 15:13:00,18760.123125,TARGET,15.873124999998254,18679.55,18616.7,18609.60833333333,18615.125,14.060937500000001,1.2,2022-11-30,16,0.1,20,0.5,0.5
2022-12-02 11:38:00,short,18666.55,2022-12-02 15:25:00,18706.75,EOD,-40.70000000000073,18781.95,18720.4,18814.833333333336,18832.9,38.53826666666666,1.2,2022-12-02,30,0.28,20,0.5,0.5
2022-12-05 09:59:00,short,18601.9,2022-12-05 12:27:00,18711.075,STOP,-109.67499999999927,18728.6,18647.0,18707.69166666667,18710.575,17.515499999999992,1.2,2022-12-05,12,0.12,20,0.5,0.5
2022-12-07 15:20:00,short,18531.3,2022-12-07 15:25:00,18543.3,EOD,-12.5,18655.3,18608.45,18616.4,18627.9,40.94449999999997,1.2,2022-12-07,30,0.3,20,0.5,0.5
2022-12-08 10:03:00,long,18621.05,2022-12-08 12:46:00,18560.816666666666,STOP,-60.733333333333576,18582.3,18536.95,18561.316666666666,18598.35,16.339799999999975,1.2,2022-12-08,30,0.12,20,0.5,0.5
2022-12-09 10:32:00,short,18569.55,2022-12-09 11:21:00,18538.0412,TARGET,31.00879999999961,18664.7,18617.3,18580.975,18601.99166666667,26.673999999999946,1.2,2022-12-09,30,0.2,20,0.5,0.5
2022-12-12 09:51:00,long,18460.3,2022-12-12 09:51:00,18503.6,STOP,42.79999999999927,18420.25,18345.7,18504.1,18537.4,27.508666666666613,1.2,2022-12-12,30,0.2,20,0.5,0.5
2022-12-13 11:28:00,long,18574.0,2022-12-13 13:10:00,18606.9956,TARGET,32.495599999998376,18540.85,18511.6,18433.625,18477.674999999996,27.912999999999933,1.2,2022-12-13,30,0.2,20,0.5,0.5
2022-12-15 12:29:00,short,18540.75,2022-12-15 13:51:00,18507.062,TARGET,33.18799999999828,18652.9,18579.3,18651.200000000004,18664.5,28.489999999999966,1.2,2022-12-15,16,0.2,20,0.5,0.5
2022-12-16 15:13:00,short,18261.0,2022-12-16 15:25:00,18260.0,EOD,0.5,18439.3,18299.55,18438.433333333334,18520.300000000003,30.812499999999957,1.2,2022-12-16,16,0.2,20,0.5,0.5
2022-12-19 10:25:00,long,18341.9,2022-12-19 12:15:00,18377.6235,TARGET,35.22350000000006,18306.85,18244.55,18289.091666666667,18348.275,30.186249999999973,1.2,2022-12-19,16,0.2,20,0.5,0.5
2022-12-20 11:09:00,short,18217.4,2022-12-20 15:00:00,18355.7,STOP,-138.79999999999927,18355.2,18256.95,18338.025,18397.50833333333,31.40062499999995,1.2,2022-12-20,16,0.2,20,0.5,0.5
2022-12-21 10:04:00,short,18372.8,2022-12-21 10:04:00,18361.691666666666,STOP,10.608333333333576,18473.35,18428.25,18303.775,18361.191666666666,45.882954545454545,1.2,2022-12-21,22,0.3,20,0.5,0.5
2022-12-22 10:39:00,short,18124.2,2022-12-22 15:25:00,18120.4,EOD,3.2999999999992724,18318.75,18184.7,18231.31666666667,18318.05,48.35999999999997,1.2,2022-12-22,22,0.3,20,0.5,0.5
2022-12-23 11:37:00,short,17916.05,2022-12-23 11:51:00,17860.7878,TARGET,54.76220000000103,18050.45,17965.65,18144.491666666665,18193.675,46.468499999999985,1.2,2022-12-23,30,0.3,20,0.5,0.5
2022-12-26 11:31:00,long,17977.5,2022-12-26 14:30:00,18034.7902,TARGET,56.79019999999946,17914.75,17774.25,17848.425000000003,17914.975,48.15849999999998,1.2,2022-12-26,30,0.3,20,0.5,0.5
2022-12-29 14:48:00,long,18132.7,2022-12-29 15:10:00,18193.1876,TARGET,59.987600000000384,18061.0,18011.8,18116.108333333337,18120.725,50.82299999999996,1.2,2022-12-29,30,0.3,20,0.5,0.5
2022-12-30 15:08:00,short,18106.6,2022-12-30 15:25:00,18111.05,EOD,-4.950000000000728,18264.7,18210.75,18101.175,18168.158333333336,51.943999999999974,1.2,2022-12-30,30,0.3,20,0.5,0.5
2023-01-04 10:03:00,short,18117.85,2023-01-04 12:04:00,18056.208599999998,TARGET,61.14140000000043,18243.0,18200.1,18200.875,18224.725,51.78450000000001,1.2,2023-01-04,30,0.3,20,0.5,0.5
2023-01-05 12:29:00,short,17956.55,2023-01-05 13:28:00,17893.1926,TARGET,62.85740000000078,18120.3,18031.15,18066.400000000005,18131.8,53.21450000000001,1.2,2023-01-05,30,0.3,20,0.5,0.5
2023-01-06 12:33:00,short,17905.15,2023-01-06 12:59:00,17841.8856,TARGET,62.76440000000002,18027.25,17970.2,17996.549999999996,18006.449999999997,53.13700000000001,1.2,2023-01-06,30,0.3,20,0.5,0.5
2023-01-09 11:15:00,long,18104.5,2023-01-09 15:25:00,18096.15,EOD,-8.849999999998545,18031.85,17936.15,17878.425000000003,17921.475,54.7575,1.2,2023-01-09,30,0.3,20,0.5,0.5
2023-01-10 11:35:00,short,17933.35,2023-01-10 13:41:00,17868.661799999998,TARGET,64.1882000000005,18127.6,18006.25,18038.775,18077.358333333337,54.32349999999999,1.2,2023-01-10,30,0.3,20,0.5,0.5
2023-01-12 10:33:00,short,17820.1,2023-01-12 15:25:00,17866.55,EOD,-46.95000000000073,17941.4,17895.6,17893.65,17900.35,62.991666666666724,1.2,2023-01-12,18,0.3,20,0.5,0.5
2023-01-13 13:05:00,long,17938.0,2023-01-13 15:25:00,17961.25,EOD,22.75,17872.6,17788.45,17853.725,17861.941666666666,56.19849999999999,1.2,2023-01-13,30,0.3,20,0.5,0.5
2023-01-16 12:23:00,short,17898.85,2023-01-16 13:31:00,17937.266666666666,STOP,-38.91666666666788,18049.65,17966.6,17886.8,17936.766666666666,57.02199999999997,1.2,2023-01-16,30,0.3,20,0.5,0.5
2023-01-17 15:09:00,long,18052.2,2023-01-17 15:25:00,18054.3,EOD,1.5999999999985448,17977.95,17886.95,17916.61666666667,17951.65,57.60949999999997,1.2,2023-01-17,30,0.3,20,0.5,0.5
2023-01-18 11:15:00,long,18146.65,2023-01-18 15:25:00,18167.5,EOD,20.349999999998545,18090.55,18032.45,17979.5,18029.700000000004,37.98874999999998,1.2,2023-01-18,16,0.2,20,0.5,0.5
2023-01-20 14:40:00,short,18022.85,2023-01-20 15:25:00,18024.1,EOD,-1.75,18118.55,18075.6,18100.558333333334,18109.475,37.44124999999999,1.2,2023-01-20,16,0.2,20,0.5,0.5
2023-01-24 13:38:00,short,18105.7,2023-01-24 14:06:00,18113.525,STOP,-8.325000000000728,18196.5,18156.55,18112.675000000003,18113.025,35.274999999999956,1.2,2023-01-24,16,0.2,20,0.5,0.5
2023-01-25 10:16:00,short,17949.2,2023-01-25 11:22:00,17907.44425,TARGET,41.25575000000026,18100.6,18024.65,18118.649999999998,18139.95,35.21312499999995,1.2,2023-01-25,16,0.2,20,0.5,0.5
2023-01-27 11:44:00,short,17660.6,2023-01-27 12:17:00,17616.55975,TARGET,43.540249999998196,17884.75,17715.55,17926.125,17973.375,37.116874999999894,1.2,2023-01-27,16,0.2,20,0.5,0.5
2023-02-01 12:36:00,long,17940.6,2023-02-01 13:38:00,17737.9,STOP,-203.1999999999971,17815.3,17738.4,17636.625,17659.00833333333,39.5043749999999,1.2,2023-02-01,16,0.2,20,0.5,0.5
2023-02-03 10:46:00,short,17592.15,2023-02-03 10:46:00,17596.175000000003,STOP,-4.525000000001455,17728.45,17651.95,17549.925000000003,17595.675000000003,26.326874999999944,1.2,2023-02-03,16,0.12,20,0.5,0.5
2023-02-07 12:21:00,short,17706.45,2023-02-07 12:50:00,17675.5764,TARGET,30.373599999998987,17811.15,17755.8,17761.025,17764.308333333334,26.144666666666623,1.2,2023-02-07,18,0.12,20,0.5,0.5
2023-02-08 11:44:00,long,17873.85,2023-02-08 15:25:00,17867.35,EOD,-7.0,17829.5,17744.15,17716.58333333333,17731.85,26.188666666666638,1.2,2023-02-08,18,0.12,20,0.5,0.5
2023-02-13 10:05:00,short,17758.4,2023-02-13 12:16:00,17733.957076923078,TARGET,23.942923076923762,17880.7,17806.05,17838.975,17851.291666666664,20.78576923076923,1.2,2023-02-13,26,0.1,20,0.5,0.5
2023-02-14 11:56:00,long,17876.75,2023-02-14 12:10:00,17900.884846153847,TARGET,23.63484615384732,17850.9,17801.8,17777.941666666666,17800.225,20.529038461538462,1.2,2023-02-14,26,0.1,20,0.5,0.5
2023-02-15 10:23:00,long,17933.95,2023-02-15 11:25:00,17957.635538461538,TARGET,23.185538461537362,17905.8,17859.2,17877.3,17909.833333333332,20.154615384615376,1.2,2023-02-15,26,0.1,20,0.5,0.5
2023-02-16 15:22:00,short,18029.3,2023-02-16 15:22:00,17999.99166666666,STOP,28.80833333333794,18133.6,18061.15,17943.574999999997,17999.49166666666,20.05576923076922,1.2,2023-02-16,26,0.1,20,0.5,0.5
2023-02-17 13:46:00,short,17892.5,2023-02-17 15:25:00,17946.15,EOD,-54.150000000001455,17997.9,17927.45,18040.441666666666,18077.025,19.455192307692304,1.2,2023-02-17,26,0.1,20,0.5,0.5
2023-02-20 13:34:00,short,17874.0,2023-02-20 13:56:00,17851.164615384616,TARGET,22.3353846153841,17979.45,17909.95,17950.241666666665,17959.425,19.446153846153848,1.2,2023-02-20,26,0.1,20,0.5,0.5
2023-02-21 12:36:00,short,17820.75,2023-02-21 15:25:00,17839.95,EOD,-19.700000000000728,17905.85,17858.85,17871.625,17911.375,19.45307692307692,1.2,2023-02-21,26,0.1,20,0.5,0.5
2023-02-22 09:53:00,short,17687.4,2023-02-22 10:17:00,17664.739400000002,TARGET,22.16059999999925,17772.5,17729.4,17847.166666666664,17862.6,19.300499999999996,1.2,2023-02-22,30,0.1,20,0.5,0.5
2023-02-24 10:53:00,short,17524.95,2023-02-24 11:01:00,17502.353,TARGET,22.09700000000157,17599.75,17551.15,17523.074999999997,17537.725,19.247499999999988,1.2,2023-02-24,30,0.1,20,0.5,0.5
2023-02-27 10:11:00,short,17318.55,2023-02-27 15:25:00,17406.65,EOD,-88.60000000000218,17451.6,17358.4,17483.525,17510.775,19.22683333333333,1.2,2023-02-27,30,0.1,20,0.5,0.5
2023-02-28 13:20:00,short,17350.0,2023-02-28 13:33:00,17332.046625,TARGET,17.45337500000096,17438.8,17367.4,17375.3,17395.866666666665,15.377812500000028,1.2,2023-02-28,16,0.1,20,0.5,0.5
2023-03-01 11:24:00,long,17427.15,2023-03-01 14:29:00,17445.552625,TARGET,17.902624999998807,17410.3,17345.25,17317.108333333334,17347.825,15.752187500000014,1.2,2023-03-01,16,0.1,20,0.5,0.5
2023-03-02 13:57:00,short,17321.0,2023-03-02 15:25:00,17317.0,EOD,3.5,17445.8,17363.0,17406.5,17438.9,37.0836363636364,1.2,2023-03-02,22,0.2,20,0.5,0.5
2023-03-03 10:46:00,long,17546.55,2023-03-03 13:34:00,17589.913818181816,TARGET,42.863818181816896,17487.1,17427.7,17336.300000000003,17375.9,36.55318181818184,1.2,2023-03-03,22,0.2,20,0.5,0.5
2023-03-08 15:08:00,long,17761.15,2023-03-08 15:25:00,17762.7,EOD,1.0499999999992724,17684.15,17602.25,17724.883333333335,17735.95,32.17409090909092,1.2,2023-03-08,22,0.2,20,0.5,0.5
2023-03-09 12:23:00,short,17673.55,2023-03-09 13:43:00,17626.03956923077,TARGET,47.01043076923088,17772.35,17717.1,17684.375,17736.924999999996,40.008692307692336,1.2,2023-03-09,26,0.22,20,0.5,0.5
2023-03-13 12:09:00,short,17339.85,2023-03-13 12:43:00,17297.325615384612,TARGET,42.024384615386225,17529.9,17386.95,17387.925,17410.341666666664,35.853653846153875,1.2,2023-03-13,26,0.22,20,0.5,0.5
2023-03-14 11:11:00,short,17062.5,2023-03-14 13:17:00,17013.287857142856,TARGET,48.7121428571445,17224.05,17112.4,17233.458333333336,17321.675000000003,41.42678571428574,1.2,2023-03-14,28,0.22,20,0.5,0.5
2023-03-15 12:20:00,short,17088.55,2023-03-15 12:25:00,17106.375,STOP,-18.325000000000728,17211.35,17149.45,17068.791666666664,17105.875,38.431250000000055,1.2,2023-03-15,28,0.22,20,0.5,0.5
2023-03-17 11:34:00,short,17008.55,2023-03-17 11:34:00,16982.200000000004,STOP,25.849999999994907,17145.8,17079.3,16956.300000000003,16981.700000000004,50.12655555555549,1.2,2023-03-17,18,0.26,20,0.5,0.5
2023-03-20 12:14:00,short,16865.15,2023-03-20 15:25:00,17004.2,EOD,-139.54999999999927,17057.55,16932.95,17051.975,17078.358333333337,50.151111111111064,1.2,2023-03-20,18,0.26,20,0.5,0.5
2023-03-23 10:23:00,long,17163.95,2023-03-23 10:25:00,17152.650000000005,STOP,-11.799999999995634,17101.35,17045.3,17153.150000000005,17157.55,38.32363333333334,1.2,2023-03-23,30,0.22,20,0.5,0.5
2023-03-24 15:22:00,short,16924.75,2023-03-24 15:25:00,16926.25,EOD,-2.0,17109.45,16994.9,17092.11666666667,17125.35,38.36433333333336,1.2,2023-03-24,30,0.22,20,0.5,0.5
2023-03-27 14:29:00,long,17084.15,2023-03-27 15:21:00,16954.466666666667,STOP,-130.1833333333343,17017.55,16918.55,16954.966666666667,17013.4,38.76766666666669,1.2,2023-03-27,30,0.22,20,0.5,0.5
2023-03-28 10:37:00,short,16949.05,2023-03-28 14:12:00,16917.920733333332,TARGET,30.62926666666681,17061.75,17000.45,16981.99166666667,17004.775,26.357722222222268,1.2,2023-03-28,18,0.14,20,0.5,0.5
2023-03-29 15:10:00,long,17075.85,2023-03-29 15:21:00,17107.217266666667,TARGET,30.867266666668,17023.2,16976.65,16965.716666666667,16987.75,26.556055555555606,1.2,2023-03-29,18,0.14,20,0.5,0.5
2023-03-31 12:40:00,long,17314.65,2023-03-31 13:45:00,17346.357933333336,TARGET,31.20793333333495,17279.2,17204.65,17028.75,17086.416666666664,26.83994444444452,1.2,2023-03-31,18,0.14,20,0.5,0.5
2023-04-05 10:36:00,long,17508.8,2023-04-05 12:52:00,17538.621,TARGET,29.320999999999913,17470.45,17402.7,17370.4,17391.566666666666,25.26750000000002,1.2,2023-04-05,28,0.14,20,0.5,0.5
2023-04-06 10:12:00,long,17576.8,2023-04-06 10:58:00,17608.039866666666,TARGET,30.739866666666785,17544.7,17511.55,17486.15,17538.816666666666,26.44988888888893,1.2,2023-04-06,18,0.14,20,0.5,0.5
2023-04-10 12:29:00,long,17683.15,2023-04-10 14:18:00,17608.3,STOP,-75.35000000000218,17651.7,17608.8,17570.775,17591.558333333334,25.96066666666672,1.2,2023-04-10,18,0.14,20,0.5,0.5
2023-04-11 10:24:00,long,17741.35,2023-04-11 12:21:00,17663.3,STOP,-78.54999999999927,17712.15,17663.8,17630.708333333336,17646.025,24.60050000000001,1.2,2023-04-11,28,0.14,20,0.5,0.5
2023-04-12 13:27:00,long,17808.45,2023-04-12 15:25:00,17820.25,EOD,11.299999999999272,17777.35,17717.25,17701.95,17719.283333333336,23.208500000000008,1.2,2023-04-12,18,0.14,20,0.5,0.5
2023-04-13 12:23:00,short,17737.55,2023-04-13 14:21:00,17804.833333333336,STOP,-67.78333333333649,17820.2,17767.95,17771.5,17804.333333333336,24.40327272727275,1.2,2023-04-13,22,0.14,20,0.5,0.5
2023-04-17 10:05:00,short,17585.05,2023-04-17 15:25:00,17707.45,EOD,-122.90000000000146,17771.05,17620.1,17785.9,17820.066666666666,20.96072222222223,1.2,2023-04-17,18,0.14,20,0.5,0.5
2023-04-18 10:12:00,short,17665.95,2023-04-18 10:46:00,17695.983333333334,STOP,-30.53333333333285,17755.8,17711.7,17672.55,17695.483333333334,31.241454545454555,1.2,2023-04-18,22,0.18,20,0.5,0.5
2023-04-21 10:26:00,short,17594.05,2023-04-21 13:03:00,17569.930745454545,TARGET,23.61925454545417,17663.2,17628.8,17628.4,17634.4,20.516045454545484,1.2,2023-04-21,22,0.14,20,0.5,0.5
2023-04-24 15:08:00,long,17738.05,2023-04-24 15:25:00,17750.25,EOD,11.700000000000728,17709.2,17639.6,17608.575,17614.325,19.86027272727276,1.2,2023-04-24,22,0.14,20,0.5,0.5
2023-04-25 14:22:00,long,17807.65,2023-04-25 15:25:00,17766.2,EOD,-41.95000000000073,17767.05,17716.85,17682.25,17727.916666666664,19.553863636363683,1.2,2023-04-25,22,0.14,20,0.5,0.5
2023-04-26 12:38:00,long,17802.4,2023-04-26 15:24:00,17824.306236363638,TARGET,21.406236363636708,17776.0,17727.4,17762.15,17765.183333333334,18.671863636363696,1.2,2023-04-26,22,0.14,20,0.5,0.5
2023-04-27 13:24:00,long,17871.9,2023-04-27 15:05:00,17901.25225,TARGET,28.852249999999913,17833.0,17797.9,17769.225,17807.24166666667,24.876874999999973,1.2,2023-04-27,16,0.2,20,0.5,0.5
2023-04-28 14:39:00,long,17992.45,2023-04-28 15:01:00,18021.14225,TARGET,28.192250000000058,17957.95,17895.25,17864.375,17906.458333333336,24.326874999999973,1.2,2023-04-28,16,0.2,20,0.5,0.5
2023-05-04 11:21:00,long,18155.8,2023-05-04 13:05:00,18183.566,TARGET,27.26599999999962,18123.45,18066.7,18079.375,18087.75833333333,23.554999999999975,1.2,2023-05-04,16,0.2,20,0.5,0.5
2023-05-05 10:59:00,long,18211.2,2023-05-05 11:07:00,18166.575,STOP,-45.125,18183.55,18104.9,18167.075,18223.425,24.8625,1.2,2023-05-05,16,0.2,20,0.5,0.5
2023-05-08 10:31:00,long,18228.9,2023-05-08 12:08:00,18266.16708571429,TARGET,36.76708571428753,18192.45,18100.3,18089.56666666667,18136.2,31.472571428571452,1.2,2023-05-08,14,0.24,20,0.5,0.5
2023-05-10 10:07:00,short,18214.15,2023-05-10 11:47:00,18287.425000000003,STOP,-73.77500000000146,18323.15,18263.25,18269.175000000003,18286.925000000003,30.762857142857207,1.2,2023-05-10,14,0.24,20,0.5,0.5
2023-05-12 13:58:00,long,18329.2,2023-05-12 14:32:00,18313.816666666666,STOP,-15.883333333335031,18277.3,18195.05,18314.316666666666,18330.050000000003,39.52000000000001,1.2,2023-05-12,18,0.3,20,0.5,0.5
2023-05-15 11:30:00,long,18414.75,2023-05-15 15:25:00,18389.25,EOD,-26.0,18363.7,18287.9,18268.65,18300.316666666666,38.706666666666685,1.2,2023-05-15,18,0.3,20,0.5,0.5
2023-05-16 14:59:00,short,18319.85,2023-05-16 15:11:00,18285.4132,TARGET,33.936799999999494,18417.65,18360.9,18373.4,18384.300000000003,29.114000000000015,1.2,2023-05-16,22,0.22,20,0.5,0.5
2023-05-17 10:46:00,short,18224.2,2023-05-17 11:30:00,18208.597,TARGET,15.102999999999156,18309.0,18255.3,18300.299999999996,18341.0,13.419166666666667,1.2,2023-05-17,30,0.1,20,0.5,0.5
2023-05-18 12:29:00,short,18208.95,2023-05-18 12:30:00,18212.675,STOP,-4.224999999998545,18297.2,18255.95,18197.19166666667,18212.175,41.80583333333337,1.2,2023-05-18,18,0.3,20,0.5,0.5
2023-05-19 10:09:00,short,18068.95,2023-05-19 14:40:00,18180.95,STOP,-112.5,18180.45,18115.9,18159.074999999997,18201.025,30.32700000000008,1.2,2023-05-19,22,0.22,20,0.5,0.5
2023-05-22 09:51:00,long,18291.8,2023-05-22 11:01:00,18307.7036,TARGET,15.403600000001461,18263.3,18178.85,18139.25,18183.716666666667,13.669666666666672,1.2,2023-05-22,30,0.1,20,0.5,0.5
2023-05-24 10:23:00,long,18367.2,2023-05-24 12:04:00,18342.725,STOP,-24.975000000002183,18323.85,18269.7,18343.225,18371.975,38.60350000000007,1.2,2023-05-24,28,0.28,20,0.5,0.5
2023-05-26 11:20:00,long,18414.4,2023-05-26 13:47:00,18460.7546,TARGET,45.854599999998754,18372.25,18333.15,18270.175000000003,18309.591666666667,39.04550000000003,1.2,2023-05-26,28,0.28,20,0.5,0.5
2023-05-31 11:54:00,short,18492.65,2023-05-31 15:25:00,18543.95,EOD,-51.79999999999927,18603.9,18551.35,18618.975,18636.591666666667,37.97950000000001,1.2,2023-05-31,28,0.28,20,0.5,0.5
2023-06-02 10:18:00,short,18490.05,2023-06-02 11:33:00,18522.925,STOP,-33.375,18573.7,18540.7,18496.975000000002,18522.425,38.24400000000002,1.2,2023-06-02,28,0.28,20,0.5,0.5
2023-06-06 10:50:00,short,18555.65,2023-06-06 11:41:00,18540.2418,TARGET,14.90820000000167,18613.05,18581.7,18602.358333333337,18611.475,13.256833333333345,1.2,2023-06-06,30,0.1,20,0.5,0.5
2023-06-07 14:24:00,long,18699.3,2023-06-07 14:44:00,18714.5104,TARGET,14.710399999999936,18676.05,18636.0,18576.625,18603.74166666667,13.09200000000002,1.2,2023-06-07,30,0.1,20,0.5,0.5
2023-06-08 10:46:00,long,18775.35,2023-06-08 11:49:00,18722.9,STOP,-52.94999999999709,18752.2,18723.4,18687.475,18718.75833333333,15.19500000000004,1.2,2023-06-08,22,0.12,20,0.5,0.5
2023-06-09 11:04:00,short,18608.55,2023-06-09 13:29:00,18590.503454545455,TARGET,17.546545454544685,18676.65,18635.85,18657.38333333333,18696.75,15.455454545454606,1.2,2023-06-09,22,0.12,20,0.5,0.5
2023-06-13 11:28:00,long,18717.95,2023-06-13 15:25:00,18723.45,EOD,5.0,18693.2,18641.95,18596.675,18603.091666666664,15.24272727272733,1.2,2023-06-13,22,0.12,20,0.5,0.5
2023-06-15 14:29:00,short,18702.25,2023-06-15 14:38:00,18684.9867,TARGET,16.763299999998708,18778.1,18721.75,18729.85,18744.316666666666,14.802750000000051,1.2,2023-06-15,24,0.12,20,0.5,0.5
2023-06-16 14:22:00,long,18808.0,2023-06-16 14:41:00,18825.1244,TARGET,16.624400000000605,18767.95,18710.5,18699.191666666666,18731.574999999997,14.687000000000044,1.2,2023-06-16,24,0.12,20,0.5,0.5
2023-06-19 10:23:00,short,18807.35,2023-06-19 10:23:00,18809.433333333334,STOP,-2.5833333333357587,18881.45,18838.8,18787.6,18808.933333333334,14.603000000000046,1.2,2023-06-19,24,0.12,20,0.5,0.5
2023-06-20 15:09:00,long,18811.35,2023-06-20 15:19:00,18828.8716,TARGET,17.021600000000035,18761.2,18668.9,18768.23333333333,18800.300000000003,15.01800000000004,1.2,2023-06-20,26,0.12,20,0.5,0.5
2023-06-22 12:17:00,short,18804.5,2023-06-22 13:03:00,18787.346153846152,TARGET,16.653846153847553,18882.65,18830.9,18835.375,18847.75833333333,14.711538461538494,1.2,2023-06-22,26,0.12,20,0.5,0.5
2023-06-27 14:39:00,long,18792.5,2023-06-27 15:03:00,18813.2912,TARGET,20.291199999999662,18763.6,18730.75,18684.375,18689.658333333333,17.742666666666725,1.2,2023-06-27,18,0.16,20,0.5,0.5
2023-06-28 10:48:00,long,18925.1,2023-06-28 11:21:00,18945.8832,TARGET,20.28320000000167,18897.3,18861.35,18771.75,18802.049999999996,17.736000000000057,1.2,2023-06-28,18,0.16,20,0.5,0.5
2023-06-30 12:43:00,long,19133.0,2023-06-30 13:27:00,19155.33,TARGET,21.830000000001746,19104.7,19024.6,18936.3,18967.499999999996,19.025000000000038,1.2,2023-06-30,16,0.16,20,0.5,0.5
2023-07-04 09:59:00,short,19307.95,2023-07-04 10:04:00,19322.975,STOP,-15.524999999997817,19413.5,19369.15,19287.625,19322.475,19.207999999999995,1.2,2023-07-04,16,0.16,20,0.5,0.5
2023-07-06 10:17:00,long,19444.3,2023-07-06 10:27:00,19463.22192,TARGET,18.421920000000682,19424.15,19373.0,19380.6,19401.13333333333,16.184933333333372,1.2,2023-07-06,30,0.14,20,0.5,0.5
2023-07-07 12:07:00,short,19375.2,2023-07-07 15:11:00,19332.63990909091,TARGET,42.06009090908992,19493.9,19421.6,19442.6,19478.933333333334,35.8834090909092,1.2,2023-07-07,22,0.3,20,0.5,0.5
2023-07-12 12:06:00,short,19413.75,2023-07-12 13:56:00,19461.275,STOP,-48.025000000001455,19507.7,19434.4,19450.725,19460.775,16.539833333333387,1.2,2023-07-12,30,0.14,20,0.5,0.5
2023-07-13 10:03:00,long,19540.6,2023-07-13 14:10:00,19448.85,STOP,-92.25,19496.35,19449.35,19390.175000000003,19436.925000000003,38.952499999999965,1.2,2023-07-13,12,0.3,20,0.5,0.5
2023-07-14 15:11:00,long,19553.0,2023-07-14 15:17:00,19572.996,TARGET,19.495999999999185,19520.4,19451.15,19447.4,19476.4,17.080000000000034,1.2,2023-07-14,30,0.14,20,0.5,0.5
2023-07-17 10:16:00,long,19630.9,2023-07-17 12:51:00,19655.0152,TARGET,23.615200000000186,19601.95,19562.95,19514.425,19565.041666666668,20.51266666666665,1.2,2023-07-17,24,0.16,20,0.5,0.5
2023-07-18 11:57:00,short,19721.75,2023-07-18 11:57:00,19698.86666666667,STOP,22.383333333331393,19811.25,19751.85,19647.4,19698.36666666667,21.813199999999984,1.2,2023-07-18,20,0.16,20,0.5,0.5
2023-07-19 11:10:00,short,19758.2,2023-07-19 11:10:00,19755.325,STOP,2.375,19829.55,19785.8,19750.974999999995,19754.825,21.54879999999999,1.2,2023-07-19,20,0.16,20,0.5,0.5
2023-07-20 12:36:00,long,19883.15,2023-07-20 13:16:00,19907.92824,TARGET,24.27823999999964,19844.0,19784.55,19785.65,19820.91666666667,21.065199999999983,1.2,2023-07-20,20,0.16,20,0.5,0.5
2023-07-21 14:50:00,short,19731.0,2023-07-21 15:00:00,19704.75872,TARGET,25.74127999999837,19887.4,19776.0,19875.125,19946.375,22.284399999999938,1.2,2023-07-21,20,0.16,20,0.5,0.5
2023-07-24 15:19:00,short,19664.95,2023-07-24 15:25:00,19670.25,EOD,-5.799999999999272,19762.9,19704.2,19778.56666666667,19793.7,22.766799999999957,1.2,2023-07-24,20,0.16,20,0.5,0.5
2023-07-25 13:29:00,short,19636.05,2023-07-25 15:25:00,19679.9,EOD,-44.35000000000218,19712.3,19673.95,19687.5,19723.0,22.848399999999938,1.2,2023-07-25,20,0.16,20,0.5,0.5
2023-07-26 10:02:00,long,19795.45,2023-07-26 10:37:00,19822.56968,TARGET,26.61967999999979,19763.05,19716.7,19664.125,19674.308333333334,23.016399999999937,1.2,2023-07-26,20,0.16,20,0.5,0.5
2023-07-27 11:07:00,short,19789.55,2023-07-27 11:07:00,19776.083333333336,STOP,12.966666666663514,19865.35,19821.65,19771.15,19775.583333333336,22.96759999999992,1.2,2023-07-27,20,0.16,20,0.5,0.5
2023-07-28 13:49:00,short,19570.25,2023-07-28 15:25:00,19638.35,EOD,-68.59999999999854,19695.9,19598.7,19709.016666666666,19735.55,23.88039999999991,1.2,2023-07-28,20,0.16,20,0.5,0.5
2023-07-31 11:30:00,long,19714.8,2023-07-31 15:00:00,19731.3756,TARGET,16.075600000000122,19680.75,19597.6,19629.5,19635.066666666666,14.229666666666649,1.2,2023-07-31,30,0.1,20,0.5,0.5
2023-08-01 12:41:00,short,19711.6,2023-08-01 13:12:00,19733.325,STOP,-22.225000000002183,19795.6,19750.6,19685.175,19732.825,24.07559999999995,1.2,2023-08-01,20,0.16,20,0.5,0.5
2023-08-02 10:38:00,short,19572.9,2023-08-02 11:03:00,19544.92352,TARGET,27.476480000001175,19678.25,19622.95,19738.83333333333,19750.1,23.730399999999936,1.2,2023-08-02,20,0.16,20,0.5,0.5
2023-08-03 12:44:00,short,19397.95,2023-08-03 12:55:00,19368.3156,TARGET,29.134399999999005,19536.8,19439.05,19540.266666666663,19550.9,25.111999999999945,1.2,2023-08-03,20,0.16,20,0.5,0.5
2023-08-04 12:21:00,long,19535.4,2023-08-04 15:25:00,19512.8,EOD,-23.100000000002183,19495.1,19448.0,19407.416666666664,19417.050000000003,25.927999999999944,1.2,2023-08-04,20,0.16,20,0.5,0.5
2023-08-07 13:34:00,long,19598.7,2023-08-07 13:41:00,19615.9274,TARGET,16.72739999999976,19583.1,19524.8,19487.65,19504.75,14.772833333333317,1.2,2023-08-07,30,0.1,20,0.5,0.5
2023-08-08 11:18:00,short,19552.7,2023-08-08 11:35:00,19535.5272,TARGET,16.67280000000028,19634.4,19584.7,19572.625,19590.674999999996,14.727333333333313,1.2,2023-08-08,30,0.1,20,0.5,0.5
2023-08-09 10:25:00,short,19485.3,2023-08-09 11:12:00,19468.0234,TARGET,16.776600000001054,19581.8,19506.45,19576.316666666666,19583.75,14.813833333333328,1.2,2023-08-09,30,0.1,20,0.5,0.5
2023-08-10 10:33:00,short,19508.8,2023-08-10 15:25:00,19552.8,EOD,-44.5,19615.8,19568.35,19556.5,19609.6,15.023833333333327,1.2,2023-08-10,30,0.1,20,0.5,0.5
2023-08-11 10:14:00,short,19459.1,2023-08-11 11:38:00,19441.658199999998,TARGET,16.941800000000512,19557.75,19478.75,19554.700000000004,19559.5,14.95149999999998,1.2,2023-08-11,30,0.1,20,0.5,0.5
2023-08-14 14:08:00,long,19418.6,2023-08-14 14:08:00,19450.908333333333,STOP,31.808333333334303,19392.0,19261.6,19451.408333333333,19486.125,14.838666666666638,1.2,2023-08-14,30,0.1,20,0.5,0.5
2023-08-16 13:12:00,long,19422.35,2023-08-16 14:17:00,19440.0624,TARGET,17.212400000000343,19389.6,19317.2,19361.875,19403.191666666666,15.176999999999971,1.2,2023-08-16,30,0.1,20,0.5,0.5
2023-08-17 11:26:00,short,19371.15,2023-08-17 12:07:00,19353.312,TARGET,17.337999999999738,19461.55,19394.05,19399.975,19438.858333333337,15.28166666666663,1.2,2023-08-17,30,0.1,20,0.5,0.5
2023-08-18 14:18:00,long,19370.15,2023-08-18 14:18:00,19373.36666666667,STOP,2.7166666666671517,19329.75,19276.5,19373.86666666667,19393.9,15.459333333333294,1.2,2023-08-18,30,0.1,20,0.5,0.5
2023-08-21 12:47:00,long,19401.1,2023-08-21 15:00:00,19419.0752,TARGET,17.47520000000077,19368.0,19302.5,19306.199999999997,19313.699999999997,15.395999999999962,1.2,2023-08-21,30,0.1,20,0.5,0.5
2023-08-24 09:53:00,long,19579.55,2023-08-24 10:57:00,19509.0,STOP,-71.04999999999927,19554.75,19509.5,19419.324999999997,19437.674999999996,14.92899999999998,1.2,2023-08-24,30,0.1,20,0.5,0.5
2023-08-28 13:37:00,long,19351.45,2023-08-28 15:25:00,19303.9,EOD,-48.04999999999927,19328.0,19249.7,19258.841666666667,19284.625,14.937499999999975,1.2,2023-08-28,30,0.1,20,0.5,0.5
2023-08-30 15:12:00,short,19344.7,2023-08-30 15:25:00,19345.3,EOD,-1.0999999999985448,19440.15,19407.85,19343.5,19351.166666666664,37.73999999999993,1.2,2023-08-30,14,0.28,20,0.5,0.5
2023-08-31 13:20:00,short,19273.05,2023-08-31 15:05:00,19239.097057142855,TARGET,33.45294285714408,19382.9,19317.95,19361.125,19393.775,28.710785714285645,1.2,2023-08-31,14,0.22,20,0.5,0.5
2023-09-01 11:02:00,long,19340.4,2023-09-01 12:36:00,19357.393600000003,TARGET,16.493600000001607,19313.35,19255.7,19267.875,19305.925000000003,14.577999999999992,1.2,2023-09-01,30,0.1,20,0.5,0.5
2023-09-04 10:11:00,short,19457.95,2023-09-04 10:11:00,19409.975,STOP,47.47500000000218,19526.8,19494.3,19357.125,19409.475,14.475999999999997,1.2,2023-09-04,30,0.1,20,0.5,0.5
2023-09-06 12:47:00,short,19505.4,2023-09-06 15:00:00,19574.566666666666,STOP,-69.66666666666424,19599.45,19562.15,19556.4,19574.066666666666,26.947642857142892,1.2,2023-09-06,14,0.22,20,0.5,0.5
2023-09-07 14:08:00,long,19662.6,2023-09-07 14:31:00,19694.50411428571,TARGET,31.40411428571315,19621.1,19552.15,19560.925,19607.141666666666,27.003428571428593,1.2,2023-09-07,14,0.22,20,0.5,0.5
2023-09-08 11:45:00,long,19811.65,2023-09-08 12:39:00,19826.451285714287,TARGET,14.301285714285768,19791.45,19741.5,19643.525,19698.50833333333,12.75107142857144,1.2,2023-09-08,14,0.1,20,0.5,0.5
2023-09-11 11:32:00,long,19939.6,2023-09-11 14:31:00,19965.76262857143,TARGET,25.662628571430105,19914.95,19865.35,19797.925000000003,19812.441666666666,22.218857142857136,1.2,2023-09-11,28,0.16,20,0.5,0.5
2023-09-12 09:53:00,short,19941.35,2023-09-12 10:04:00,19981.20833333333,STOP,-40.35833333332994,20110.35,20048.25,19936.725,19980.70833333333,22.514571428571426,1.2,2023-09-12,28,0.16,20,0.5,0.5
2023-09-13 12:27:00,long,20053.9,2023-09-13 13:06:00,20079.522707692307,TARGET,25.122707692305994,20021.95,19944.1,19998.9,20012.5,21.768923076923063,1.2,2023-09-13,26,0.16,20,0.5,0.5
2023-09-14 11:49:00,short,20077.9,2023-09-14 11:49:00,20051.1,STOP,26.30000000000291,20158.55,20107.6,20020.5,20050.6,22.120615384615377,1.2,2023-09-14,26,0.16,20,0.5,0.5
2023-09-15 15:06:00,long,20213.3,2023-09-15 15:25:00,20167.25,EOD,-46.54999999999927,20173.15,20138.8,20104.65,20105.550000000003,21.27400000000003,1.2,2023-09-15,20,0.16,20,0.5,0.5
2023-09-18 10:14:00,long,20178.95,2023-09-18 11:05:00,20170.024999999998,STOP,-9.42500000000291,20161.3,20121.65,20170.524999999998,20176.075,13.514642857142878,1.2,2023-09-18,14,0.1,20,0.5,0.5
2023-09-20 13:09:00,short,19935.6,2023-09-20 13:52:00,19901.663675,TARGET,33.43632499999876,20050.65,19968.9,20139.741666666665,20156.425,28.69693749999999,1.2,2023-09-20,16,0.22,20,0.5,0.5
2023-09-21 10:11:00,short,19747.05,2023-09-21 14:51:00,19712.21195,TARGET,34.338049999998475,19848.75,19801.6,19926.216666666667,19964.75,29.44837500000006,1.2,2023-09-21,16,0.22,20,0.5,0.5
2023-09-22 10:07:00,short,19684.35,2023-09-22 12:01:00,19779.85,STOP,-96.0,19792.15,19719.8,19759.783333333333,19779.35,30.41087500000001,1.2,2023-09-22,16,0.22,20,0.5,0.5
2023-09-27 13:30:00,long,19695.1,2023-09-27 15:25:00,19724.0,EOD,28.400000000001455,19649.55,19596.5,19666.466666666667,19668.4,31.41500000000007,1.2,2023-09-27,12,0.24,20,0.5,0.5
2023-09-28 11:17:00,short,19662.3,2023-09-28 12:02:00,19624.183999999997,TARGET,37.616000000001804,19766.65,19720.35,19642.35,19697.11666666667,32.18000000000007,1.2,2023-09-28,12,0.24,20,0.5,0.5
2023-09-29 11:44:00,long,19667.3,2023-09-29 14:00:00,19708.5792,TARGET,40.779200000000856,19600.25,19551.05,19575.058333333334,19629.375,34.81600000000013,1.2,2023-09-29,12,0.24,20,0.5,0.5
2023-10-06 14:08:00,long,19665.35,2023-10-06 15:25:00,19652.3,EOD,-13.549999999999272,19624.0,19598.4,19532.125,19540.541666666664,34.15900000000016,1.2,2023-10-06,12,0.24,20,0.5,0.5
2023-10-10 12:15:00,long,19652.15,2023-10-10 13:27:00,19691.3244,TARGET,38.67439999999988,19607.35,19565.45,19512.475,19534.725,33.06200000000011,1.2,2023-10-10,12,0.24,20,0.5,0.5
2023-10-13 14:22:00,long,19794.6,2023-10-13 14:22:00,19798.058333333334,STOP,2.9583333333357587,19736.6,19635.3,19798.558333333334,19807.975,39.71250000000004,1.2,2023-10-13,26,0.3,20,0.5,0.5
2023-10-18 11:19:00,short,19730.05,2023-10-18 12:31:00,19683.635076923078,TARGET,45.914923076921696,19824.45,19774.8,19812.7,19818.633333333335,39.0957692307693,1.2,2023-10-18,26,0.3,20,0.5,0.5
2023-10-19 11:35:00,long,19646.15,2023-10-19 11:35:00,19692.416666666668,STOP,45.766666666666424,19573.05,19525.65,19692.916666666668,19750.45,39.58673076923083,1.2,2023-10-19,26,0.3,20,0.5,0.5
2023-10-23 10:31:00,short,19468.9,2023-10-23 13:31:00,19422.982500000002,TARGET,45.41749999999956,19556.85,19514.6,19547.816666666666,19556.25,38.68125000000005,1.2,2023-10-23,20,0.3,20,0.5,0.5
2023-10-25 12:28:00,short,19212.45,2023-10-25 12:43:00,19163.6912,TARGET,48.25879999999961,19336.3,19259.55,19312.783333333333,19407.35,41.04900000000003,1.2,2023-10-25,20,0.3,20,0.5,0.5
2023-10-26 10:27:00,short,18888.05,2023-10-26 15:25:00,18860.25,EOD,27.299999999999272,19041.7,18956.05,19149.608333333337,19210.725,43.15724999999997,1.2,2023-10-26,20,0.3,20,0.5,0.5
2023-10-27 11:59:00,long,19051.95,2023-10-27 15:25:00,19049.7,EOD,-2.75,18993.95,18926.65,18887.333333333336,18942.5,45.20475000000002,1.2,2023-10-27,20,0.3,20,0.5,0.5
2023-10-30 13:20:00,long,19125.05,2023-10-30 15:25:00,19142.8,EOD,17.25,19083.7,18964.85,19001.4,19033.933333333334,36.95714285714289,1.2,2023-10-30,28,0.26,20,0.5,0.5
2023-11-01 15:20:00,short,18974.95,2023-11-01 15:25:00,18985.55,EOD,-11.099999999998545,19096.05,19032.6,19100.958333333332,19145.075,39.01439285714292,1.2,2023-11-01,28,0.26,20,0.5,0.5
2023-11-06 14:37:00,long,19381.95,2023-11-06 15:02:00,19404.0796,TARGET,21.62960000000021,19357.35,19309.7,19231.625000000004,19243.575,18.857999999999954,1.2,2023-11-06,14,0.12,20,0.5,0.5
2023-11-10 12:54:00,long,19409.1,2023-11-10 12:54:00,19406.10833333333,STOP,-3.491666666668607,19366.0,19329.45,19406.60833333333,19421.125,33.467999999999996,1.2,2023-11-10,20,0.24,20,0.5,0.5
2023-11-16 09:59:00,long,19695.35,2023-11-16 10:05:00,19712.270399999998,TARGET,16.420399999999063,19678.75,19627.0,19635.300000000003,19671.26666666667,14.517000000000044,1.2,2023-11-16,14,0.12,20,0.5,0.5
2023-11-22 12:31:00,short,19724.35,2023-11-22 14:32:00,19792.074999999997,STOP,-68.22499999999854,19809.55,19767.15,19786.99166666666,19791.574999999997,33.137125000000054,1.2,2023-11-22,16,0.28,20,0.5,0.5
2023-11-28 15:19:00,long,19897.65,2023-11-28 15:25:00,19907.9,EOD,9.75,19848.05,19806.3,19800.85,19800.983333333337,38.02772727272733,1.2,2023-11-28,22,0.3,20,0.5,0.5
2023-11-29 12:24:00,long,20034.65,2023-11-29 13:53:00,20075.135100000003,TARGET,39.985100000001694,19996.7,19956.3,19854.65,19890.483333333337,34.15425000000007,1.2,2023-11-29,20,0.3,20,0.5,0.5
2023-11-30 10:01:00,short,20040.5,2023-11-30 10:43:00,20077.591666666667,STOP,-37.59166666666715,20136.15,20101.4,20030.475,20077.091666666667,33.15600000000008,1.2,2023-11-30,20,0.3,20,0.5,0.5
2023-12-01 11:34:00,long,20276.9,2023-12-01 15:25:00,20266.7,EOD,-10.700000000000728,20238.45,20183.7,20086.725,20132.375,32.62350000000008,1.2,2023-12-01,20,0.3,20,0.5,0.5
2023-12-04 14:17:00,long,20647.65,2023-12-04 15:00:00,20686.037200000002,TARGET,37.88720000000103,20602.5,20507.75,20237.625,20257.341666666667,32.40600000000008,1.2,2023-12-04,20,0.3,20,0.5,0.5
2023-12-05 15:11:00,long,20856.75,2023-12-05 15:25:00,20858.45,EOD,1.2000000000007276,20813.1,20711.15,20605.2,20658.93333333333,33.66300000000012,1.2,2023-12-05,20,0.3,20,0.5,0.5
2023-12-08 13:46:00,short,20876.95,2023-12-08 14:06:00,20908.975,STOP,-32.52499999999782,20972.75,20932.55,20896.025,20908.475,34.9845000000001,1.2,2023-12-08,20,0.3,20,0.5,0.5
2023-12-12 14:01:00,short,20952.85,2023-12-12 14:39:00,20909.616299999998,TARGET,42.73370000000068,21037.9,21001.85,20974.9,20987.033333333333,36.444749999999964,1.2,2023-12-12,20,0.3,20,0.5,0.5
2023-12-13 10:28:00,short,20820.15,2023-12-13 11:40:00,20775.9254,TARGET,43.724600000001374,20936.0,20877.35,20923.24166666667,20952.525,37.270499999999956,1.2,2023-12-13,20,0.3,20,0.5,0.5
2023-12-14 13:27:00,long,21200.1,2023-12-14 15:25:00,21206.25,EOD,5.650000000001455,21148.45,21074.45,20857.05,20914.150000000005,38.702249999999914,1.2,2023-12-14,20,0.3,20,0.5,0.5
2023-12-15 13:52:00,long,21354.55,2023-12-15 14:58:00,21400.9454,TARGET,45.895400000001246,21298.15,21249.8,21142.675000000003,21185.39166666667,39.07949999999993,1.2,2023-12-15,20,0.3,20,0.5,0.5
2023-12-19 10:01:00,short,21375.3,2023-12-19 11:45:00,21424.574999999997,STOP,-49.77499999999782,21480.0,21418.4,21412.458333333336,21424.074999999997,38.89424999999996,1.2,2023-12-19,20,0.3,20,0.5,0.5
2023-12-20 13:17:00,short,21462.1,2023-12-20 13:17:00,21442.566666666666,STOP,19.03333333333285,21580.7,21525.15,21421.4,21442.066666666666,26.352727272727233,1.2,2023-12-20,22,0.2,20,0.5,0.5
2023-12-21 10:24:00,long,21140.2,2023-12-21 10:24:00,21196.61666666667,STOP,55.91666666666788,21091.0,20976.8,21197.11666666667,21355.25,29.41590909090906,1.2,2023-12-21,22,0.2,20,0.5,0.5
2023-12-22 10:55:00,long,21358.4,2023-12-22 13:49:00,21247.65,STOP,-111.25,21313.05,21248.15,21124.574999999997,21216.458333333336,36.98499999999991,1.2,2023-12-22,14,0.2,20,0.5,0.5
2023-12-26 10:30:00,long,21436.9,2023-12-26 12:25:00,21476.219,TARGET,38.818999999999505,21389.65,21329.45,21311.475,21324.25833333333,33.182499999999926,1.2,2023-12-26,20,0.2,20,0.5,0.5
2023-12-27 11:33:00,long,21588.3,2023-12-27 15:02:00,21626.574727272728,TARGET,37.77472727272834,21544.5,21495.8,21403.300000000003,21434.63333333334,32.312272727272685,1.2,2023-12-27,22,0.2,20,0.5,0.5
2024-01-01 14:08:00,long,21779.6,2024-01-01 14:44:00,21816.2028,TARGET,36.10280000000057,21737.35,21684.05,21723.6,21726.033333333333,30.918999999999905,1.2,2024-01-01,18,0.18,20,0.5,0.5
2024-01-02 10:05:00,short,21655.9,2024-01-02 10:26:00,21615.116400000003,TARGET,40.28359999999884,21755.6,21699.0,21709.63333333333,21757.6,34.40299999999992,1.2,2024-01-02,20,0.2,20,0.5,0.5
2024-01-03 12:29:00,short,21532.75,2024-01-03 15:25:00,21519.5,EOD,12.75,21677.0,21594.45,21655.625,21660.24166666667,34.45349999999988,1.2,2024-01-03,20,0.2,20,0.5,0.5
2024-01-04 12:32:00,long,21664.35,2024-01-04 15:25:00,21667.9,EOD,3.0500000000029104,21624.8,21564.55,21542.225000000002,21588.675,34.69099999999991,1.2,2024-01-04,20,0.2,20,0.5,0.5
2024-01-05 14:17:00,short,21639.95,2024-01-05 14:31:00,21652.89166666667,STOP,-13.441666666669335,21749.6,21698.2,21620.375,21652.39166666667,34.709499999999935,1.2,2024-01-05,20,0.2,20,0.5,0.5
2024-01-08 11:00:00,short,21641.05,2024-01-08 11:08:00,21601.17381818182,TARGET,39.37618181818107,21763.95,21695.3,21689.4,21703.733333333337,33.6468181818181,1.2,2024-01-08,22,0.2,20,0.5,0.5
2024-01-09 12:56:00,long,21717.15,2024-01-09 14:17:00,21631.7,STOP,-85.95000000000073,21673.65,21632.2,21550.64166666667,21628.425000000003,33.699642857142784,1.2,2024-01-09,28,0.2,20,0.5,0.5
2024-01-10 15:04:00,long,21640.95,2024-01-10 15:25:00,21628.85,EOD,-12.600000000002183,21564.5,21448.65,21575.88333333333,21621.15,33.55899999999994,1.2,2024-01-10,30,0.2,20,0.5,0.5
2024-01-11 14:17:00,short,21597.85,2024-01-11 14:17:00,21601.816666666666,STOP,-4.466666666667152,21726.5,21683.0,21545.25,21601.316666666666,37.53016666666659,1.2,2024-01-11,30,0.22,20,0.5,0.5
2024-01-12 10:41:00,long,21822.9,2024-01-12 11:00:00,21842.8086,TARGET,19.40859999999884,21789.15,21715.15,21654.00833333333,21660.125,17.007166666666624,1.2,2024-01-12,30,0.1,20,0.5,0.5
2024-01-15 10:02:00,short,21999.35,2024-01-15 10:02:00,21881.866666666672,STOP,116.9833333333263,22081.95,22021.1,21821.7,21881.366666666672,17.24499999999995,1.2,2024-01-15,30,0.1,20,0.5,0.5
2024-01-16 11:02:00,long,22112.25,2024-01-16 13:06:00,22036.375,STOP,-76.375,22088.2,22029.2,22036.875,22084.891666666663,17.374333333333293,1.2,2024-01-16,30,0.1,20,0.5,0.5
2024-01-17 14:35:00,short,21609.8,2024-01-17 14:41:00,21589.612999999998,TARGET,19.687000000001717,21851.5,21636.95,22037.125,22046.975,17.23916666666663,1.2,2024-01-17,30,0.1,20,0.5,0.5
2024-01-18 09:44:00,short,21383.95,2024-01-18 09:46:00,21363.1704,TARGET,20.279600000001665,21474.4,21406.35,21614.324999999997,21700.975,17.73299999999997,1.2,2024-01-18,30,0.1,20,0.5,0.5
2024-01-20 12:42:00,short,21588.5,2024-01-20 12:56:00,21632.999999999996,STOP,-44.99999999999636,21720.3,21650.65,21622.8,21632.499999999996,18.335416666666667,1.2,2024-01-20,12,0.1,20,0.5,0.5
2024-01-23 10:06:00,short,21635.75,2024-01-23 10:06:00,21631.55,STOP,3.7000000000007276,21749.25,21700.5,21599.05,21631.05,18.892499999999988,1.2,2024-01-23,12,0.1,20,0.5,0.5
2024-01-24 09:54:00,long,21315.1,2024-01-24 09:54:00,21329.475,STOP,13.875,21270.15,21137.2,21329.975,21471.125,22.52458333333334,1.2,2024-01-24,12,0.1,20,0.5,0.5
2024-01-25 10:24:00,short,21294.85,2024-01-25 10:55:00,21267.613999999998,TARGET,26.736000000000786,21459.0,21372.05,21308.050000000003,21418.816666666666,23.113333333333355,1.2,2024-01-25,12,0.1,20,0.5,0.5
2024-01-29 10:44:00,long,21602.75,2024-01-29 10:57:00,21630.0395,TARGET,26.789499999998952,21560.35,21429.6,21353.025,21369.641666666663,23.157916666666676,1.2,2024-01-29,12,0.1,20,0.5,0.5
2024-01-30 14:13:00,short,21654.1,2024-01-30 14:26:00,21625.409499999998,TARGET,28.19050000000061,21813.05,21689.1,21596.25,21704.316666666666,24.325416666666722,1.2,2024-01-30,12,0.1,20,0.5,0.5
2024-01-31 10:14:00,long,21603.85,2024-01-31 10:33:00,21634.3255,TARGET,29.975500000000466,21548.1,21448.85,21569.975000000002,21657.425,25.812916666666723,1.2,2024-01-31,12,0.1,20,0.5,0.5
2024-02-02 11:23:00,long,22039.75,2024-02-02 11:35:00,22071.282,TARGET,31.031999999999243,21963.45,21812.0,21712.716666666667,21745.85,26.693333333333403,1.2,2024-02-02,12,0.1,20,0.5,0.5
2024-02-05 14:51:00,short,21762.55,2024-02-05 15:25:00,21768.05,EOD,-6.0,21921.15,21833.4,21887.225000000002,21966.175,55.5981818181819,1.2,2024-02-05,22,0.24,20,0.5,0.5
2024-02-06 13:31:00,long,21923.7,2024-02-06 15:25:00,21947.0,EOD,22.799999999999272,21844.6,21737.55,21793.575000000004,21845.625,59.30000000000005,1.2,2024-02-06,18,0.24,20,0.5,0.5
2024-02-07 11:30:00,short,21926.25,2024-02-07 11:30:00,21913.658333333333,STOP,12.091666666667152,22053.3,21975.9,21844.475,21913.158333333333,27.220000000000045,1.2,2024-02-07,12,0.1,20,0.5,0.5
2024-02-08 10:23:00,short,21914.65,2024-02-08 10:27:00,21957.225,STOP,-43.07499999999709,22011.05,21959.55,21945.97499999999,21956.725,28.032916666666708,1.2,2024-02-08,12,0.1,20,0.5,0.5
2024-02-12 10:16:00,short,21707.0,2024-02-12 10:26:00,21643.1032,TARGET,63.39679999999862,21831.7,21764.0,21717.175000000003,21757.25833333334,53.663999999999994,1.2,2024-02-12,30,0.24,20,0.5,0.5
2024-02-13 15:15:00,long,21752.75,2024-02-13 15:25:00,21736.7,EOD,-16.549999999999272,21678.05,21543.35,21655.74166666667,21703.225,64.2737727272728,1.2,2024-02-13,22,0.26,20,0.5,0.5
2024-02-14 13:00:00,long,21688.65,2024-02-14 13:31:00,21654.574999999997,STOP,-34.575000000004366,21600.65,21530.2,21655.074999999997,21709.824999999997,65.3456818181819,1.2,2024-02-14,22,0.26,20,0.5,0.5
2024-02-19 14:31:00,long,22177.1,2024-02-19 15:25:00,22124.75,EOD,-52.849999999998545,22107.6,22049.7,22018.800000000003,22025.300000000003,66.35377272727276,1.2,2024-02-19,22,0.26,20,0.5,0.5
2024-02-20 15:11:00,long,22188.95,2024-02-20 15:25:00,22210.75,EOD,21.299999999999272,22111.35,22056.6,22103.85,22118.11666666667,64.75300000000007,1.2,2024-02-20,22,0.26,20,0.5,0.5
2024-02-21 14:30:00,short,22059.15,2024-02-21 15:25:00,22033.2,EOD,25.450000000000728,22234.65,22189.8,22130.025,22184.175000000003,63.74254545454553,1.2,2024-02-21,22,0.26,20,0.5,0.5
2024-02-22 11:04:00,short,21897.6,2024-02-22 14:00:00,22094.8,STOP,-197.70000000000073,22094.3,21966.85,22063.025,22123.675000000003,56.814000000000085,1.2,2024-02-22,18,0.24,20,0.5,0.5
2024-02-27 15:12:00,long,22206.4,2024-02-27 15:25:00,22195.0,EOD,-11.900000000001455,22138.4,22085.65,22123.783333333326,22138.65,63.607600000000076,1.2,2024-02-27,20,0.28,20,0.5,0.5
2024-02-28 11:04:00,short,22031.3,2024-02-28 13:07:00,21958.4722,TARGET,72.32779999999912,22226.3,22184.35,22151.95,22180.983333333326,61.106500000000054,1.2,2024-02-28,20,0.28,20,0.5,0.5
2024-03-01 11:18:00,long,22217.2,2024-03-01 11:55:00,22300.611153846156,TARGET,82.91115384615478,22138.5,22047.75,21955.125,22017.308333333327,69.92596153846162,1.2,2024-03-01,26,0.3,20,0.5,0.5
2024-03-06 14:38:00,long,22456.25,2024-03-06 15:25:00,22482.9,EOD,26.150000000001455,22353.8,22289.4,22343.025,22352.574999999997,71.52400000000009,1.2,2024-03-06,30,0.3,20,0.5,0.5
2024-03-11 12:12:00,short,22372.4,2024-03-11 15:25:00,22318.55,EOD,53.35000000000218,22526.6,22460.95,22477.825,22480.508333333335,58.02183333333342,1.2,2024-03-11,24,0.28,20,0.5,0.5
2024-03-13 11:08:00,short,22251.2,2024-03-13 11:25:00,22184.2408,TARGET,66.45920000000115,22446.75,22323.55,22343.52500000001,22354.275,56.21600000000006,1.2,2024-03-13,14,0.28,20,0.5,0.5
2024-03-14 11:39:00,long,22142.35,2024-03-14 15:25:00,22143.5,EOD,0.6500000000014552,22027.8,21917.5,22039.3,22176.2,62.00900000000002,1.2,2024-03-14,14,0.28,20,0.5,0.5
2024-03-15 10:34:00,short,21964.75,2024-03-15 15:25:00,22027.8,EOD,-63.54999999999927,22120.9,22045.0,22061.05,22116.350000000002,60.20599999999999,1.2,2024-03-15,14,0.28,20,0.5,0.5
2024-03-19 11:09:00,short,21847.05,2024-03-19 15:25:00,21812.85,EOD,33.70000000000073,21978.3,21922.05,22020.125,22040.575000000004,63.365,1.2,2024-03-19,14,0.28,20,0.5,0.5
2024-03-20 10:37:00,short,21763.95,2024-03-20 12:51:00,21886.199999999997,STOP,-122.74999999999636,21891.7,21831.35,21836.800000000003,21885.699999999997,64.41700000000006,1.2,2024-03-20,14,0.28,20,0.5,0.5
2024-03-22 10:26:00,long,22044.05,2024-03-22 13:03:00,22117.563599999998,TARGET,73.0135999999984,21977.8,21883.3,22011.125,22026.441666666673,61.678000000000104,1.2,2024-03-22,14,0.28,20,0.5,0.5
2024-03-27 11:24:00,long,22165.9,2024-03-27 15:25:00,22147.8,EOD,-18.600000000002183,22118.25,22052.85,22010.375,22011.158333333333,46.65021428571437,1.2,2024-03-27,28,0.22,20,0.5,0.5
2024-03-28 09:56:00,long,22304.25,2024-03-28 10:41:00,22357.845485714286,TARGET,53.09548571428604,22224.75,22173.85,22123.225,22139.941666666666,45.079571428571526,1.2,2024-03-28,28,0.22,20,0.5,0.5
2024-04-03 11:32:00,long,22461.05,2024-04-03 12:46:00,22515.866014285715,TARGET,54.31601428571594,22408.05,22346.5,22442.875,22458.125,46.09667857142864,1.2,2024-04-03,28,0.22,20,0.5,0.5
2024-04-04 10:57:00,short,22344.6,2024-04-04 12:42:00,22442.366666666665,STOP,-98.26666666666642,22619.0,22465.9,22433.8,22441.866666666665,46.14578571428576,1.2,2024-04-04,28,0.22,20,0.5,0.5
2024-04-08 12:34:00,long,22665.15,2024-04-08 15:25:00,22667.75,EOD,2.099999999998545,22612.1,22550.35,22482.6,22515.666666666664,44.54685714285719,1.2,2024-04-08,28,0.22,20,0.5,0.5
2024-04-09 14:09:00,short,22635.8,2024-04-09 14:15:00,22614.053,TARGET,21.24699999999939,22765.3,22675.25,22623.824999999997,22653.441666666666,18.539166666666702,1.2,2024-04-09,12,0.1,20,0.5,0.5
2024-04-10 15:08:00,long,22768.5,2024-04-10 15:25:00,22746.9,EOD,-22.099999999998545,22727.25,22678.7,22664.441666666662,22690.325,20.47964285714288,1.2,2024-04-10,28,0.1,20,0.5,0.5
2024-04-12 12:25:00,short,22629.15,2024-04-12 12:26:00,22608.425000000003,TARGET,20.224999999998545,22726.45,22657.2,22724.7,22739.833333333332,17.687500000000032,1.2,2024-04-12,12,0.1,20,0.5,0.5
2024-04-15 10:59:00,long,22425.05,2024-04-15 10:59:00,22548.1,STOP,122.54999999999927,22373.55,22283.0,22548.6,22618.5,20.410000000000036,1.2,2024-04-15,12,0.12,20,0.5,0.5
2024-04-18 10:19:00,short,22176.95,2024-04-18 10:19:00,22160.033333333333,STOP,16.41666666666788,22270.65,22209.2,22146.6,22159.533333333333,20.76800000000003,1.2,2024-04-18,12,0.12,20,0.5,0.5
2024-04-19 11:33:00,long,21911.8,2024-04-19 11:33:00,22073.566666666666,STOP,161.26666666666642,21869.5,21777.65,22074.066666666666,22144.1,20.99450000000001,1.2,2024-04-19,12,0.12,20,0.5,0.5
2024-04-25 10:20:00,long,22462.7,2024-04-25 10:46:00,22416.20833333333,STOP,-46.991666666672245,22373.95,22305.25,22416.70833333333,22430.225,37.632857142857134,1.2,2024-04-25,14,0.2,20,0.5,0.5
2024-04-26 10:31:00,short,22529.3,2024-04-26 10:32:00,22531.933333333327,STOP,-3.133333333327755,22615.5,22575.35,22465.6,22531.433333333327,39.72000000000003,1.2,2024-04-26,14,0.2,20,0.5,0.5
2024-04-29 13:27:00,long,22591.65,2024-04-29 14:57:00,22637.35257142857,TARGET,45.20257142857008,22532.5,22468.8,22462.808333333334,22500.525,38.50214285714288,1.2,2024-04-29,14,0.2,20,0.5,0.5
2024-04-30 10:53:00,long,22761.1,2024-04-30 15:00:00,22661.3,STOP,-100.29999999999927,22704.9,22661.8,22548.85,22608.84999999999,39.98642857142856,1.2,2024-04-30,14,0.2,20,0.5,0.5
2024-05-02 13:34:00,long,22699.2,2024-05-02 15:25:00,22651.95,EOD,-47.75,22668.4,22580.6,22610.958333333336,22675.875,26.088999999999942,1.2,2024-05-02,12,0.12,20,0.5,0.5
2024-05-03 10:13:00,short,22689.4,2024-05-03 10:13:00,22650.650000000005,STOP,38.24999999999636,22794.7,22757.4,22645.55,22650.150000000005,27.759666666666657,1.2,2024-05-03,18,0.14,20,0.5,0.5
2024-05-06 10:05:00,short,22462.1,2024-05-06 13:21:00,22428.061533333334,TARGET,33.538466666665045,22588.8,22497.2,22507.058333333327,22571.375,28.782055555555555,1.2,2024-05-06,18,0.14,20,0.5,0.5
2024-05-07 10:08:00,short,22394.15,2024-05-07 10:25:00,22359.46426666667,TARGET,34.18573333333188,22499.05,22441.4,22462.674999999996,22499.125,29.321444444444428,1.2,2024-05-07,18,0.14,20,0.5,0.5
2024-05-08 12:16:00,long,22326.9,2024-05-08 12:16:00,22326.383333333328,STOP,-1.0166666666737,22282.65,22185.6,22326.883333333328,22365.55,30.255166666666646,1.2,2024-05-08,18,0.14,20,0.5,0.5
2024-05-09 10:25:00,short,22137.55,2024-05-09 12:47:00,22101.488999999998,TARGET,35.56100000000151,22307.75,22233.65,22276.925000000003,22299.54166666667,30.467499999999976,1.2,2024-05-09,18,0.14,20,0.5,0.5
2024-05-10 10:00:00,long,22109.95,2024-05-10 12:26:00,22005.191666666662,STOP,-105.25833333333867,22056.1,21950.3,22005.691666666662,22120.075,32.59355555555552,1.2,2024-05-10,18,0.14,20,0.5,0.5
2024-05-13 10:08:00,short,21844.9,2024-05-13 13:53:00,22049.8,STOP,-205.39999999999782,22067.3,21892.4,22040.8,22049.3,34.73963636363634,1.2,2024-05-13,22,0.16,20,0.5,0.5
2024-05-14 14:06:00,long,22260.4,2024-05-14 15:25:00,22218.85,EOD,-42.05000000000291,22182.7,22095.15,21975.875,22075.891666666663,71.20983333333331,1.2,2024-05-14,12,0.28,20,0.5,0.5
2024-05-15 10:14:00,short,22189.1,2024-05-15 11:00:00,22205.283333333326,STOP,-16.683333333327028,22278.55,22241.6,22175.65,22204.783333333326,33.33099999999999,1.2,2024-05-15,14,0.14,20,0.5,0.5
2024-05-16 10:54:00,short,22164.55,2024-05-16 12:09:00,22225.15,STOP,-61.10000000000218,22330.0,22255.55,22208.65000000001,22224.65,66.16866666666657,1.2,2024-05-16,12,0.28,20,0.5,0.5
2024-05-21 13:03:00,long,22577.2,2024-05-21 15:25:00,22525.65,EOD,-52.04999999999927,22509.05,22440.9,22423.9,22454.6,59.32261111111107,1.2,2024-05-21,18,0.26,20,0.5,0.5
2024-05-23 10:28:00,long,22698.85,2024-05-23 12:22:00,22771.548199999997,TARGET,72.1981999999989,22623.4,22577.45,22553.875,22597.791666666664,60.998499999999915,1.2,2024-05-23,28,0.28,20,0.5,0.5
2024-05-27 12:25:00,long,23088.6,2024-05-27 14:52:00,22964.85,STOP,-124.25,23043.2,22965.35,22954.500000000004,22967.2,32.26703846153839,1.2,2024-05-27,26,0.14,20,0.5,0.5
2024-05-28 15:24:00,short,22872.0,2024-05-28 15:25:00,22872.65,EOD,-1.1500000000014552,22992.4,22954.9,22953.833333333336,22991.0,60.98299999999986,1.2,2024-05-28,18,0.26,20,0.5,0.5
2024-05-30 11:36:00,short,22557.95,2024-05-30 14:32:00,22488.394654545456,TARGET,69.0553454545443,22705.75,22617.25,22724.291666666664,22755.475,58.379454545454415,1.2,2024-05-30,22,0.26,20,0.5,0.5
2024-06-04 11:09:00,short,22188.8,2024-06-04 11:09:00,22112.8089,TARGET,75.49109999999928,23159.45,22389.85,23200.5,23256.033333333333,63.74258333333323,1.2,2024-06-04,24,0.28,20,0.5,0.5
2024-06-05 11:10:00,long,22312.15,2024-06-05 11:29:00,22411.4385,TARGET,98.78849999999875,22131.6,21791.95,22023.283333333336,22220.45,83.15708333333326,1.2,2024-06-05,24,0.28,20,0.5,0.5
2024-06-06 11:09:00,long,22909.6,2024-06-06 15:25:00,22855.9,EOD,-54.19999999999709,22799.5,22642.6,22231.175000000003,22463.125000000007,90.89791666666663,1.2,2024-06-06,24,0.28,20,0.5,0.5
2024-06-07 11:14:00,long,23076.35,2024-06-07 11:53:00,23224.873499999998,TARGET,148.02349999999933,22943.35,22789.05,22776.375,22829.725,124.18625,1.2,2024-06-07,12,0.3,20,0.5,0.5
2024-06-12 10:41:00,long,23427.75,2024-06-12 15:25:00,23311.3,EOD,-116.95000000000073,23361.35,23295.95,23260.85,23298.050000000003,40.89000000000004,1.2,2024-06-12,14,0.1,20,0.5,0.5
2024-06-21 12:49:00,short,23451.7,2024-06-21 14:03:00,23564.7,STOP,-113.5,23667.1,23594.1,23533.3,23564.2,121.59375000000009,1.2,2024-06-21,12,0.3,20,0.5,0.5
2024-06-24 11:33:00,long,23531.9,2024-06-24 11:42:00,23500.783333333326,STOP,-31.616666666675883,23439.2,23351.5,23501.283333333326,23532.65,81.36625000000004,1.2,2024-06-24,12,0.3,20,0.5,0.5
2024-06-25 15:18:00,long,23732.35,2024-06-25 15:25:00,23736.95,EOD,4.100000000002183,23603.65,23571.05,23454.05,23516.749999999996,114.44464285714285,1.2,2024-06-25,14,0.3,20,0.5,0.5
2024-06-26 11:55:00,long,23824.6,2024-06-26 15:25:00,23864.6,EOD,39.5,23749.5,23670.45,23658.1,23711.0,62.72124999999996,1.2,2024-06-26,12,0.3,20,0.5,0.5
2024-06-27 10:10:00,long,23953.45,2024-06-27 12:51:00,24018.8645,TARGET,64.91449999999895,23887.45,23805.4,23780.175000000003,23836.79166666667,54.928749999999944,1.2,2024-06-27,12,0.3,20,0.5,0.5
2024-06-28 15:20:00,short,23993.4,2024-06-28 15:25:00,24006.8,EOD,-13.899999999997817,24137.5,24062.85,23946.425000000003,24025.708333333336,57.36374999999989,1.2,2024-06-28,12,0.3,20,0.5,0.5
2024-07-01 12:26:00,long,24120.5,2024-07-01 15:25:00,24138.05,EOD,17.049999999999272,24060.15,23992.7,24030.833333333336,24079.9,57.49874999999993,1.2,2024-07-01,12,0.3,20,0.5,0.5
2024-07-05 15:14:00,long,24342.55,2024-07-05 15:25:00,24324.4,EOD,-18.649999999997817,24260.95,24170.35,24318.666666666664,24341.0,28.79750000000001,1.2,2024-07-05,28,0.1,20,0.5,0.5
2024-07-09 13:06:00,long,24409.4,2024-07-09 15:25:00,24426.15,EOD,16.25,24373.55,24331.9,24291.275,24324.091666666667,28.5189285714286,1.2,2024-07-09,28,0.1,20,0.5,0.5
2024-07-10 10:15:00,short,24332.0,2024-07-10 10:21:00,24299.576,TARGET,31.92399999999907,24461.05,24383.6,24387.75,24413.683333333327,27.43666666666668,1.2,2024-07-10,30,0.1,20,0.5,0.5
2024-07-11 10:23:00,short,24264.1,2024-07-11 12:03:00,24224.6802,TARGET,38.91979999999967,24402.65,24313.25,24301.425,24317.075,33.26649999999997,1.2,2024-07-11,18,0.18,20,0.5,0.5
2024-07-12 11:06:00,long,24554.55,2024-07-12 15:25:00,24497.9,EOD,-57.14999999999782,24440.75,24342.45,24298.2,24333.533333333336,51.478071428571454,1.2,2024-07-12,28,0.18,20,0.5,0.5
2024-07-18 09:57:00,long,24649.25,2024-07-18 10:49:00,24616.416666666668,STOP,-33.33333333333212,24585.95,24515.75,24616.916666666668,24624.45,34.85442857142857,1.2,2024-07-18,28,0.18,20,0.5,0.5
2024-07-19 10:53:00,short,24668.35,2024-07-19 11:48:00,24626.51747142857,TARGET,41.33252857142725,24854.8,24727.75,24671.1,24759.466666666674,35.27710714285711,1.2,2024-07-19,28,0.18,20,0.5,0.5
2024-07-22 10:11:00,long,24548.25,2024-07-22 10:11:00,24579.791666666664,STOP,31.04166666666424,24485.3,24362.3,24580.291666666664,24681.475,34.09103571428566,1.2,2024-07-22,28,0.18,20,0.5,0.5
2024-07-23 12:25:00,short,24228.4,2024-07-23 12:28:00,24156.094800000003,TARGET,71.80519999999888,24582.55,24502.6,24478.75,24499.716666666667,60.67099999999995,1.2,2024-07-23,30,0.3,20,0.5,0.5
2024-07-24 12:25:00,short,24332.0,2024-07-24 14:31:00,24423.158333333333,STOP,-91.65833333333285,24493.55,24405.6,24328.375,24422.658333333333,60.44299999999992,1.2,2024-07-24,30,0.3,20,0.5,0.5
2024-07-25 11:55:00,long,24362.0,2024-07-25 11:55:00,24405.25,STOP,42.75,24276.45,24210.8,24405.75,24426.950000000004,60.5664999999999,1.2,2024-07-25,30,0.3,20,0.5,0.5
2024-07-26 10:08:00,long,24580.8,2024-07-26 11:11:00,24653.3704,TARGET,72.07040000000052,24494.2,24410.9,24318.475,24380.391666666663,60.891999999999925,1.2,2024-07-26,30,0.3,20,0.5,0.5
2024-07-29 14:07:00,short,24823.95,2024-07-29 14:07:00,24765.566666666673,STOP,57.883333333327755,24980.45,24897.8,24632.0,24765.066666666673,63.8539999999999,1.2,2024-07-29,30,0.3,20,0.5,0.5
2024-07-30 11:32:00,long,24943.25,2024-07-30 15:09:00,24855.725000000002,STOP,-88.02499999999782,24869.8,24798.65,24856.225000000002,24887.175,64.83399999999995,1.2,2024-07-30,30,0.3,20,0.5,0.5
2024-08-05 11:01:00,short,24086.6,2024-08-05 11:15:00,24010.4404,TARGET,75.65959999999905,24350.05,24192.5,24738.49166666667,24769.375,63.88299999999992,1.2,2024-08-05,30,0.3,20,0.5,0.5
2024-08-06 13:46:00,short,24053.2,2024-08-06 14:47:00,23974.791,TARGET,77.90899999999965,24382.6,24189.5,24082.791666666664,24121.875,65.75749999999992,1.2,2024-08-06,30,0.3,20,0.5,0.5
2024-08-08 15:16:00,short,24109.9,2024-08-08 15:25:00,24085.05,EOD,24.350000000002183,24263.5,24198.4,24261.300000000003,24286.86666666666,67.50549999999988,1.2,2024-08-08,30,0.3,20,0.5,0.5
2024-08-12 11:14:00,long,24434.5,2024-08-12 14:54:00,24364.975,STOP,-70.02500000000146,24323.7,24259.25,24365.475,24369.158333333333,66.18399999999987,1.2,2024-08-12,30,0.3,20,0.5,0.5
2024-08-13 13:00:00,short,24240.8,2024-08-13 13:57:00,24171.71464,TARGET,68.58536000000095,24359.95,24308.35,24342.449999999997,24351.816666666666,57.98779999999989,1.2,2024-08-13,30,0.26,20,0.5,0.5
2024-08-16 10:37:00,short,24234.7,2024-08-16 10:37:00,24153.533333333333,STOP,80.66666666666788,24403.55,24302.8,24148.1,24153.033333333333,57.892466666666586,1.2,2024-08-16,30,0.26,20,0.5,0.5
2024-08-20 13:01:00,long,24725.35,2024-08-20 15:25:00,24685.3,EOD,-40.54999999999927,24660.3,24607.2,24579.99166666667,24580.875,60.086866666666566,1.2,2024-08-20,30,0.26,20,0.5,0.5
2024-08-21 15:24:00,long,24783.4,2024-08-21 15:25:00,24779.35,EOD,-4.55000000000291,24708.1,24654.5,24670.75,24680.783333333333,59.50576666666654,1.2,2024-08-21,30,0.26,20,0.5,0.5
2024-08-26 10:17:00,long,25018.55,2024-08-26 15:25:00,25007.7,EOD,-11.349999999998545,24939.5,24874.7,24815.025,24826.975,42.492999999999874,1.2,2024-08-26,18,0.22,20,0.5,0.5
2024-08-28 11:40:00,long,25105.15,2024-08-28 15:25:00,25040.95,EOD,-64.70000000000073,25048.15,24970.15,25010.591666666667,25023.375,22.93799999999992,1.2,2024-08-28,14,0.14,20,0.5,0.5
2024-08-29 12:36:00,long,25170.45,2024-08-29 14:04:00,25042.841666666667,STOP,-128.10833333333358,25073.65,25017.5,25043.341666666667,25047.125,35.50433333333318,1.2,2024-08-29,12,0.22,20,0.5,0.5
2024-09-02 13:45:00,short,25252.75,2024-09-02 13:45:00,25244.433333333334,STOP,7.8166666666656965,25333.65,25283.2,25231.300000000003,25243.933333333334,28.21885714285704,1.2,2024-09-02,14,0.18,20,0.5,0.5
2024-09-04 13:23:00,long,25177.5,2024-09-04 13:23:00,25276.916666666664,STOP,98.91666666666424,25133.1,25083.8,25277.416666666664,25278.75,24.10328571428563,1.2,2024-09-04,14,0.18,20,0.5,0.5
2024-09-05 10:37:00,short,25161.4,2024-09-05 11:08:00,25186.866666666665,STOP,-25.966666666663514,25275.45,25203.8,25147.8,25186.366666666665,24.504428571428498,1.2,2024-09-05,14,0.18,20,0.5,0.5
2024-09-06 09:53:00,short,24980.45,2024-09-06 10:05:00,24954.810914285714,TARGET,25.13908571428692,25168.75,25085.1,25172.0,25201.6,21.782571428571345,1.2,2024-09-06,14,0.18,20,0.5,0.5
2024-09-09 10:47:00,long,24913.1,2024-09-09 10:47:00,24905.308333333334,STOP,-8.291666666664241,24827.8,24753.15,24905.808333333334,24985.025,22.237714285714237,1.2,2024-09-09,14,0.16,20,0.5,0.5
2024-09-10 10:00:00,short,24914.35,2024-09-10 10:00:00,24915.13333333333,STOP,-1.2833333333328483,25014.8,24966.15,24851.0,24914.63333333333,23.02171428571422,1.2,2024-09-10,14,0.16,20,0.5,0.5
2024-09-11 10:41:00,long,25080.75,2024-09-11 12:05:00,25106.8542,TARGET,25.604200000001583,25038.6,24981.3,25013.65,25040.15000000001,22.17016666666662,1.2,2024-09-11,18,0.14,20,0.5,0.5
2024-09-12 11:33:00,short,24982.95,2024-09-12 11:36:00,24999.925000000003,STOP,-17.475000000002183,25072.55,25010.1,24962.574999999997,24999.425000000003,24.90007692307686,1.2,2024-09-12,26,0.14,20,0.5,0.5
2024-09-18 10:49:00,long,25460.3,2024-09-18 13:04:00,25396.45,STOP,-64.34999999999854,25418.15,25380.8,25396.95,25407.783333333336,31.91174999999994,1.2,2024-09-18,16,0.18,20,0.5,0.5
2024-09-19 11:36:00,short,25437.8,2024-09-19 11:36:00,25384.375,STOP,52.92499999999927,25587.1,25481.7,25364.691666666673,25383.875,23.933269230769195,1.2,2024-09-19,26,0.14,20,0.5,0.5
2024-09-20 10:04:00,long,25579.05,2024-09-20 10:36:00,25607.221138461537,TARGET,27.67113846153734,25547.85,25453.3,25457.433333333327,25494.0,23.892615384615354,1.2,2024-09-20,26,0.14,20,0.5,0.5
2024-09-24 10:30:00,long,25974.25,2024-09-24 14:51:00,26007.3524,TARGET,32.60239999999976,25938.05,25886.85,25901.675,25921.624999999996,28.002000000000006,1.2,2024-09-24,12,0.12,20,0.5,0.5
2024-09-25 15:11:00,long,26017.1,2024-09-25 15:25:00,26015.35,EOD,-2.25,25951.75,25891.7,25949.199999999997,25949.9,25.574500000000008,1.2,2024-09-25,12,0.12,20,0.5,0.5
2024-09-26 12:05:00,long,26091.7,2024-09-26 14:20:00,26120.519876923077,TARGET,28.319876923076663,26056.0,25998.4,25952.074999999997,25994.591666666667,24.433230769230764,1.2,2024-09-26,26,0.14,20,0.5,0.5
2024-09-27 13:29:00,short,26179.2,2024-09-27 13:29:00,26178.41666666667,STOP,0.2833333333292103,26250.55,26208.9,26124.65,26177.91666666667,25.092038461538447,1.2,2024-09-27,26,0.14,20,0.5,0.5
2024-09-30 09:54:00,short,25968.95,2024-09-30 10:59:00,25939.061384615386,TARGET,29.38861538461424,26134.7,26026.6,26179.424999999996,26214.375,25.323846153846137,1.2,2024-09-30,26,0.14,20,0.5,0.5
2024-10-01 11:27:00,short,25758.15,2024-10-01 15:25:00,25807.15,EOD,-49.5,25907.6,25788.05,25857.025,25965.675000000003,26.676999999999982,1.2,2024-10-01,26,0.14,20,0.5,0.5
2024-10-03 11:50:00,short,25401.3,2024-10-03 13:02:00,25366.01495,TARGET,34.78504999999859,25631.7,25451.6,25812.233333333337,25823.4,29.82087499999999,1.2,2024-10-03,16,0.14,20,0.5,0.5
2024-10-04 11:58:00,long,25408.1,2024-10-04 12:26:00,25481.159249999997,TARGET,72.55924999999843,25287.9,25094.55,25310.25833333333,25434.875,61.29937500000001,1.2,2024-10-04,24,0.3,20,0.5,0.5
2024-10-07 10:51:00,short,24911.7,2024-10-07 11:04:00,24831.824,TARGET,79.3760000000002,25143.0,25049.9,25103.041666666668,25225.925,66.98000000000002,1.2,2024-10-07,24,0.3,20,0.5,0.5
2024-10-08 11:30:00,long,24982.8,2024-10-08 15:25:00,25035.1,EOD,51.79999999999927,24865.1,24765.8,24854.825,24918.675,76.7667857142858,1.2,2024-10-08,14,0.3,20,0.5,0.5
2024-10-09 10:44:00,long,25180.35,2024-10-09 14:29:00,25040.65,STOP,-140.1999999999971,25091.85,25041.15,24900.4,24990.533333333326,81.00535714285722,1.2,2024-10-09,14,0.3,20,0.5,0.5
2024-10-14 11:44:00,long,25130.45,2024-10-14 15:25:00,25137.1,EOD,6.149999999997817,25066.85,25017.5,24974.35,24975.183333333327,49.18943333333335,1.2,2024-10-14,30,0.22,20,0.5,0.5
2024-10-15 10:00:00,short,25081.65,2024-10-15 10:29:00,25039.734725000002,TARGET,41.41527499999938,25212.05,25166.25,25088.625,25121.275,35.346062499999995,1.2,2024-10-15,16,0.14,20,0.5,0.5
2024-10-16 11:43:00,short,24938.65,2024-10-16 14:28:00,25056.4,STOP,-118.25,25055.9,24994.65,25086.86666666667,25110.1,33.58862499999998,1.2,2024-10-16,16,0.14,20,0.5,0.5
2024-10-17 09:47:00,short,24837.25,2024-10-17 10:22:00,24802.515,TARGET,34.23500000000058,25029.5,24897.9,24973.175000000003,25000.925000000003,29.362499999999972,1.2,2024-10-17,16,0.12,20,0.5,0.5
2024-10-18 11:47:00,long,24777.2,2024-10-18 11:47:00,24793.666666666668,STOP,15.966666666667152,24694.95,24567.65,24794.166666666668,24879.2,71.5907499999999,1.2,2024-10-18,16,0.28,20,0.5,0.5
2024-10-21 09:57:00,short,24714.4,2024-10-21 10:07:00,24826.50833333334,STOP,-112.60833333333721,24978.3,24819.05,24726.925000000003,24826.00833333334,74.33999999999988,1.2,2024-10-21,16,0.28,20,0.5,0.5
2024-10-22 10:31:00,short,24648.95,2024-10-22 12:49:00,24610.802200000002,TARGET,37.647799999998824,24854.05,24755.35,24784.683333333334,24828.949999999997,32.20649999999995,1.2,2024-10-22,16,0.12,20,0.5,0.5
2024-10-23 11:09:00,long,24569.9,2024-10-23 12:12:00,24541.66666666667,STOP,-28.733333333329938,24521.4,24378.1,24542.16666666667,24663.9,34.53337499999998,1.2,2024-10-23,16,0.12,20,0.5,0.5
2024-10-25 10:05:00,short,24269.3,2024-10-25 10:47:00,24176.0644,TARGET,92.73559999999998,24440.25,24356.1,24408.24166666666,24410.925000000003,78.11300000000004,1.2,2024-10-25,16,0.28,20,0.5,0.5
2024-10-28 10:28:00,long,24382.55,2024-10-28 12:14:00,24474.8868,TARGET,91.83680000000095,24292.9,24172.35,24234.524999999998,24257.075,77.36399999999999,1.2,2024-10-28,16,0.28,20,0.5,0.5
2024-10-29 15:11:00,long,24475.45,2024-10-29 15:25:00,24468.1,EOD,-7.850000000002183,24378.65,24239.9,24313.75,24338.183333333327,74.55437499999994,1.2,2024-10-29,16,0.28,20,0.5,0.5
2024-10-31 12:48:00,short,24198.15,2024-10-31 15:25:00,24210.6,EOD,-12.94999999999709,24372.45,24245.3,24370.35,24402.75,30.442124999999976,1.2,2024-10-31,16,0.12,20,0.5,0.5
2024-11-04 10:12:00,short,23950.6,2024-11-04 10:39:00,23915.34795,TARGET,34.752049999999144,24316.75,24058.15,24230.908333333326,24272.525,29.793375000000005,1.2,2024-11-04,16,0.12,20,0.5,0.5
2024-11-05 11:50:00,short,23868.95,2024-11-05 13:28:00,24026.75,STOP,-158.29999999999927,24026.25,23908.65,24026.383333333335,24066.45,32.38800000000001,1.2,2024-11-05,16,0.12,20,0.5,0.5
2024-11-06 12:06:00,long,24435.35,2024-11-06 14:23:00,24531.3681,TARGET,95.51810000000114,24349.95,24204.05,24035.9,24144.1,80.43174999999998,1.2,2024-11-06,16,0.28,20,0.5,0.5
2024-11-07 10:09:00,short,24222.75,2024-11-07 15:25:00,24210.85,EOD,11.400000000001455,24503.35,24341.4,24370.824999999997,24452.874999999993,83.77949999999997,1.2,2024-11-07,16,0.28,20,0.5,0.5
2024-11-11 10:44:00,long,24239.95,2024-11-11 13:44:00,24141.1,STOP,-99.35000000000218,24145.6,24004.6,24141.6,24171.4,86.31612499999999,1.2,2024-11-11,16,0.28,20,0.5,0.5
2024-11-12 12:48:00,short,24012.2,2024-11-12 13:38:00,23922.28786,TARGET,89.41214000000036,24242.0,24158.95,24143.6,24170.699999999997,75.34344999999998,1.2,2024-11-12,20,0.26,20,0.5,0.5
2024-11-13 12:16:00,short,23686.15,2024-11-13 14:31:00,23585.16372,TARGET,100.48628000000099,23873.6,23780.3,23931.725,24048.275,84.57189999999999,1.2,2024-11-13,20,0.28,20,0.5,0.5
2024-11-19 11:44:00,long,23772.5,2024-11-19 15:03:00,23516.6,STOP,-256.40000000000146,23677.05,23517.1,23459.966666666674,23478.6,86.2897,1.2,2024-11-19,20,0.28,20,0.5,0.5
2024-11-22 12:33:00,long,23656.6,2024-11-22 13:59:00,23758.477519999997,TARGET,101.37751999999819,23541.1,23359.0,23366.375,23385.225,85.31459999999997,1.2,2024-11-22,20,0.28,20,0.5,0.5
2024-11-26 10:22:00,short,24165.65,2024-11-26 15:25:00,24193.45,EOD,-28.299999999999272,24336.65,24280.8,24243.5,24247.799999999996,43.866083333333265,1.2,2024-11-26,12,0.14,20,0.5,0.5
2024-11-27 13:17:00,long,24326.75,2024-11-27 15:25:00,24277.4,EOD,-49.849999999998545,24268.85,24153.75,24205.641666666663,24231.025,42.43924999999994,1.2,2024-11-27,12,0.14,20,0.5,0.5
2024-11-28 10:43:00,short,24111.45,2024-11-28 10:49:00,24062.6385,TARGET,48.311499999999796,24323.05,24265.5,24250.1,24268.63333333334,41.09291666666659,1.2,2024-11-28,12,0.14,20,0.5,0.5
2024-11-29 10:41:00,long,24098.95,2024-11-29 13:26:00,24151.4421,TARGET,51.99209999999948,24049.35,23947.35,24007.616666666665,24109.55,44.16008333333327,1.2,2024-11-29,12,0.14,20,0.5,0.5
2024-12-02 14:06:00,long,24256.45,2024-12-02 15:25:00,24274.05,EOD,17.099999999998545,24154.65,24008.65,24067.9,24103.766666666663,43.09724999999995,1.2,2024-12-02,12,0.14,20,0.5,0.5
2024-12-03 11:23:00,long,24439.5,2024-12-03 15:25:00,24439.05,EOD,-0.9500000000007276,24377.9,24280.0,24155.175000000003,24234.75833333334,41.9959166666666,1.2,2024-12-03,12,0.14,20,0.5,0.5
2024-12-05 09:56:00,short,24415.95,2024-12-05 10:58:00,24368.3552,TARGET,47.09479999999894,24539.95,24476.05,24469.75,24471.35,40.078999999999944,1.2,2024-12-05,14,0.14,20,0.5,0.5
2024-12-10 12:43:00,short,24556.45,2024-12-10 13:48:00,24521.456538461538,TARGET,34.493461538462725,24655.2,24593.25,24632.875,24642.525,29.577884615384605,1.2,2024-12-10,26,0.1,20,0.5,0.5
2024-12-11 11:42:00,long,24679.6,2024-12-11 15:25:00,24640.55,EOD,-39.54999999999927,24641.2,24597.6,24594.225,24611.175000000003,29.486538461538437,1.2,2024-12-11,26,0.1,20,0.5,0.5
2024-12-12 12:10:00,short,24561.6,2024-12-12 15:00:00,24528.66175,TARGET,32.43824999999924,24671.3,24617.1,24637.8,24639.966666666664,27.865208333333314,1.2,2024-12-12,24,0.1,20,0.5,0.5
2024-12-13 10:20:00,short,24290.7,2024-12-13 10:21:00,24258.693,TARGET,31.507000000001426,24520.8,24382.4,24573.533333333333,24601.6,27.089166666666642,1.2,2024-12-13,24,0.1,20,0.5,0.5
2024-12-16 11:20:00,short,24638.15,2024-12-16 12:14:00,24604.707000000002,TARGET,32.9429999999993,24781.25,24689.35,24486.55,24686.183333333338,28.285833333333315,1.2,2024-12-16,24,0.1,20,0.5,0.5
2024-12-17 09:56:00,short,24520.8,2024-12-17 10:20:00,24487.506999999998,TARGET,32.793000000001484,24624.1,24567.45,24672.766666666663,24691.5,28.160833333333315,1.2,2024-12-17,24,0.1,20,0.5,0.5
2024-12-18 11:04:00,short,24234.6,2024-12-18 12:23:00,24201.767666666667,TARGET,32.33233333333192,24356.0,24273.1,24373.391666666663,24463.775,27.776944444444418,1.2,2024-12-18,18,0.1,20,0.5,0.5
2024-12-20 10:07:00,short,23835.0,2024-12-20 10:19:00,23949.0,STOP,-114.5,23990.85,23887.9,23937.6,23948.5,25.365833333333345,1.2,2024-12-20,18,0.1,20,0.5,0.5
2024-12-23 11:16:00,long,23849.25,2024-12-23 12:30:00,23721.45,STOP,-128.29999999999927,23806.5,23721.95,23676.025,23801.574999999997,27.128055555555576,1.2,2024-12-23,18,0.1,20,0.5,0.5
2024-12-27 10:18:00,long,23928.3,2024-12-27 15:25:00,23829.2,EOD,-99.59999999999854,23862.6,23800.6,23754.05,23754.083333333332,59.48020833333333,1.2,2024-12-27,24,0.22,20,0.5,0.5
2024-12-30 13:54:00,short,23643.75,2024-12-30 15:25:00,23666.25,EOD,-23.0,23818.8,23744.85,23843.041666666664,23869.725,69.21849999999996,1.2,2024-12-30,30,0.26,20,0.5,0.5
2024-12-31 14:10:00,long,23679.35,2024-12-31 14:10:00,23695.775,STOP,15.92500000000291,23581.0,23527.85,23696.275,23757.324999999997,68.80293333333329,1.2,2024-12-31,30,0.26,20,0.5,0.5
2025-01-01 11:25:00,long,23753.7,2025-01-01 15:25:00,23757.8,EOD,3.599999999998545,23683.6,23607.05,23575.15,23629.316666666673,69.12923333333327,1.2,2025-01-01,30,0.26,20,0.5,0.5
2025-01-02 10:55:00,long,23914.7,2025-01-02 12:25:00,23997.19252,TARGET,81.99251999999979,23812.15,23751.55,23692.8,23736.466666666664,69.16043333333329,1.2,2025-01-02,30,0.26,20,0.5,0.5
2025-01-03 10:42:00,short,24015.45,2025-01-03 11:24:00,24118.708333333336,STOP,-103.75833333333503,24196.45,24096.95,23989.125,24118.208333333336,70.64849999999997,1.2,2025-01-03,30,0.26,20,0.5,0.5
2025-01-06 10:45:00,short,23863.2,2025-01-06 11:10:00,23776.6196,TARGET,86.08039999999892,24089.95,24014.0,24026.375,24086.225,72.56700000000005,1.2,2025-01-06,14,0.28,20,0.5,0.5
2025-01-08 12:08:00,short,23545.8,2025-01-08 14:21:00,23717.0,STOP,-171.70000000000073,23751.85,23628.15,23710.13333333333,23716.5,76.47300000000011,1.2,2025-01-08,14,0.28,20,0.5,0.5
2025-01-13 14:39:00,short,23056.45,2025-01-13 15:25:00,23089.75,EOD,-33.79999999999927,23270.9,23172.7,23449.50833333333,23470.625,72.19799999999996,1.2,2025-01-13,14,0.28,20,0.5,0.5
2025-01-21 10:05:00,short,23283.2,2025-01-21 10:12:00,23254.58,TARGET,28.11999999999898,23426.3,23355.15,23280.875,23317.025,24.266666666666666,1.2,2025-01-21,30,0.1,20,0.5,0.5
2025-01-22 12:05:00,short,23028.95,2025-01-22 12:28:00,22999.032,TARGET,29.418000000001484,23127.7,23069.7,23097.158333333333,23201.574999999997,25.348333333333333,1.2,2025-01-22,30,0.1,20,0.5,0.5
2025-01-23 09:47:00,long,23196.9,2025-01-23 10:11:00,23226.902400000003,TARGET,29.502400000001217,23146.45,23090.65,23075.425,23130.874999999996,25.418666666666677,1.2,2025-01-23,30,0.1,20,0.5,0.5
2025-01-24 10:07:00,short,23151.4,2025-01-24 10:20:00,23121.108600000003,TARGET,29.791399999998248,23292.05,23177.8,23180.725,23199.175000000003,25.659499999999998,1.2,2025-01-24,30,0.1,20,0.5,0.5
2025-01-27 10:35:00,short,22854.0,2025-01-27 14:12:00,22823.1086,TARGET,30.39140000000043,22989.65,22910.85,23126.050000000003,23198.65,26.159499999999998,1.2,2025-01-27,30,0.1,20,0.5,0.5
2025-01-28 11:56:00,long,23005.0,2025-01-28 12:05:00,23034.3276,TARGET,28.82760000000053,22973.45,22877.25,22851.324999999997,22897.175000000003,24.856333333333325,1.2,2025-01-28,30,0.1,20,0.5,0.5
2025-01-29 10:28:00,long,23090.3,2025-01-29 10:59:00,23120.0308,TARGET,29.23080000000118,23050.05,22976.5,22987.500000000007,22997.800000000003,25.192333333333323,1.2,2025-01-29,30,0.1,20,0.5,0.5
2025-01-30 10:09:00,long,23280.75,2025-01-30 10:31:00,23310.0176,TARGET,28.76759999999922,23211.0,23139.2,23078.925,23142.475000000002,24.806333333333328,1.2,2025-01-30,30,0.1,20,0.5,0.5
2025-01-31 09:53:00,long,23358.85,2025-01-31 09:58:00,23387.826999999997,TARGET,28.476999999998952,23332.45,23277.4,23225.175000000003,23261.35833333333,24.564166666666654,1.2,2025-01-31,30,0.1,20,0.5,0.5
2025-02-04 09:48:00,long,23569.95,2025-02-04 10:35:00,23478.95,STOP,-91.5,23534.25,23479.45,23301.8,23337.999999999996,23.730333333333306,1.2,2025-02-04,30,0.1,20,0.5,0.5
2025-02-05 12:56:00,short,23717.55,2025-02-05 12:56:00,23676.016666666666,STOP,41.03333333333285,23807.3,23750.0,23592.95,23675.516666666666,24.12116666666664,1.2,2025-02-05,30,0.1,20,0.5,0.5
2025-02-06 11:13:00,short,23612.7,2025-02-06 12:58:00,23584.3792,TARGET,27.820800000001327,23773.55,23652.15,23711.058333333327,23743.875,24.0173333333333,1.2,2025-02-06,30,0.1,20,0.5,0.5
2025-02-07 10:30:00,short,23540.45,2025-02-07 11:24:00,23665.4,STOP,-125.45000000000073,23683.9,23566.85,23635.466666666667,23664.9,24.07199999999996,1.2,2025-02-07,30,0.1,20,0.5,0.5
2025-02-10 10:17:00,short,23372.95,2025-02-10 12:01:00,23344.1114,TARGET,28.338599999999133,23568.6,23419.85,23568.34999999999,23568.85,24.44883333333329,1.2,2025-02-10,30,0.1,20,0.5,0.5
2025-02-11 12:31:00,short,23239.1,2025-02-11 12:58:00,23181.482379999998,TARGET,57.1176200000009,23390.05,23295.75,23405.283333333333,23442.449999999997,48.43134999999987,1.2,2025-02-11,20,0.22,20,0.5,0.5
2025-02-12 09:54:00,short,22875.4,2025-02-12 10:15:00,22814.184060000003,TARGET,60.71593999999823,23097.95,22935.2,23111.949999999997,23188.35,51.42994999999985,1.2,2025-02-12,20,0.22,20,0.5,0.5
2025-02-13 10:07:00,long,23186.55,2025-02-13 15:25:00,23025.4,EOD,-161.64999999999782,23115.05,22992.2,22971.525,23030.908333333326,53.62059999999987,1.2,2025-02-13,20,0.22,20,0.5,0.5
2025-02-14 10:44:00,short,22923.5,2025-02-14 10:48:00,22890.061415384615,TARGET,32.93858461538548,23133.7,23009.65,23055.216666666674,23113.85,28.282153846153793,1.2,2025-02-14,26,0.12,20,0.5,0.5
2025-02-17 15:04:00,long,22951.2,2025-02-17 15:25:00,22966.1,EOD,14.399999999997817,22874.75,22725.45,22937.02500000001,22954.275,38.36499999999993,1.2,2025-02-17,24,0.16,20,0.5,0.5
2025-02-18 10:41:00,short,22833.85,2025-02-18 13:44:00,22927.775,STOP,-94.42500000000291,22992.5,22868.45,22848.625,22927.275,29.052923076923022,1.2,2025-02-18,26,0.12,20,0.5,0.5
2025-02-19 09:56:00,long,22988.5,2025-02-19 10:20:00,23035.3128,TARGET,46.3127999999997,22892.45,22814.85,22897.0,22921.6,39.42733333333325,1.2,2025-02-19,24,0.16,20,0.5,0.5
2025-02-21 10:19:00,short,22765.8,2025-02-21 15:25:00,22791.45,EOD,-26.150000000001455,22921.0,22849.65,22868.3,22901.133333333328,39.659666666666574,1.2,2025-02-21,24,0.16,20,0.5,0.5
2025-02-24 10:30:00,short,22564.6,2025-02-24 15:25:00,22551.55,EOD,12.549999999999272,22668.05,22611.5,22800.85,22820.65,37.7611428571428,1.2,2025-02-24,28,0.16,20,0.5,0.5
2025-02-28 11:53:00,short,22231.15,2025-02-28 12:38:00,22187.12005714286,TARGET,43.52994285714158,22450.35,22276.8,22543.541666666664,22564.725,37.108285714285614,1.2,2025-02-28,28,0.16,20,0.5,0.5
2025-03-03 09:55:00,short,22059.8,2025-03-03 10:08:00,22014.91257142857,TARGET,44.387428571430064,22261.55,22152.5,22171.733333333337,22277.6,37.82285714285706,1.2,2025-03-03,28,0.16,20,0.5,0.5
2025-03-04 14:59:00,long,22099.05,2025-03-04 14:59:00,22127.475,STOP,27.924999999999272,22049.65,21964.6,22127.975,22133.125,36.72228571428562,1.2,2025-03-04,28,0.16,20,0.5,0.5
2025-03-05 10:41:00,long,22275.15,2025-03-05 11:36:00,22318.388971428572,TARGET,42.73897142857095,22221.4,22071.65,22034.824999999997,22058.408333333333,36.44914285714277,1.2,2025-03-05,28,0.16,20,0.5,0.5
2025-03-06 14:49:00,long,22535.85,2025-03-06 15:25:00,22537.95,EOD,1.6000000000021828,22491.3,22299.85,22233.275,22303.091666666667,37.26685714285707,1.2,2025-03-06,28,0.16,20,0.5,0.5
2025-03-07 11:21:00,long,22619.95,2025-03-07 15:25:00,22536.75,EOD,-83.70000000000073,22572.85,22464.75,22401.15,22492.683333333334,37.34285714285708,1.2,2025-03-07,28,0.16,20,0.5,0.5
2025-03-10 10:01:00,long,22651.3,2025-03-10 13:48:00,22540.75833333333,STOP,-111.04166666666788,22603.25,22498.65,22541.25833333333,22549.275,46.44249999999993,1.2,2025-03-10,24,0.2,20,0.5,0.5
2025-03-11 10:46:00,long,22423.55,2025-03-11 10:46:00,22485.36666666666,STOP,61.31666666666206,22387.6,22314.7,22485.86666666666,22552.9,28.577499999999958,1.2,2025-03-11,12,0.14,20,0.5,0.5
2025-03-12 11:00:00,short,22412.35,2025-03-12 11:28:00,22377.2942,TARGET,34.55579999999827,22577.4,22452.3,22415.35,22473.916666666664,29.629833333333302,1.2,2025-03-12,12,0.14,20,0.5,0.5
2025-03-13 11:53:00,short,22414.25,2025-03-13 12:46:00,22454.658333333333,STOP,-40.90833333333285,22556.0,22460.4,22453.475,22454.158333333333,30.179916666666653,1.2,2025-03-13,12,0.14,20,0.5,0.5
2025-03-18 10:09:00,long,22740.0,2025-03-18 11:37:00,22777.4855,TARGET,36.985499999998865,22688.65,22599.2,22480.575,22504.258333333335,31.654583333333335,1.2,2025-03-18,12,0.14,20,0.5,0.5
2025-03-19 12:57:00,long,22929.9,2025-03-19 15:25:00,22902.2,EOD,-28.200000000000728,22888.3,22807.95,22728.325,22809.274999999998,33.53408333333336,1.2,2025-03-19,12,0.14,20,0.5,0.5
2025-03-20 12:58:00,long,23111.65,2025-03-20 13:19:00,23148.4124,TARGET,36.262399999999616,23070.25,22994.4,22874.325,22893.241666666672,31.052000000000028,1.2,2025-03-20,12,0.14,20,0.5,0.5
2025-03-21 10:27:00,long,23279.3,2025-03-21 10:38:00,23315.864999999998,TARGET,36.06499999999869,23225.9,23132.8,23095.325,23156.141666666666,30.887500000000045,1.2,2025-03-21,12,0.14,20,0.5,0.5
2025-03-24 10:33:00,long,23567.6,2025-03-24 10:57:00,23605.9773,TARGET,37.877300000000105,23519.7,23451.75,23267.75,23328.75,32.39775000000005,1.2,2025-03-24,12,0.14,20,0.5,0.5
2025-03-25 09:55:00,long,23846.4,2025-03-25 10:57:00,23664.4,STOP,-182.5,23766.2,23664.9,23571.125,23637.975,31.837750000000053,1.2,2025-03-25,12,0.14,20,0.5,0.5
2025-03-26 11:53:00,short,23626.95,2025-03-26 11:59:00,23590.204400000002,TARGET,36.245599999998376,23736.5,23663.4,23679.624999999993,23748.574999999997,31.03800000000002,1.2,2025-03-26,12,0.14,20,0.5,0.5
2025-03-27 10:30:00,long,23620.65,2025-03-27 15:25:00,23589.4,EOD,-31.75,23562.1,23412.2,23515.533333333333,23594.1,42.013799999999996,1.2,2025-03-27,30,0.18,20,0.5,0.5
2025-03-28 13:49:00,short,23463.95,2025-03-28 14:29:00,23566.925000000003,STOP,-103.47500000000218,23629.7,23544.35,23519.475,23566.425000000003,45.71666666666667,1.2,2025-03-28,12,0.2,20,0.5,0.5
2025-04-01 11:03:00,short,23247.95,2025-04-01 11:36:00,23201.679442857145,TARGET,45.77055714285598,23518.45,23339.1,23510.35,23550.25,38.975464285714274,1.2,2025-04-01,28,0.18,20,0.5,0.5
2025-04-02 15:10:00,long,23336.3,2025-04-02 15:25:00,23336.1,EOD,-0.7000000000007276,23283.25,23158.45,23226.02500000001,23350.775,41.102700000000006,1.2,2025-04-02,30,0.18,20,0.5,0.5
2025-04-04 10:28:00,short,22929.6,2025-04-04 15:25:00,22905.15,EOD,23.94999999999709,23214.7,23029.4,23226.15,23245.216666666667,62.04250000000005,1.2,2025-04-04,20,0.26,20,0.5,0.5
2025-04-08 10:22:00,short,22404.2,2025-04-08 10:22:00,22154.908333333336,STOP,248.79166666666424,22577.55,22471.55,21998.825,22154.408333333336,66.29277777777779,1.2,2025-04-08,18,0.26,20,0.5,0.5
2025-04-11 11:39:00,long,22888.5,2025-04-11 15:25:00,22833.85,EOD,-55.150000000001455,22821.1,22709.95,22404.324999999997,22410.975,43.614,1.2,2025-04-11,30,0.18,20,0.5,0.5
2025-04-16 14:16:00,long,23417.45,2025-04-16 15:25:00,23445.45,EOD,27.5,23353.65,23277.0,23279.05,23327.083333333332,45.27657692307695,1.2,2025-04-16,26,0.18,20,0.5,0.5
2025-04-17 11:25:00,long,23481.6,2025-04-17 11:36:00,23560.601066666666,TARGET,78.50106666666761,23406.6,23298.55,23362.15,23418.016666666663,66.25088888888892,1.2,2025-04-17,18,0.26,20,0.5,0.5
2025-04-21 10:58:00,long,24098.55,2025-04-21 12:47:00,24185.195933333333,TARGET,86.14593333333323,24004.2,23903.65,23585.449999999997,23766.58333333333,72.62161111111114,1.2,2025-04-21,18,0.26,20,0.5,0.5
2025-04-23 10:45:00,short,24176.9,2025-04-23 10:45:00,24161.3,STOP,15.100000000002183,24359.3,24275.5,24157.3,24160.8,71.8105555555555,1.2,2025-04-23,18,0.26,20,0.5,0.5
2025-04-25 09:49:00,short,24168.3,2025-04-25 09:55:00,24113.80515384615,TARGET,53.9948461538479,24365.45,24264.8,24260.766666666663,24282.0,45.82903846153841,1.2,2025-04-25,26,0.18,20,0.5,0.5
2025-04-28 10:13:00,long,24266.45,2025-04-28 12:19:00,24323.74370769231,TARGET,56.79370769230809,24185.85,24054.05,24037.716666666667,24106.65,48.16142307692303,1.2,2025-04-28,26,0.18,20,0.5,0.5
2025-05-08 14:59:00,short,24262.35,2025-05-08 15:25:00,24219.6,EOD,42.25,24447.25,24373.45,24334.8,24385.999999999996,64.31316666666667,1.2,2025-05-08,18,0.26,20,0.5,0.5
2025-05-12 10:02:00,long,24712.95,2025-05-12 12:31:00,24762.1516,TARGET,48.701600000000326,24620.6,24378.85,24037.341666666674,24056.725,41.417999999999985,1.2,2025-05-12,28,0.16,20,0.5,0.5
2025-05-13 14:21:00,short,24572.8,2025-05-13 15:25:00,24566.75,EOD,5.549999999999272,24973.8,24675.6,24661.824999999997,24838.14166666667,75.79308333333333,1.2,2025-05-13,24,0.28,20,0.5,0.5
2025-05-15 13:14:00,long,24886.8,2025-05-15 13:31:00,24960.344666666664,TARGET,73.04466666666485,24706.75,24584.65,24651.55,24673.81666666667,61.70388888888884,1.2,2025-05-15,18,0.22,20,0.5,0.5
2025-05-20 12:54:00,short,24809.4,2025-05-20 14:06:00,24737.985666666667,TARGET,70.91433333333407,25010.35,24916.75,24962.66666666667,24989.800000000003,59.92861111111111,1.2,2025-05-20,18,0.22,20,0.5,0.5
2025-05-21 10:21:00,long,24901.65,2025-05-21 12:12:00,24745.341666666667,STOP,-156.8083333333343,24776.1,24692.65,24745.841666666667,24840.025,84.2421428571428,1.2,2025-05-21,28,0.3,20,0.5,0.5
2025-05-23 10:52:00,long,24879.75,2025-05-23 15:25:00,24853.05,EOD,-27.200000000000728,24751.75,24614.05,24599.95,24623.349999999995,59.781333333333336,1.2,2025-05-23,18,0.22,20,0.5,0.5
2025-05-29 11:17:00,short,24717.05,2025-05-29 15:01:00,24801.15,STOP,-84.60000000000218,24889.7,24793.8,24768.61666666666,24800.65,59.9493888888889,1.2,2025-05-29,18,0.22,20,0.5,0.5
2025-06-03 12:59:00,short,24530.0,2025-06-03 15:25:00,24534.95,EOD,-5.450000000000728,24845.1,24601.3,24640.275,24666.458333333336,60.89905555555558,1.2,2025-06-03,18,0.22,20,0.5,0.5
2025-06-05 12:12:00,long,24861.85,2025-06-05 15:25:00,24768.55,EOD,-93.79999999999927,24737.5,24613.1,24587.35,24603.08333333333,60.98338888888888,1.2,2025-06-05,18,0.22,20,0.5,0.5
2025-06-06 10:34:00,long,24861.05,2025-06-06 10:41:00,24909.795257142858,TARGET,48.24525714285846,24763.35,24703.7,24756.475,24764.858333333337,41.0377142857143,1.2,2025-06-06,28,0.16,20,0.5,0.5
2025-06-11 11:21:00,long,25190.25,2025-06-11 13:53:00,25111.725,STOP,-79.02500000000146,25144.05,25081.3,25112.225,25127.375,35.54177777777775,1.2,2025-06-11,18,0.16,20,0.5,0.5
2025-06-12 10:51:00,short,25057.2,2025-06-12 12:04:00,25020.155733333333,TARGET,36.54426666666768,25191.9,25117.6,25136.316666666666,25151.85,31.286888888888882,1.2,2025-06-12,18,0.14,20,0.5,0.5
2025-06-13 12:10:00,long,24688.8,2025-06-13 12:10:00,24914.183333333334,STOP,224.88333333333503,24653.15,24508.1,24914.683333333334,25011.050000000003,33.0291111111111,1.2,2025-06-13,18,0.14,20,0.5,0.5
