entry_time,side,entry_px,exit_time,exit_px,exit_reason,pnl_pts,ORH,ORL,PivotLow,PivotHigh,A_distance,TP_mult_A,Date,n_used,P_used,T,slippage,cost_pts
2021-09-24 13:35:00,short,17846.0,2021-09-24 13:35:00,17797.341666666667,STOP,48.15833333333285,17947.65,17889.7,17745.225,17796.841666666667,42.232749999999925,1.0,2021-09-24,16,0.28,20,0.5,0.5
2021-09-27 10:48:00,short,17836.75,2021-09-27 12:55:00,17884.025,STOP,-47.775000000001455,17933.2,17891.75,17856.275,17883.525,41.509124999999955,1.0,2021-09-27,16,0.28,20,0.5,0.5
2021-09-28 11:19:00,short,17797.1,2021-09-28 11:52:00,17782.699166666665,TARGET,13.90083333333314,17912.85,17814.75,17859.833333333332,17873.2,14.900833333333303,1.0,2021-09-28,18,0.1,20,0.5,0.5
2021-09-29 13:19:00,long,17697.65,2021-09-29 13:19:00,17743.891666666663,STOP,45.74166666666133,17670.2,17608.15,17744.391666666663,17744.475,16.28274999999998,1.0,2021-09-29,20,0.1,20,0.5,0.5
2021-09-30 13:25:00,short,17626.05,2021-09-30 14:26:00,17610.587499999998,TARGET,14.962500000001455,17739.9,17658.45,17694.95,17707.81666666667,15.962499999999963,1.0,2021-09-30,20,0.1,20,0.5,0.5
2021-10-04 09:55:00,long,17688.25,2021-10-04 09:58:00,17706.117916666666,TARGET,17.367916666666133,17643.1,17581.35,17505.025,17515.708333333336,18.36791666666668,1.0,2021-10-04,12,0.1,20,0.5,0.5
2021-10-05 12:50:00,long,17737.8,2021-10-05 12:56:00,17755.962916666667,TARGET,17.662916666668025,17696.75,17640.9,17666.125,17686.075000000004,18.66291666666672,1.0,2021-10-05,12,0.1,20,0.5,0.5
2021-10-06 10:23:00,short,17801.2,2021-10-06 10:23:00,17793.191666666666,STOP,7.508333333335031,17884.6,17839.8,17737.175000000003,17792.691666666666,18.140000000000054,1.0,2021-10-06,12,0.1,20,0.5,0.5
2021-10-07 12:07:00,long,17845.75,2021-10-07 15:25:00,17789.55,EOD,-56.70000000000073,17820.35,17763.8,17664.458333333336,17752.074999999997,18.36208333333337,1.0,2021-10-07,12,0.1,20,0.5,0.5
2021-10-08 10:33:00,long,17934.6,2021-10-08 12:15:00,17854.75,STOP,-80.34999999999854,17892.5,17855.25,17796.925,17810.675,18.111428571428615,1.0,2021-10-08,14,0.1,20,0.5,0.5
2021-10-11 10:44:00,long,17997.9,2021-10-11 15:25:00,17937.9,EOD,-60.5,17925.5,17839.1,17890.63333333333,17891.1,50.6170000000001,1.0,2021-10-11,16,0.28,20,0.5,0.5
2021-10-13 12:27:00,long,18159.3,2021-10-13 15:25:00,18158.65,EOD,-1.1499999999978172,18099.15,18050.75,17936.800000000003,17979.26666666667,47.76000000000005,1.0,2021-10-13,26,0.3,20,0.5,0.5
2021-10-19 10:13:00,short,18445.8,2021-10-19 10:17:00,18494.725,STOP,-49.42499999999927,18604.45,18534.65,18481.675000000003,18494.225,47.57884615384619,1.0,2021-10-19,26,0.3,20,0.5,0.5
2021-10-20 13:41:00,short,18289.65,2021-10-20 13:46:00,18268.377,TARGET,20.773000000001048,18458.2,18326.95,18442.258333333335,18491.075,21.773000000000067,1.0,2021-10-20,14,0.14,20,0.5,0.5
2021-10-21 10:43:00,short,18200.35,2021-10-21 10:49:00,18170.531499999997,TARGET,29.318500000001222,18384.2,18250.75,18300.808333333334,18333.824999999997,30.318500000000057,1.0,2021-10-21,18,0.18,20,0.5,0.5
2021-10-22 12:16:00,short,18144.5,2021-10-22 12:59:00,18112.602,TARGET,31.398000000001048,18296.75,18204.2,18208.733333333337,18216.1,32.39800000000007,1.0,2021-10-22,18,0.18,20,0.5,0.5
2021-10-25 10:06:00,short,18012.95,2021-10-25 11:52:00,18174.8,STOP,-162.34999999999854,18241.4,18049.65,18137.333333333332,18174.3,33.791000000000096,1.0,2021-10-25,18,0.18,20,0.5,0.5
2021-10-28 10:52:00,short,18037.7,2021-10-28 12:27:00,17993.3975,TARGET,43.8025000000016,18190.7,18103.4,18206.308333333334,18259.625,44.80250000000011,1.0,2021-10-28,24,0.24,20,0.5,0.5
2021-10-29 10:48:00,long,17901.95,2021-10-29 10:57:00,17888.224999999995,STOP,-14.22500000000582,17833.4,17613.1,17888.724999999995,17995.075,46.74150000000009,1.0,2021-10-29,24,0.24,20,0.5,0.5
2021-11-01 13:48:00,long,17902.25,2021-11-01 14:37:00,17950.2365,TARGET,47.48649999999907,17833.6,17697.1,17714.25833333333,17764.475,48.486500000000085,1.0,2021-11-01,24,0.24,20,0.5,0.5
2021-11-02 10:44:00,short,17896.65,2021-11-02 10:50:00,17905.5,STOP,-9.349999999998545,18012.25,17947.75,17825.6,17905.0,49.6505000000001,1.0,2021-11-02,24,0.24,20,0.5,0.5
2021-11-03 13:11:00,short,17820.35,2021-11-03 15:25:00,17826.45,EOD,-6.600000000002183,17978.55,17935.15,17904.541666666668,17929.925,68.6058333333335,1.0,2021-11-03,12,0.28,20,0.5,0.5
2021-11-10 13:58:00,long,18039.15,2021-11-10 13:58:00,18047.324999999997,STOP,7.674999999995634,17968.2,17915.55,18047.824999999997,18050.841666666667,60.36230769230783,1.0,2021-11-10,26,0.3,20,0.5,0.5
2021-11-11 12:43:00,short,17833.4,2021-11-11 15:25:00,17893.1,EOD,-60.19999999999709,17971.35,17910.55,17988.125,18004.808333333334,60.24057692307703,1.0,2021-11-11,26,0.3,20,0.5,0.5
2021-11-12 14:11:00,long,18083.9,2021-11-12 15:25:00,18106.4,EOD,22.0,17998.65,17943.2,17884.775,17889.99166666667,62.30250000000008,1.0,2021-11-12,22,0.3,20,0.5,0.5
2021-11-16 15:24:00,short,17974.95,2021-11-16 15:25:00,17976.9,EOD,-2.4500000000007276,18132.65,18063.5,18114.675000000003,18140.725,63.00613636363642,1.0,2021-11-16,22,0.3,20,0.5,0.5
2021-11-17 10:31:00,long,18006.8,2021-11-17 10:32:00,18001.675000000003,STOP,-5.624999999996362,17969.5,17906.6,18002.175000000003,18053.725,20.1214285714286,1.0,2021-11-17,28,0.1,20,0.5,0.5
2021-11-18 10:16:00,short,17769.6,2021-11-18 10:21:00,17750.157857142854,TARGET,18.942142857144063,17945.6,17840.8,17911.25833333333,17951.475,19.942142857142898,1.0,2021-11-18,28,0.1,20,0.5,0.5
2021-11-22 11:58:00,short,17524.5,2021-11-22 12:09:00,17459.750681818183,TARGET,64.24931818181722,17805.25,17611.35,17777.850000000002,17817.05,65.2493181818183,1.0,2021-11-22,22,0.3,20,0.5,0.5
2021-11-23 11:57:00,long,17449.6,2021-11-23 11:57:00,17474.949999999997,STOP,24.849999999998545,17363.05,17216.1,17475.449999999997,17542.85,71.0713636363637,1.0,2021-11-23,22,0.3,20,0.5,0.5
2021-11-24 15:13:00,short,17420.1,2021-11-24 15:21:00,17398.30357142857,TARGET,21.296428571429715,17572.35,17485.05,17384.9,17448.933333333334,22.29642857142861,1.0,2021-11-24,28,0.1,20,0.5,0.5
2021-11-25 11:33:00,long,17497.65,2021-11-25 12:10:00,17519.51803571429,TARGET,21.368035714287544,17454.0,17375.05,17415.15,17489.15,22.36803571428574,1.0,2021-11-25,28,0.1,20,0.5,0.5
2021-11-26 10:28:00,short,17164.65,2021-11-26 10:49:00,17122.567000000003,TARGET,41.58299999999872,17355.4,17272.0,17458.025,17521.341666666667,42.58299999999999,1.0,2021-11-26,18,0.18,20,0.5,0.5
2021-11-29 11:33:00,long,17141.7,2021-11-29 13:01:00,17063.950000000004,STOP,-78.24999999999636,17068.8,16782.4,17064.450000000004,17170.550000000003,42.3675,1.0,2021-11-29,18,0.18,20,0.5,0.5
2021-11-30 10:31:00,long,17310.1,2021-11-30 11:35:00,17050.55,STOP,-260.0499999999993,17241.35,17051.05,16971.550000000003,17025.716666666667,38.95028571428569,1.0,2021-11-30,14,0.16,20,0.5,0.5
2021-12-02 11:24:00,long,17316.55,2021-12-02 14:30:00,17341.222678571427,TARGET,24.17267857142724,17264.45,17149.3,17138.65,17160.949999999997,25.17267857142858,1.0,2021-12-02,28,0.1,20,0.5,0.5
2021-12-03 10:05:00,short,17375.6,2021-12-03 10:05:00,17367.074999999997,STOP,8.025000000001455,17489.8,17415.9,17284.824999999997,17366.574999999997,25.251607142857146,1.0,2021-12-03,28,0.1,20,0.5,0.5
2021-12-06 11:32:00,short,17067.95,2021-12-06 12:19:00,17042.915,TARGET,24.534999999999854,17216.75,17115.9,17244.400000000005,17335.3,25.534999999999993,1.0,2021-12-06,24,0.1,20,0.5,0.5
2021-12-07 10:05:00,long,17091.2,2021-12-07 10:38:00,17115.959166666667,TARGET,24.259166666666715,17058.9,16987.75,16957.341666666667,17054.225,25.25916666666666,1.0,2021-12-07,24,0.1,20,0.5,0.5
2021-12-08 15:08:00,long,17470.85,2021-12-08 15:25:00,17466.8,EOD,-4.549999999999272,17390.1,17308.95,17119.7,17154.93333333333,70.79399999999998,1.0,2021-12-08,28,0.28,20,0.5,0.5
2021-12-09 10:34:00,short,17396.3,2021-12-09 11:04:00,17444.29166666667,STOP,-48.491666666672245,17543.25,17423.2,17396.775,17443.79166666667,24.75833333333332,1.0,2021-12-09,24,0.1,20,0.5,0.5
2021-12-13 12:28:00,short,17459.6,2021-12-13 12:59:00,17392.155,TARGET,66.94499999999971,17639.5,17600.75,17469.8,17487.733333333334,67.94499999999998,1.0,2021-12-13,28,0.28,20,0.5,0.5
2021-12-16 14:43:00,short,17193.15,2021-12-16 15:23:00,17272.2,STOP,-79.54999999999927,17379.35,17282.9,17232.966666666664,17271.7,70.40799999999997,1.0,2021-12-16,14,0.28,20,0.5,0.5
2021-12-17 10:42:00,short,17031.3,2021-12-17 15:25:00,16989.4,EOD,41.39999999999782,17298.15,17139.6,17276.35,17282.15,69.81255555555546,1.0,2021-12-17,18,0.28,20,0.5,0.5
2021-12-20 11:34:00,short,16548.4,2021-12-20 12:36:00,16479.179222222225,TARGET,68.72077777777668,16840.1,16653.15,17036.700000000004,17132.300000000003,69.72077777777766,1.0,2021-12-20,18,0.28,20,0.5,0.5
2021-12-21 11:56:00,long,16913.8,2021-12-21 14:33:00,16722.45,STOP,-191.84999999999854,16839.45,16722.95,16624.516666666663,16625.15,72.94077777777767,1.0,2021-12-21,18,0.28,20,0.5,0.5
2021-12-24 10:11:00,short,16931.7,2021-12-24 14:47:00,17067.6,STOP,-136.39999999999782,17155.6,17042.7,17055.86666666667,17067.1,74.66324999999999,1.0,2021-12-24,20,0.3,20,0.5,0.5
2021-12-27 10:38:00,long,17000.65,2021-12-27 10:38:00,17013.0,STOP,11.849999999998545,16960.25,16833.2,17013.5,17032.6,22.890312500000007,1.0,2021-12-27,16,0.1,20,0.5,0.5
2021-12-30 10:30:00,long,17258.6,2021-12-30 15:00:00,17198.95,STOP,-60.14999999999782,17222.9,17146.35,17199.45,17233.45,30.845149999999983,1.0,2021-12-30,20,0.14,20,0.5,0.5
2021-12-31 12:46:00,long,17385.25,2021-12-31 15:25:00,17355.6,EOD,-30.150000000001455,17339.3,17238.5,17205.199999999997,17207.5,29.771699999999992,1.0,2021-12-31,20,0.14,20,0.5,0.5
2022-01-03 10:31:00,long,17510.9,2022-01-03 12:20:00,17538.2088125,TARGET,26.808812499999476,17478.6,17383.3,17319.65,17343.949999999997,27.808812499999984,1.0,2022-01-03,16,0.14,20,0.5,0.5
2022-01-04 14:38:00,long,17760.7,2022-01-04 14:59:00,17789.1835,TARGET,27.983499999998457,17715.45,17647.55,17514.975,17590.191666666666,28.983500000000017,1.0,2022-01-04,16,0.14,20,0.5,0.5
2022-01-05 12:20:00,long,17875.35,2022-01-05 12:52:00,17902.95395,TARGET,27.103950000000623,17829.65,17771.7,17710.574999999997,17780.458333333336,28.10394999999999,1.0,2022-01-05,20,0.14,20,0.5,0.5
2022-01-07 12:46:00,short,17711.8,2022-01-07 12:50:00,17735.98333333333,STOP,-24.683333333330665,17877.35,17787.7,17726.75,17735.48333333333,28.096600000000024,1.0,2022-01-07,20,0.14,20,0.5,0.5
2022-01-10 15:10:00,long,18002.0,2022-01-10 15:25:00,18009.9,EOD,7.400000000001455,17955.6,17879.15,17804.775,17817.558333333334,35.42880000000001,1.0,2022-01-10,30,0.16,20,0.5,0.5
2022-01-12 15:08:00,long,18222.85,2022-01-12 15:25:00,18204.35,EOD,-19.0,18184.6,18128.8,18022.825,18046.541666666668,32.65413333333332,1.0,2022-01-12,30,0.16,20,0.5,0.5
2022-01-14 13:53:00,long,18247.1,2022-01-14 14:24:00,18217.525,STOP,-30.07499999999709,18198.05,18119.65,18218.025,18246.208333333336,31.52213333333334,1.0,2022-01-14,30,0.16,20,0.5,0.5
2022-01-18 09:45:00,short,18249.4,2022-01-18 09:59:00,18220.37226666667,TARGET,28.527733333332435,18350.95,18320.1,18275.15,18298.949999999997,29.527733333333337,1.0,2022-01-18,30,0.16,20,0.5,0.5
2022-01-19 11:23:00,short,17956.55,2022-01-19 12:37:00,17912.2875,TARGET,43.76250000000073,18121.1,18020.7,18159.74166666667,18218.425000000003,44.762499999999996,1.0,2022-01-19,24,0.24,20,0.5,0.5
2022-01-20 11:26:00,short,17790.35,2022-01-20 13:24:00,17745.6695,TARGET,44.180499999998574,17943.7,17858.65,17962.066666666666,18003.0,45.18049999999999,1.0,2022-01-20,24,0.24,20,0.5,0.5
2022-01-24 11:25:00,short,17378.05,2022-01-24 11:47:00,17335.8155,TARGET,41.73449999999866,17599.4,17433.7,17596.725,17629.74166666667,42.734500000000004,1.0,2022-01-24,24,0.24,20,0.5,0.5
2022-01-25 09:47:00,long,17119.55,2022-01-25 09:47:00,17192.975,STOP,72.92499999999927,17021.6,16836.8,17193.475,17298.625,46.26850000000002,1.0,2022-01-25,24,0.24,20,0.5,0.5
2022-01-27 12:16:00,short,16880.7,2022-01-27 13:51:00,17073.65,STOP,-193.45000000000073,17073.15,16958.85,17072.975,17210.391666666663,49.49300000000002,1.0,2022-01-27,24,0.24,20,0.5,0.5
2022-01-28 14:42:00,short,17161.2,2022-01-28 14:42:00,17095.341666666667,STOP,65.35833333333358,17322.25,17206.3,17024.625,17094.841666666667,37.939909090909104,1.0,2022-01-28,22,0.18,20,0.5,0.5
2022-01-31 12:17:00,long,17398.0,2022-01-31 15:25:00,17325.55,EOD,-72.95000000000073,17336.1,17269.2,17146.3,17225.3,39.636000000000045,1.0,2022-01-31,22,0.18,20,0.5,0.5
2022-02-01 10:32:00,long,17586.0,2022-02-01 11:36:00,17468.0,STOP,-118.5,17534.95,17468.5,17329.724999999995,17337.075,39.9702272727273,1.0,2022-02-01,22,0.18,20,0.5,0.5
2022-02-02 14:42:00,long,17779.5,2022-02-02 15:25:00,17787.0,EOD,7.0,17732.75,17674.8,17433.475,17541.391666666663,42.09872727272731,1.0,2022-02-02,22,0.18,20,0.5,0.5
2022-02-03 11:47:00,short,17655.85,2022-02-03 13:40:00,17614.599,TARGET,40.751000000000204,17781.15,17718.9,17734.699999999997,17769.9,41.75100000000004,1.0,2022-02-03,22,0.18,20,0.5,0.5
2022-02-07 11:08:00,short,17355.45,2022-02-07 11:20:00,17314.925136363636,TARGET,40.0248636363649,17536.75,17417.95,17516.925,17540.175,41.024863636363676,1.0,2022-02-07,22,0.18,20,0.5,0.5
2022-02-08 10:38:00,short,17128.6,2022-02-08 10:42:00,17086.262863636362,TARGET,41.83713636363609,17306.45,17176.2,17251.69166666667,17328.075,42.837136363636375,1.0,2022-02-08,22,0.18,20,0.5,0.5
2022-02-10 11:11:00,long,17591.0,2022-02-10 13:50:00,17633.79,TARGET,42.29000000000087,17540.05,17467.6,17406.7,17450.899999999998,43.29,1.0,2022-02-10,22,0.18,20,0.5,0.5
2022-02-11 11:10:00,short,17314.3,2022-02-11 15:25:00,17357.45,EOD,-43.650000000001455,17454.75,17371.05,17533.300000000003,17570.966666666667,43.926954545454564,1.0,2022-02-11,22,0.18,20,0.5,0.5
2022-02-14 14:49:00,short,16886.1,2022-02-14 15:06:00,16863.531153846154,TARGET,22.068846153844788,17099.5,16916.55,17364.25833333333,17378.875,23.06884615384616,1.0,2022-02-14,26,0.1,20,0.5,0.5
2022-02-15 12:02:00,long,17068.6,2022-02-15 12:49:00,17091.704230769228,TARGET,22.604230769229616,16998.95,16896.4,16865.866666666672,16958.7,23.604230769230767,1.0,2022-02-15,26,0.1,20,0.5,0.5
2022-02-17 10:35:00,short,17263.85,2022-02-17 11:01:00,17374.65,STOP,-111.30000000000291,17442.9,17314.3,17328.683333333334,17374.15,25.272499999999994,1.0,2022-02-17,26,0.1,20,0.5,0.5
2022-02-21 12:08:00,long,17294.9,2022-02-21 12:29:00,17284.066666666666,STOP,-11.333333333335759,17231.3,17085.5,17284.566666666666,17300.0,49.82645454545455,1.0,2022-02-21,22,0.18,20,0.5,0.5
2022-02-22 14:16:00,long,17089.15,2022-02-22 14:16:00,17210.375,STOP,120.72499999999854,16977.4,16843.8,17210.875,17212.458333333336,47.7373846153846,1.0,2022-02-22,26,0.18,20,0.5,0.5
2022-02-23 15:09:00,short,17071.05,2022-02-23 15:09:00,17051.55833333333,STOP,18.991666666668607,17220.7,17160.35,16996.175,17051.05833333333,45.14759999999999,1.0,2022-02-23,30,0.18,20,0.5,0.5
2022-02-24 12:50:00,short,16471.45,2022-02-24 13:31:00,16432.584666666666,TARGET,38.365333333335,16705.25,16546.75,17073.858333333337,17124.275,39.36533333333332,1.0,2022-02-24,18,0.16,20,0.5,0.5
2022-02-25 10:41:00,long,16711.8,2022-02-25 15:25:00,16646.85,EOD,-65.45000000000073,16611.5,16478.3,16302.908333333333,16459.425,62.272692307692324,1.0,2022-02-25,26,0.22,20,0.5,0.5
2022-02-28 10:52:00,long,16567.0,2022-02-28 10:52:00,16613.05,STOP,45.54999999999927,16506.1,16356.3,16613.55,16636.083333333332,28.196607142857147,1.0,2022-02-28,28,0.1,20,0.5,0.5
2022-03-02 12:53:00,short,16494.85,2022-03-02 15:25:00,16636.75,EOD,-142.40000000000146,16678.5,16547.4,16586.1,16716.933333333334,44.50533333333334,1.0,2022-03-02,18,0.16,20,0.5,0.5
2022-03-03 12:25:00,short,16574.65,2022-03-03 12:59:00,16525.867125,TARGET,48.282875000000786,16768.95,16674.15,16578.575,16617.024999999998,49.28287499999998,1.0,2022-03-03,16,0.18,20,0.5,0.5
2022-03-04 11:02:00,short,16143.15,2022-03-04 12:56:00,16365.35,STOP,-222.70000000000073,16364.85,16233.5,16536.116666666672,16605.95,49.993874999999996,1.0,2022-03-04,16,0.18,20,0.5,0.5
2022-03-08 12:44:00,short,15710.2,2022-03-08 13:07:00,15680.22392857143,TARGET,29.47607142857123,15864.55,15747.4,16267.166666666666,16294.9,30.476071428571426,1.0,2022-03-08,14,0.1,20,0.5,0.5
2022-03-09 12:25:00,long,16220.8,2022-03-09 12:50:00,16274.026624999999,TARGET,52.72662499999933,16139.85,15990.0,15850.1,15956.066666666668,53.726624999999984,1.0,2022-03-09,16,0.18,20,0.5,0.5
2022-03-10 14:02:00,short,16488.4,2022-03-10 14:02:00,16300.208333333334,STOP,187.69166666666752,16757.3,16593.05,16204.025,16299.708333333334,53.81880000000003,1.0,2022-03-10,30,0.18,20,0.5,0.5
2022-03-14 14:16:00,long,16824.05,2022-03-14 15:25:00,16867.1,EOD,42.54999999999927,16702.55,16629.1,16582.65,16608.449999999997,86.87622222222217,1.0,2022-03-14,18,0.28,20,0.5,0.5
2022-03-15 13:07:00,short,16730.1,2022-03-15 14:00:00,16646.924416666665,TARGET,82.67558333333363,16927.75,16852.15,16747.025,16827.408333333333,83.67558333333332,1.0,2022-03-15,12,0.26,20,0.5,0.5
2022-03-17 12:42:00,long,17319.7,2022-03-17 15:25:00,17293.95,EOD,-26.25,17228.85,17176.25,16912.875,16952.35833333333,80.17208333333335,1.0,2022-03-17,12,0.26,20,0.5,0.5
2022-03-21 12:49:00,short,17156.4,2022-03-21 15:25:00,17121.0,EOD,34.900000000001455,17353.35,17255.7,17260.175,17283.025000000005,77.96966666666664,1.0,2022-03-21,12,0.26,20,0.5,0.5
2022-03-22 13:20:00,long,17219.05,2022-03-22 13:53:00,17292.128916666665,TARGET,72.57891666666546,17143.15,17051.6,17155.291666666664,17224.875,73.57891666666652,1.0,2022-03-22,12,0.26,20,0.5,0.5
2022-03-23 12:08:00,short,17259.85,2022-03-23 12:12:00,17276.041666666668,STOP,-16.691666666669335,17442.4,17368.15,17168.425,17275.541666666668,76.27424999999988,1.0,2022-03-23,12,0.26,20,0.5,0.5
2022-03-25 13:56:00,short,17093.6,2022-03-25 15:25:00,17191.4,EOD,-98.30000000000291,17294.9,17171.95,17191.45,17200.81666666667,71.83691666666657,1.0,2022-03-25,12,0.26,20,0.5,0.5
2022-04-01 14:08:00,long,17591.65,2022-04-01 15:15:00,17672.2995,TARGET,80.14949999999953,17499.95,17422.7,17476.86666666667,17497.5,81.14949999999992,1.0,2022-04-01,30,0.3,20,0.5,0.5
2022-04-04 10:13:00,long,18082.2,2022-04-04 15:25:00,18045.45,EOD,-37.25,17947.15,17791.4,17563.2,17651.099999999995,78.6019999999999,1.0,2022-04-04,30,0.3,20,0.5,0.5
2022-04-08 14:08:00,long,17827.4,2022-04-08 15:25:00,17793.7,EOD,-34.20000000000073,17723.6,17632.95,17664.233333333337,17705.6,77.57549999999993,1.0,2022-04-08,30,0.3,20,0.5,0.5
2022-04-12 13:50:00,short,17462.15,2022-04-12 14:45:00,17594.9,STOP,-133.25,17594.4,17520.2,17689.066666666666,17715.0,51.83244444444436,1.0,2022-04-12,18,0.26,20,0.5,0.5
2022-04-13 10:34:00,short,17546.1,2022-04-13 10:34:00,17524.674999999996,STOP,20.92500000000291,17663.65,17585.45,17518.824999999997,17524.174999999996,33.590181818181776,1.0,2022-04-13,22,0.16,20,0.5,0.5
2022-04-18 12:33:00,short,17110.7,2022-04-18 12:54:00,17077.735272727274,TARGET,32.46472727272703,17237.75,17160.7,17501.74166666667,17560.525,33.46472727272723,1.0,2022-04-18,22,0.16,20,0.5,0.5
2022-04-19 15:04:00,short,17024.35,2022-04-19 15:06:00,16992.193636363634,TARGET,31.656363636364404,17275.65,17176.75,17152.8,17175.033333333336,32.65636363636361,1.0,2022-04-19,22,0.16,20,0.5,0.5
2022-04-20 12:47:00,long,17163.5,2022-04-20 15:25:00,17149.15,EOD,-14.849999999998545,17115.35,16978.95,16925.041666666664,17065.125,35.299285714285716,1.0,2022-04-20,14,0.18,20,0.5,0.5
2022-04-21 11:08:00,long,17314.35,2022-04-21 11:25:00,17347.278727272726,TARGET,32.428727272726974,17253.8,17215.5,17082.925000000003,17127.408333333333,33.42872727272725,1.0,2022-04-21,22,0.16,20,0.5,0.5
2022-04-22 11:25:00,long,17294.5,2022-04-22 11:25:00,17314.6,STOP,19.599999999998545,17253.85,17196.05,17315.1,17369.0,33.64945454545454,1.0,2022-04-22,22,0.16,20,0.5,0.5
2022-04-27 12:54:00,short,16986.85,2022-04-27 15:25:00,17035.15,EOD,-48.80000000000291,17110.7,17056.65,17144.15,17187.816666666666,31.228363636363593,1.0,2022-04-27,22,0.16,20,0.5,0.5
2022-04-28 12:40:00,long,17199.05,2022-04-28 13:01:00,17229.426727272727,TARGET,29.876727272727294,17158.55,17097.15,17034.575,17034.625000000004,30.87672727272724,1.0,2022-04-28,22,0.16,20,0.5,0.5
2022-04-29 14:28:00,short,17229.95,2022-04-29 14:28:00,17217.625,STOP,11.825000000000728,17349.3,17300.9,17196.775,17217.125,31.117454545454503,1.0,2022-04-29,22,0.16,20,0.5,0.5
2022-05-02 14:54:00,long,17070.25,2022-05-02 14:54:00,17124.516666666666,STOP,53.766666666666424,17014.35,16917.25,17125.016666666666,17215.45,31.795272727272717,1.0,2022-05-02,22,0.16,20,0.5,0.5
2022-05-04 10:22:00,short,17003.5,2022-05-04 10:30:00,16971.694909090907,TARGET,31.30509090909254,17132.85,17050.65,17004.75,17045.716666666667,32.305090909090914,1.0,2022-05-04,22,0.16,20,0.5,0.5
2022-05-05 10:14:00,long,16921.2,2022-05-05 13:43:00,16778.35,STOP,-143.35000000000218,16863.25,16778.85,16747.4,16878.4,35.022181818181814,1.0,2022-05-05,22,0.16,20,0.5,0.5
2022-05-09 11:47:00,long,16295.45,2022-05-09 11:47:00,16412.05,STOP,116.09999999999854,16270.2,16142.1,16412.55,16423.983333333334,21.764000000000024,1.0,2022-05-09,20,0.1,20,0.5,0.5
2022-05-10 12:17:00,long,16378.1,2022-05-10 12:55:00,16400.06625,TARGET,21.46624999999949,16352.5,16243.5,16272.900000000001,16296.333333333336,22.46625000000002,1.0,2022-05-10,20,0.1,20,0.5,0.5
2022-05-11 09:48:00,short,16212.1,2022-05-11 09:54:00,16191.299500000001,TARGET,20.300499999999374,16318.75,16259.4,16251.100000000002,16311.5,21.300499999999996,1.0,2022-05-11,30,0.1,20,0.5,0.5
2022-05-12 11:06:00,short,15856.1,2022-05-12 11:14:00,15834.940166666667,TARGET,20.659833333333154,16041.95,15882.6,16155.675,16175.558333333334,21.65983333333332,1.0,2022-05-12,30,0.1,20,0.5,0.5
2022-05-13 13:21:00,long,16067.65,2022-05-13 14:16:00,15922.55,STOP,-145.60000000000036,16032.3,15923.05,15847.583333333334,15888.85,22.796730769230784,1.0,2022-05-13,26,0.1,20,0.5,0.5
2022-05-17 10:41:00,long,16059.2,2022-05-17 11:25:00,16118.6196,TARGET,58.919599999999264,15977.5,15900.8,15858.8,15859.233333333337,59.919600000000024,1.0,2022-05-17,30,0.26,20,0.5,0.5
2022-05-19 13:06:00,short,15829.1,2022-05-19 15:25:00,15840.1,EOD,-11.5,15984.75,15904.65,16262.466666666664,16305.5,61.31320000000004,1.0,2022-05-19,30,0.26,20,0.5,0.5
2022-05-20 13:26:00,long,16209.95,2022-05-20 15:07:00,16276.056222222223,TARGET,65.60622222222264,16140.25,16003.85,15853.058333333336,15879.975,66.6062222222222,1.0,2022-05-20,18,0.26,20,0.5,0.5
2022-05-25 11:49:00,short,16078.6,2022-05-25 13:48:00,16009.6085,TARGET,68.49150000000009,16223.35,16174.25,16142.733333333334,16170.7,69.49150000000004,1.0,2022-05-25,18,0.26,20,0.5,0.5
2022-05-26 10:36:00,short,15934.65,2022-05-26 13:15:00,16115.650000000001,STOP,-181.50000000000182,16129.9,16059.1,16059.616666666665,16115.150000000001,68.98522222222223,1.0,2022-05-26,18,0.26,20,0.5,0.5
2022-05-30 11:16:00,long,16676.7,2022-05-30 15:25:00,16664.4,EOD,-12.799999999999272,16612.2,16506.15,16296.275000000001,16337.791666666668,49.60333333333332,1.0,2022-05-30,24,0.2,20,0.5,0.5
2022-05-31 12:06:00,long,16653.05,2022-05-31 15:07:00,16600.325,STOP,-53.224999999998545,16599.45,16521.9,16600.825,16643.541666666668,49.80124999999998,1.0,2022-05-31,24,0.2,20,0.5,0.5
2022-06-01 13:46:00,short,16491.3,2022-06-01 14:44:00,16441.92,TARGET,48.88000000000102,16649.2,16561.95,16560.44166666667,16606.325,49.879999999999995,1.0,2022-06-01,24,0.2,20,0.5,0.5
2022-06-02 13:03:00,long,16579.95,2022-06-02 14:15:00,16629.814166666667,TARGET,49.36416666666628,16529.05,16443.05,16543.608333333337,16544.025,50.36416666666668,1.0,2022-06-02,24,0.2,20,0.5,0.5
2022-06-03 13:37:00,short,16675.2,2022-06-03 13:37:00,16603.641666666663,STOP,71.05833333333794,16793.85,16753.1,16544.725,16603.141666666663,49.96333333333335,1.0,2022-06-03,24,0.2,20,0.5,0.5
2022-06-08 14:42:00,short,16317.15,2022-06-08 15:25:00,16348.95,EOD,-32.30000000000109,16485.7,16378.2,16413.958333333332,16417.175,45.99833333333334,1.0,2022-06-08,24,0.2,20,0.5,0.5
2022-06-09 11:05:00,long,16372.45,2022-06-09 11:11:00,16366.408333333336,STOP,-6.541666666664241,16324.4,16243.85,16366.908333333336,16403.825,45.39083333333332,1.0,2022-06-09,24,0.2,20,0.5,0.5
2022-06-10 13:37:00,short,16199.05,2022-06-10 15:25:00,16188.8,EOD,9.75,16324.7,16257.8,16368.325,16446.008333333335,46.27124999999997,1.0,2022-06-10,24,0.2,20,0.5,0.5
2022-06-13 13:56:00,short,15689.9,2022-06-13 15:25:00,15794.75,EOD,-105.35000000000036,15886.15,15773.95,16208.416666666668,16248.650000000001,45.358749999999965,1.0,2022-06-13,24,0.2,20,0.5,0.5
2022-06-14 10:38:00,long,15812.05,2022-06-14 11:03:00,15831.500624999999,TARGET,18.95062499999949,15767.45,15659.45,15785.075,15791.191666666666,19.95062499999998,1.0,2022-06-14,16,0.1,20,0.5,0.5
2022-06-16 10:05:00,short,15776.35,2022-06-16 10:05:00,15732.15,STOP,43.70000000000073,15863.15,15802.25,15700.916666666666,15731.65,19.345624999999973,1.0,2022-06-16,16,0.1,20,0.5,0.5
2022-06-20 09:47:00,short,15214.8,2022-06-20 10:03:00,15319.6,STOP,-105.30000000000109,15363.1,15247.3,15291.9,15319.1,21.198499999999978,1.0,2022-06-20,20,0.1,20,0.5,0.5
2022-06-21 09:59:00,long,15543.25,2022-06-21 10:22:00,15573.032583333334,TARGET,29.282583333333605,15489.5,15419.85,15286.8,15336.7,30.28258333333327,1.0,2022-06-21,12,0.14,20,0.5,0.5
2022-06-22 13:21:00,short,15416.1,2022-06-22 15:25:00,15404.85,EOD,10.75,15565.4,15459.9,15563.55,15609.516666666666,30.999499999999966,1.0,2022-06-22,12,0.14,20,0.5,0.5
2022-06-23 09:53:00,long,15565.3,2022-06-23 10:14:00,15590.342545454545,TARGET,24.54254545454569,15526.25,15411.55,15428.125,15475.675,25.54254545454541,1.0,2022-06-23,22,0.12,20,0.5,0.5
2022-06-27 15:08:00,short,15829.75,2022-06-27 15:08:00,15696.383333333333,STOP,132.8666666666668,15927.45,15862.6,15684.35,15695.883333333333,25.488818181818147,1.0,2022-06-27,22,0.12,20,0.5,0.5
2022-06-28 12:47:00,long,15826.7,2022-06-28 12:47:00,15845.424999999997,STOP,18.224999999996726,15792.35,15718.7,15845.924999999997,15871.475,24.46772727272724,1.0,2022-06-28,22,0.12,20,0.5,0.5
2022-06-29 10:23:00,long,15784.65,2022-06-29 10:23:00,15786.175,STOP,1.0249999999996362,15728.1,15687.8,15786.675,15830.258333333331,28.919722222222184,1.0,2022-06-29,18,0.14,20,0.5,0.5
2022-07-01 10:09:00,short,15547.9,2022-07-01 10:16:00,15524.1126,TARGET,23.287399999999252,15719.95,15650.0,15771.724999999999,15812.075,24.287399999999977,1.0,2022-07-01,20,0.12,20,0.5,0.5
2022-07-04 15:12:00,long,15845.75,2022-07-04 15:25:00,15835.0,EOD,-11.25,15797.45,15695.05,15649.575,15740.591666666667,24.593999999999998,1.0,2022-07-04,20,0.12,20,0.5,0.5
2022-07-05 09:59:00,long,15968.0,2022-07-05 10:41:00,15992.2389,TARGET,23.738900000000285,15935.05,15891.55,15757.075,15809.358333333334,24.738899999999994,1.0,2022-07-05,20,0.12,20,0.5,0.5
2022-07-06 12:55:00,long,15959.6,2022-07-06 13:07:00,15983.738538461539,TARGET,23.6385384615387,15905.0,15816.25,15839.066666666668,15905.6,24.638538461538463,1.0,2022-07-06,26,0.12,20,0.5,0.5
2022-07-11 13:51:00,long,16196.1,2022-07-11 13:51:00,16216.2,STOP,19.600000000000364,16166.75,16117.85,16216.7,16221.833333333336,22.22100000000002,1.0,2022-07-11,14,0.12,20,0.5,0.5
2022-07-12 15:19:00,short,16040.85,2022-07-12 15:25:00,16043.45,EOD,-3.100000000000364,16150.5,16103.35,16182.025,16192.075000000003,25.522875000000017,1.0,2022-07-12,16,0.14,20,0.5,0.5
2022-07-13 10:43:00,short,16069.45,2022-07-13 11:25:00,16097.1,STOP,-28.149999999999636,16139.6,16102.2,16060.833333333334,16096.6,23.242333333333367,1.0,2022-07-13,12,0.14,20,0.5,0.5
2022-07-14 12:01:00,short,15952.95,2022-07-14 13:23:00,15929.298833333334,TARGET,23.15116666666654,16047.65,15993.7,16001.125,16045.075,24.151166666666697,1.0,2022-07-14,12,0.14,20,0.5,0.5
2022-07-15 11:12:00,short,15946.75,2022-07-15 11:31:00,15965.025000000001,STOP,-18.775000000001455,16041.25,15982.85,15955.541666666668,15964.525000000001,24.84650000000001,1.0,2022-07-15,12,0.14,20,0.5,0.5
2022-07-18 14:04:00,long,16229.4,2022-07-18 14:52:00,16253.348083333332,TARGET,23.44808333333276,16199.7,16142.2,15997.125,16038.341666666664,24.448083333333347,1.0,2022-07-18,12,0.14,20,0.5,0.5
2022-07-19 10:46:00,long,16297.65,2022-07-19 11:09:00,16320.114,TARGET,21.963999999999942,16267.3,16194.75,16215.075,16261.591666666667,22.96399999999999,1.0,2022-07-19,30,0.12,20,0.5,0.5
2022-07-21 10:16:00,long,16570.5,2022-07-21 13:54:00,16518.25833333333,STOP,-52.74166666666861,16538.3,16483.9,16518.75833333333,16544.775,21.805583333333328,1.0,2022-07-21,12,0.14,20,0.5,0.5
2022-07-22 10:46:00,short,16623.95,2022-07-22 10:46:00,16599.866666666672,STOP,23.583333333328483,16704.8,16653.45,16554.2,16599.366666666672,18.409166666666668,1.0,2022-07-22,30,0.1,20,0.5,0.5
2022-07-25 10:09:00,short,16602.2,2022-07-25 11:07:00,16582.34575,TARGET,19.35425000000032,16706.05,16633.8,16681.575,16699.891666666666,20.35425,1.0,2022-07-25,24,0.12,20,0.5,0.5
2022-07-26 10:37:00,short,16502.15,2022-07-26 15:14:00,16483.02375,TARGET,18.626250000001164,16636.1,16536.65,16615.216666666667,16635.15,19.62625,1.0,2022-07-26,24,0.12,20,0.5,0.5
2022-07-27 10:46:00,long,16545.7,2022-07-27 11:43:00,16564.7625,TARGET,18.5625,16512.1,16438.75,16501.85,16552.75,19.56249999999999,1.0,2022-07-27,24,0.12,20,0.5,0.5
2022-07-28 10:14:00,long,16821.0,2022-07-28 10:21:00,16839.83125,TARGET,18.331249999999272,16791.75,16751.05,16546.1,16610.066666666666,19.33124999999999,1.0,2022-07-28,24,0.12,20,0.5,0.5
2022-07-29 10:41:00,short,17034.05,2022-07-29 10:41:00,16904.45,STOP,129.09999999999854,17118.75,17059.8,16846.95,16903.95,19.68925,1.0,2022-07-29,24,0.12,20,0.5,0.5
2022-08-01 10:16:00,long,17274.05,2022-08-01 12:47:00,17293.45275,TARGET,18.902750000001106,17244.8,17154.8,17095.475,17140.425000000003,19.902749999999987,1.0,2022-08-01,24,0.12,20,0.5,0.5
2022-08-02 10:05:00,short,17242.8,2022-08-02 10:10:00,17223.15525,TARGET,19.144749999999476,17331.35,17268.2,17255.525,17306.108333333337,20.144749999999984,1.0,2022-08-02,24,0.12,20,0.5,0.5
2022-08-03 10:28:00,short,17268.9,2022-08-03 11:07:00,17249.25275,TARGET,19.147250000001804,17385.0,17311.8,17300.566666666666,17303.0,20.147249999999993,1.0,2022-08-03,24,0.12,20,0.5,0.5
2022-08-04 10:39:00,short,17416.05,2022-08-04 10:39:00,17368.983333333334,STOP,46.5666666666657,17490.7,17446.95,17314.55,17368.483333333334,20.255,1.0,2022-08-04,24,0.12,20,0.5,0.5
2022-08-08 10:36:00,long,17452.65,2022-08-08 10:53:00,17471.721181818182,TARGET,18.571181818180776,17428.65,17359.75,17402.55833333333,17411.575,19.571181818181824,1.0,2022-08-08,22,0.12,20,0.5,0.5
2022-08-11 13:36:00,short,17641.0,2022-08-11 13:36:00,17523.275,STOP,117.22499999999854,17719.3,17670.3,17502.125,17522.775,20.037818181818192,1.0,2022-08-11,22,0.12,20,0.5,0.5
2022-08-12 11:29:00,long,17695.1,2022-08-12 13:42:00,17714.388545454545,TARGET,18.788545454546693,17661.15,17597.85,17660.208333333336,17675.625,19.78854545454546,1.0,2022-08-12,22,0.12,20,0.5,0.5
2022-08-16 11:07:00,long,17834.8,2022-08-16 15:25:00,17831.45,EOD,-3.849999999998545,17808.45,17764.05,17661.25,17688.950000000004,19.802181818181847,1.0,2022-08-16,22,0.12,20,0.5,0.5
2022-08-17 10:12:00,long,17913.05,2022-08-17 11:14:00,17931.726,TARGET,18.175999999999476,17883.15,17833.35,17801.574999999997,17821.824999999997,19.17600000000002,1.0,2022-08-17,22,0.12,20,0.5,0.5
2022-08-18 10:09:00,long,17952.8,2022-08-18 10:29:00,17899.15,STOP,-54.14999999999782,17924.85,17863.45,17899.65,17921.016666666663,18.739363636363674,1.0,2022-08-18,22,0.12,20,0.5,0.5
2022-08-19 11:03:00,short,17911.75,2022-08-19 11:06:00,17893.305428571428,TARGET,17.94457142857209,17992.2,17950.8,17910.25,17947.450000000004,18.944571428571525,1.0,2022-08-19,14,0.12,20,0.5,0.5
2022-08-22 10:15:00,short,17581.7,2022-08-22 10:41:00,17562.569285714286,TARGET,18.63071428571493,17690.05,17607.4,17772.191666666666,17851.475,19.63071428571438,1.0,2022-08-22,14,0.12,20,0.5,0.5
2022-08-23 09:57:00,long,17569.35,2022-08-23 10:14:00,17519.699999999997,STOP,-50.150000000001455,17521.15,17345.2,17520.199999999997,17578.699999999997,20.214000000000116,1.0,2022-08-23,14,0.12,20,0.5,0.5
2022-08-25 14:59:00,short,17569.55,2022-08-25 15:01:00,17549.651285714284,TARGET,19.39871428571496,17707.55,17659.25,17561.45,17593.716666666664,20.398714285714366,1.0,2022-08-25,14,0.12,20,0.5,0.5
2022-08-26 13:13:00,short,17577.4,2022-08-26 14:02:00,17607.475,STOP,-30.57499999999709,17685.85,17613.75,17544.25833333333,17606.975,20.92714285714292,1.0,2022-08-26,14,0.12,20,0.5,0.5
2022-08-29 10:01:00,long,17312.75,2022-08-29 10:01:00,17582.5,STOP,269.25,17272.8,17166.2,17583.0,17602.6,19.530428571428626,1.0,2022-08-29,14,0.12,20,0.5,0.5
2022-08-30 10:47:00,long,17521.8,2022-08-30 11:08:00,17541.587285714286,TARGET,19.287285714286554,17472.95,17401.5,17273.175000000003,17305.85833333333,20.287285714285765,1.0,2022-08-30,14,0.12,20,0.5,0.5
2022-09-01 09:49:00,long,17613.95,2022-09-01 09:51:00,17589.075,STOP,-25.375,17581.8,17485.55,17589.575,17711.358333333334,26.253888888888977,1.0,2022-09-01,18,0.14,20,0.5,0.5
2022-09-02 10:04:00,short,17491.35,2022-09-02 12:57:00,17582.525,STOP,-91.67500000000291,17643.85,17540.6,17562.275,17582.025,26.640833333333394,1.0,2022-09-02,18,0.14,20,0.5,0.5
2022-09-05 12:18:00,long,17665.05,2022-09-05 14:32:00,17682.528166666667,TARGET,16.978166666667676,17632.55,17540.35,17542.816666666666,17560.15,17.97816666666668,1.0,2022-09-05,30,0.1,20,0.5,0.5
2022-09-06 10:12:00,short,17634.9,2022-09-06 10:24:00,17617.234,TARGET,17.166000000001077,17764.65,17691.5,17611.75,17644.450000000004,18.16600000000002,1.0,2022-09-06,30,0.1,20,0.5,0.5
2022-09-07 12:19:00,long,17630.9,2022-09-07 12:19:00,17656.183333333334,STOP,24.78333333333285,17593.8,17484.3,17656.683333333334,17676.15,18.28733333333336,1.0,2022-09-07,30,0.1,20,0.5,0.5
2022-09-09 12:09:00,short,17841.45,2022-09-09 12:09:00,17783.1,STOP,57.85000000000218,17925.95,17871.2,17749.800000000003,17782.6,18.28400000000004,1.0,2022-09-09,30,0.1,20,0.5,0.5
2022-09-12 10:08:00,long,17958.15,2022-09-12 14:09:00,17975.844833333336,TARGET,17.194833333334827,17925.75,17889.15,17828.25833333333,17855.975,18.194833333333385,1.0,2022-09-12,30,0.1,20,0.5,0.5
2022-09-14 11:47:00,long,17972.35,2022-09-14 11:47:00,18051.375,STOP,78.52500000000146,17932.6,17778.55,18051.875,18059.791666666664,28.17480000000002,1.0,2022-09-14,20,0.16,20,0.5,0.5
2022-09-15 10:02:00,short,17972.95,2022-09-15 10:02:00,17968.55,STOP,3.900000000001455,18096.15,18042.9,17935.05,17968.05,30.078400000000023,1.0,2022-09-15,20,0.16,20,0.5,0.5
2022-09-16 10:02:00,short,17657.75,2022-09-16 12:55:00,17640.256166666666,TARGET,16.993833333333896,17820.05,17716.1,17903.474999999995,17978.825,17.993833333333377,1.0,2022-09-16,30,0.1,20,0.5,0.5
2022-09-19 09:58:00,long,17623.55,2022-09-19 10:01:00,17641.538833333332,TARGET,17.488833333332877,17575.75,17429.7,17575.683333333334,17658.65,18.488833333333364,1.0,2022-09-19,30,0.1,20,0.5,0.5
2022-09-20 10:14:00,long,17855.45,2022-09-20 10:39:00,17873.639166666668,TARGET,17.689166666667006,17831.75,17744.4,17548.45,17605.81666666667,18.68916666666669,1.0,2022-09-20,30,0.1,20,0.5,0.5
2022-09-21 11:58:00,short,17711.25,2022-09-21 12:00:00,17693.576,TARGET,17.17399999999907,17838.7,17761.2,17813.983333333337,17831.85,18.174000000000017,1.0,2022-09-21,30,0.1,20,0.5,0.5
2022-09-23 09:52:00,short,17456.05,2022-09-23 10:18:00,17424.9932,TARGET,30.556799999998475,17642.15,17499.4,17627.6,17628.733333333337,31.55679999999999,1.0,2022-09-23,20,0.16,20,0.5,0.5
2022-09-26 10:28:00,short,17012.35,2022-09-26 11:11:00,16980.401599999997,TARGET,31.44840000000113,17196.4,17072.95,17369.066666666666,17466.9,32.44839999999999,1.0,2022-09-26,20,0.16,20,0.5,0.5
2022-09-27 10:30:00,short,17009.2,2022-09-27 11:04:00,16976.8388,TARGET,31.86119999999937,17176.45,17060.4,17043.483333333337,17087.35,32.86120000000001,1.0,2022-09-27,20,0.16,20,0.5,0.5
2022-09-28 10:09:00,long,16946.85,2022-09-28 10:09:00,17035.833333333336,STOP,88.48333333333721,16895.1,16825.4,17036.333333333336,17059.4,33.022400000000026,1.0,2022-09-28,20,0.16,20,0.5,0.5
2022-09-29 11:53:00,short,16898.45,2022-09-29 12:35:00,16867.2392,TARGET,30.710800000000745,17026.05,16955.5,16867.666666666664,16931.5,31.710799999999992,1.0,2022-09-29,20,0.16,20,0.5,0.5
2022-09-30 10:38:00,long,16930.1,2022-09-30 10:47:00,16961.3932,TARGET,30.79320000000007,16836.15,16747.7,16848.041666666664,16907.324999999997,31.793200000000013,1.0,2022-09-30,20,0.16,20,0.5,0.5
2022-10-03 10:06:00,short,16968.5,2022-10-03 14:00:00,16943.68709090909,TARGET,24.31290909090967,17114.65,17011.05,16967.4,17066.733333333337,25.312909090909073,1.0,2022-10-03,22,0.12,20,0.5,0.5
2022-10-04 15:20:00,long,17275.2,2022-10-04 15:25:00,17278.1,EOD,2.399999999997817,17235.95,17117.3,16916.1,16985.1,30.514500000000005,1.0,2022-10-04,12,0.12,20,0.5,0.5
2022-10-10 12:00:00,long,17192.85,2022-10-10 12:00:00,17276.65,STOP,83.30000000000291,17149.65,17064.7,17277.15,17305.483333333337,24.991636363636356,1.0,2022-10-10,22,0.12,20,0.5,0.5
2022-10-11 10:35:00,short,17133.7,2022-10-11 12:43:00,17108.94109090909,TARGET,24.258909090909583,17261.8,17172.95,17172.425000000003,17220.408333333333,25.25890909090909,1.0,2022-10-11,22,0.12,20,0.5,0.5
2022-10-12 12:20:00,long,17091.45,2022-10-12 14:33:00,17117.25809090909,TARGET,25.308090909089515,17064.1,16976.75,17007.958333333336,17107.775,26.308090909090897,1.0,2022-10-12,22,0.12,20,0.5,0.5
2022-10-13 10:18:00,short,17034.2,2022-10-13 10:30:00,17008.16090909091,TARGET,25.539090909089282,17112.35,17069.35,17051.199999999997,17101.0,26.539090909090888,1.0,2022-10-13,22,0.12,20,0.5,0.5
2022-10-14 14:25:00,short,17240.05,2022-10-14 14:25:00,17035.15,STOP,204.39999999999782,17331.65,17277.25,17026.949999999997,17034.65,26.574666666666648,1.0,2022-10-14,18,0.12,20,0.5,0.5
2022-10-17 10:25:00,long,17243.55,2022-10-17 10:39:00,17269.233333333334,TARGET,25.183333333334303,17201.0,17098.55,17216.483333333337,17259.15,26.183333333333305,1.0,2022-10-17,18,0.12,20,0.5,0.5
2022-10-19 14:58:00,short,17496.0,2022-10-19 14:58:00,17486.508333333328,STOP,8.991666666672245,17585.4,17535.75,17480.925,17486.008333333328,26.244818181818157,1.0,2022-10-19,22,0.12,20,0.5,0.5
2022-10-20 10:52:00,long,17498.05,2022-10-20 10:52:00,17532.175000000003,STOP,33.62500000000364,17469.85,17422.05,17532.675000000003,17540.225,25.219090909090887,1.0,2022-10-20,22,0.12,20,0.5,0.5
2022-10-21 14:14:00,short,17571.75,2022-10-21 14:14:00,17549.658333333336,STOP,21.591666666663514,17657.65,17603.7,17502.575,17549.158333333336,24.81354545454544,1.0,2022-10-21,22,0.12,20,0.5,0.5
2022-10-25 11:38:00,short,17681.85,2022-10-25 11:38:00,17596.016666666666,STOP,85.33333333333212,17811.5,17708.75,17595.45,17595.516666666666,24.67445454545455,1.0,2022-10-25,22,0.12,20,0.5,0.5
2022-10-27 11:44:00,short,17715.1,2022-10-27 12:01:00,17726.05,STOP,-11.450000000000728,17783.9,17745.95,17669.516666666666,17725.55,24.657000000000004,1.0,2022-10-27,22,0.12,20,0.5,0.5
2022-10-31 12:31:00,long,17989.2,2022-10-31 15:08:00,18011.741363636364,TARGET,22.041363636362803,17961.85,17899.9,17781.300000000003,17790.4,23.041363636363656,1.0,2022-10-31,22,0.12,20,0.5,0.5
2022-11-01 10:17:00,long,18159.65,2022-11-01 13:04:00,18084.4,STOP,-75.75,18122.65,18084.9,17961.15,17999.483333333337,22.5199090909091,1.0,2022-11-01,22,0.12,20,0.5,0.5
2022-11-02 12:37:00,short,18085.05,2022-11-02 12:51:00,18070.884166666667,TARGET,13.665833333332557,18178.75,18101.85,18117.975,18137.858333333337,14.665833333333346,1.0,2022-11-02,12,0.1,20,0.5,0.5
2022-11-03 10:25:00,long,18099.2,2022-11-03 10:32:00,18089.899999999998,STOP,-9.80000000000291,18070.95,17959.2,18090.399999999998,18113.7,14.45500000000002,1.0,2022-11-03,12,0.1,20,0.5,0.5
2022-11-04 10:36:00,short,18024.3,2022-11-04 11:24:00,18047.416666666664,STOP,-23.61666666666497,18108.0,18046.85,18032.75,18046.916666666664,14.190833333333345,1.0,2022-11-04,12,0.1,20,0.5,0.5
2022-11-07 09:53:00,short,18161.5,2022-11-07 09:53:00,18110.24166666667,STOP,50.75833333333139,18255.5,18179.05,18073.225,18109.74166666667,13.208749999999995,1.0,2022-11-07,12,0.1,20,0.5,0.5
2022-11-09 10:27:00,short,18207.05,2022-11-09 10:27:00,18198.375,STOP,8.174999999999272,18296.4,18228.8,18160.125,18197.875,16.820499999999992,1.0,2022-11-09,12,0.12,20,0.5,0.5
2022-11-10 12:25:00,short,18003.0,2022-11-10 12:50:00,17986.238,TARGET,16.261999999998807,18103.1,18027.5,18160.583333333332,18206.95,17.262000000000004,1.0,2022-11-10,12,0.12,20,0.5,0.5
2022-11-11 15:08:00,long,18360.6,2022-11-11 15:25:00,18351.35,EOD,-9.75,18332.2,18259.35,18036.25,18036.916666666664,16.967499999999962,1.0,2022-11-11,12,0.12,20,0.5,0.5
2022-11-15 09:55:00,short,18291.95,2022-11-15 14:59:00,18355.925000000003,STOP,-64.47500000000218,18378.15,18326.5,18332.74166666667,18355.425000000003,13.045416666666611,1.0,2022-11-15,12,0.1,20,0.5,0.5
2022-11-18 10:02:00,short,18288.45,2022-11-18 10:37:00,18276.075833333332,TARGET,11.874166666668316,18394.6,18316.95,18341.591666666667,18365.275,12.87416666666659,1.0,2022-11-18,12,0.1,20,0.5,0.5
2022-11-21 13:21:00,short,18138.85,2022-11-21 15:25:00,18162.15,EOD,-23.80000000000291,18262.3,18163.6,18302.199999999997,18305.1,13.450416666666602,1.0,2022-11-21,12,0.1,20,0.5,0.5
2022-11-22 10:25:00,long,18207.7,2022-11-22 12:15:00,18220.640833333335,TARGET,12.440833333334012,18191.9,18137.7,18173.708333333336,18197.824999999997,13.440833333333286,1.0,2022-11-22,12,0.1,20,0.5,0.5
2022-11-23 10:02:00,short,18270.55,2022-11-23 10:02:00,18234.308333333334,STOP,35.74166666666497,18325.4,18288.65,18196.125,18233.808333333334,13.188749999999951,1.0,2022-11-23,12,0.1,20,0.5,0.5
2022-11-24 09:52:00,long,18344.0,2022-11-24 10:11:00,18356.415833333333,TARGET,11.915833333332557,18327.0,18294.25,18264.466666666664,18285.7,12.915833333333318,1.0,2022-11-24,12,0.1,20,0.5,0.5
2022-11-28 11:55:00,long,18580.1,2022-11-28 15:25:00,18549.25,EOD,-31.349999999998545,18537.7,18365.6,18490.0,18503.333333333336,39.92538461538462,1.0,2022-11-28,26,0.3,20,0.5,0.5
2022-11-29 13:39:00,long,18669.6,2022-11-29 15:25:00,18606.35,EOD,-63.75,18631.65,18552.15,18489.925,18529.80833333333,35.76689999999994,1.0,2022-11-29,20,0.26,20,0.5,0.5
2022-11-30 15:09:00,long,18743.75,2022-11-30 15:12:00,18759.6945,TARGET,15.444500000001426,18679.55,18616.7,18609.60833333333,18615.125,16.444500000000005,1.0,2022-11-30,12,0.12,20,0.5,0.5
2022-12-02 11:38:00,short,18666.55,2022-12-02 15:25:00,18706.75,EOD,-40.70000000000073,18781.95,18720.4,18814.833333333336,18832.9,38.53826666666666,1.0,2022-12-02,30,0.28,20,0.5,0.5
2022-12-05 10:00:00,short,18600.0,2022-12-05 12:27:00,18711.075,STOP,-111.57500000000073,18728.6,18647.0,18707.69166666667,18710.575,19.16330769230766,1.0,2022-12-05,26,0.14,20,0.5,0.5
2022-12-07 15:20:00,short,18531.3,2022-12-07 15:25:00,18543.3,EOD,-12.5,18655.3,18608.45,18616.4,18627.9,40.94449999999997,1.0,2022-12-07,30,0.3,20,0.5,0.5
2022-12-09 10:36:00,short,18561.65,2022-12-09 12:33:00,18530.141200000002,TARGET,31.00879999999961,18664.7,18617.3,18580.975,18601.99166666667,32.00879999999993,1.0,2022-12-09,30,0.24,20,0.5,0.5
2022-12-12 09:51:00,long,18460.3,2022-12-12 09:51:00,18503.6,STOP,42.79999999999927,18420.25,18345.7,18504.1,18537.4,33.01039999999993,1.0,2022-12-12,30,0.24,20,0.5,0.5
2022-12-13 11:37:00,long,18580.65,2022-12-13 15:01:00,18613.6456,TARGET,32.495599999998376,18540.85,18511.6,18433.625,18477.674999999996,33.49559999999992,1.0,2022-12-13,30,0.24,20,0.5,0.5
2022-12-15 12:35:00,short,18523.75,2022-12-15 14:30:00,18491.137600000002,TARGET,32.11239999999816,18652.9,18579.3,18651.200000000004,18664.5,33.1123999999999,1.0,2022-12-15,30,0.24,20,0.5,0.5
2022-12-19 10:25:00,long,18341.9,2022-12-19 11:44:00,18371.58625,TARGET,29.186249999998836,18306.85,18244.55,18289.091666666667,18348.275,30.186249999999973,1.0,2022-12-19,16,0.2,20,0.5,0.5
2022-12-20 11:41:00,short,18216.2,2022-12-20 15:00:00,18355.7,STOP,-140.0,18355.2,18256.95,18338.025,18397.50833333333,35.09759999999997,1.0,2022-12-20,30,0.24,20,0.5,0.5
2022-12-21 10:04:00,short,18372.8,2022-12-21 10:04:00,18361.691666666666,STOP,10.608333333333576,18473.35,18428.25,18303.775,18361.191666666666,45.882954545454545,1.0,2022-12-21,22,0.3,20,0.5,0.5
2022-12-22 10:39:00,short,18124.2,2022-12-22 12:12:00,18076.34,TARGET,47.36000000000058,18318.75,18184.7,18231.31666666667,18318.05,48.35999999999997,1.0,2022-12-22,22,0.3,20,0.5,0.5
2022-12-23 11:48:00,short,17868.65,2022-12-23 14:50:00,17818.67725,TARGET,49.472750000000815,18050.45,17965.65,18144.491666666665,18193.675,50.47274999999998,1.0,2022-12-23,20,0.3,20,0.5,0.5
2022-12-26 11:38:00,long,17981.6,2022-12-26 14:30:00,18034.289999999997,TARGET,52.18999999999869,17914.75,17774.25,17848.425000000003,17914.975,53.18999999999994,1.0,2022-12-26,20,0.3,20,0.5,0.5
2022-12-29 14:52:00,long,18141.75,2022-12-29 15:13:00,18202.7025,TARGET,60.45249999999942,18061.0,18011.8,18116.108333333337,18120.725,61.452499999999965,1.0,2022-12-29,12,0.3,20,0.5,0.5
2022-12-30 15:09:00,short,18115.35,2022-12-30 15:25:00,18111.05,EOD,3.7999999999992724,18264.7,18210.75,18101.175,18168.158333333336,63.69499999999998,1.0,2022-12-30,12,0.3,20,0.5,0.5
2023-01-04 10:05:00,short,18127.9,2023-01-04 12:01:00,18067.182500000003,TARGET,60.217499999998836,18243.0,18200.1,18200.875,18224.725,61.217500000000015,1.0,2023-01-04,12,0.3,20,0.5,0.5
2023-01-05 12:36:00,short,17962.8,2023-01-05 13:26:00,17901.19625,TARGET,61.1037499999984,18120.3,18031.15,18066.400000000005,18131.8,62.10375000000003,1.0,2023-01-05,12,0.3,20,0.5,0.5
2023-01-06 12:41:00,short,17881.15,2023-01-06 13:21:00,17818.91,TARGET,61.7400000000016,18027.25,17970.2,17996.549999999996,18006.449999999997,62.74000000000005,1.0,2023-01-06,12,0.3,20,0.5,0.5
2023-01-09 11:18:00,long,18104.05,2023-01-09 15:25:00,18096.15,EOD,-8.399999999997817,18031.85,17936.15,17878.425000000003,17921.475,61.271250000000144,1.0,2023-01-09,12,0.3,20,0.5,0.5
2023-01-10 11:36:00,short,17931.8,2023-01-10 13:41:00,17872.15125,TARGET,59.14875000000029,18127.6,18006.25,18038.775,18077.358333333337,60.148750000000106,1.0,2023-01-10,12,0.3,20,0.5,0.5
2023-01-12 10:28:00,short,17830.95,2023-01-12 13:35:00,17775.23125,TARGET,55.21875,17941.4,17895.6,17893.65,17900.35,56.218750000000085,1.0,2023-01-12,12,0.3,20,0.5,0.5
2023-01-13 13:05:00,long,17938.0,2023-01-13 14:05:00,17993.7775,TARGET,55.277500000000146,17872.6,17788.45,17853.725,17861.941666666666,56.27750000000005,1.0,2023-01-13,12,0.3,20,0.5,0.5
2023-01-16 12:25:00,short,17902.35,2023-01-16 13:31:00,17937.266666666666,STOP,-35.41666666666788,18049.65,17966.6,17886.8,17936.766666666666,59.28625000000002,1.0,2023-01-16,12,0.3,20,0.5,0.5
2023-01-17 15:09:00,long,18052.2,2023-01-17 15:25:00,18054.3,EOD,1.5999999999985448,17977.95,17886.95,17916.61666666667,17951.65,58.76750000000002,1.0,2023-01-17,12,0.3,20,0.5,0.5
2023-01-18 11:40:00,long,18164.65,2023-01-18 15:25:00,18167.5,EOD,2.349999999998545,18090.55,18032.45,17979.5,18029.700000000004,58.77124999999997,1.0,2023-01-18,12,0.3,20,0.5,0.5
2023-01-24 13:38:00,short,18105.7,2023-01-24 14:06:00,18113.525,STOP,-8.325000000000728,18196.5,18156.55,18112.675000000003,18113.025,35.274999999999956,1.0,2023-01-24,16,0.2,20,0.5,0.5
2023-01-25 10:16:00,short,17949.2,2023-01-25 10:58:00,17914.486875000002,TARGET,34.2131249999984,18100.6,18024.65,18118.649999999998,18139.95,35.21312499999995,1.0,2023-01-25,16,0.2,20,0.5,0.5
2023-01-27 11:44:00,short,17660.6,2023-01-27 12:13:00,17623.983125,TARGET,36.11687499999971,17884.75,17715.55,17926.125,17973.375,37.116874999999894,1.0,2023-01-27,16,0.2,20,0.5,0.5
2023-02-01 12:36:00,long,17940.6,2023-02-01 13:38:00,17737.9,STOP,-203.1999999999971,17815.3,17738.4,17636.625,17659.00833333333,39.5043749999999,1.0,2023-02-01,16,0.2,20,0.5,0.5
2023-02-03 10:47:00,short,17596.0,2023-02-03 10:47:00,17596.175000000003,STOP,-0.6750000000029104,17728.45,17651.95,17549.925000000003,17595.675000000003,34.845090909090885,1.0,2023-02-03,22,0.16,20,0.5,0.5
2023-02-07 12:23:00,short,17706.35,2023-02-07 12:50:00,17671.372909090907,TARGET,34.4770909090912,17811.15,17755.8,17761.025,17764.308333333334,35.47709090909087,1.0,2023-02-07,22,0.16,20,0.5,0.5
2023-02-08 11:58:00,long,17870.8,2023-02-08 15:25:00,17867.35,EOD,-3.9500000000007276,17829.5,17744.15,17716.58333333333,17731.85,34.97454545454543,1.0,2023-02-08,22,0.16,20,0.5,0.5
2023-02-13 10:12:00,short,17755.1,2023-02-13 12:17:00,17723.251636363635,TARGET,31.3483636363635,17880.7,17806.05,17838.975,17851.291666666664,32.34836363636362,1.0,2023-02-13,22,0.16,20,0.5,0.5
2023-02-14 12:15:00,long,17905.5,2023-02-14 13:58:00,17937.846461538462,TARGET,31.84646153846188,17850.9,17801.8,17777.941666666666,17800.225,32.84646153846153,1.0,2023-02-14,26,0.16,20,0.5,0.5
2023-02-15 11:21:00,long,17944.1,2023-02-15 15:00:00,17975.872499999998,TARGET,31.272499999999127,17905.8,17859.2,17877.3,17909.833333333332,32.27250000000007,1.0,2023-02-15,14,0.14,20,0.5,0.5
2023-02-17 13:48:00,short,17897.8,2023-02-17 15:25:00,17946.15,EOD,-48.85000000000218,17997.9,17927.45,18040.441666666666,18077.025,28.766000000000098,1.0,2023-02-17,14,0.14,20,0.5,0.5
2023-02-20 13:42:00,short,17858.7,2023-02-20 14:22:00,17828.086153846154,TARGET,30.11384615384668,17979.45,17909.95,17950.241666666665,17959.425,31.113846153846154,1.0,2023-02-20,26,0.16,20,0.5,0.5
2023-02-21 12:43:00,short,17826.7,2023-02-21 15:25:00,17839.95,EOD,-13.75,17905.85,17858.85,17871.625,17911.375,31.124923076923075,1.0,2023-02-21,26,0.16,20,0.5,0.5
2023-02-22 09:57:00,short,17682.65,2023-02-22 10:52:00,17652.64353846154,TARGET,29.506461538461735,17772.5,17729.4,17847.166666666664,17862.6,30.506461538461558,1.0,2023-02-22,26,0.16,20,0.5,0.5
2023-02-24 11:04:00,short,17511.2,2023-02-24 12:16:00,17481.029846153848,TARGET,29.67015384615297,17599.75,17551.15,17523.074999999997,17537.725,30.670153846153852,1.0,2023-02-24,26,0.16,20,0.5,0.5
2023-02-27 10:17:00,short,17315.95,2023-02-27 15:25:00,17406.65,EOD,-91.20000000000073,17451.6,17358.4,17483.525,17510.775,33.2225454545455,1.0,2023-02-27,22,0.16,20,0.5,0.5
2023-02-28 13:32:00,short,17333.5,2023-02-28 13:52:00,17314.493461538463,TARGET,18.506538461537275,17438.8,17367.4,17375.3,17395.866666666665,19.506538461538465,1.0,2023-02-28,26,0.1,20,0.5,0.5
2023-03-01 14:08:00,long,17439.4,2023-03-01 14:41:00,17458.621923076924,TARGET,18.721923076922394,17410.3,17345.25,17317.108333333334,17347.825,19.72192307692308,1.0,2023-03-01,26,0.1,20,0.5,0.5
2023-03-02 13:57:00,short,17321.0,2023-03-02 15:25:00,17317.0,EOD,3.5,17445.8,17363.0,17406.5,17438.9,37.0836363636364,1.0,2023-03-02,22,0.2,20,0.5,0.5
2023-03-03 10:46:00,long,17546.55,2023-03-03 13:33:00,17582.60318181818,TARGET,35.55318181818075,17487.1,17427.7,17336.300000000003,17375.9,36.55318181818184,1.0,2023-03-03,22,0.2,20,0.5,0.5
2023-03-08 15:08:00,long,17761.15,2023-03-08 15:25:00,17762.7,EOD,1.0499999999992724,17684.15,17602.25,17724.883333333335,17735.95,32.17409090909092,1.0,2023-03-08,22,0.2,20,0.5,0.5
2023-03-09 12:23:00,short,17673.55,2023-03-09 13:39:00,17634.041307692307,TARGET,39.0086923076924,17772.35,17717.1,17684.375,17736.924999999996,40.008692307692336,1.0,2023-03-09,26,0.22,20,0.5,0.5
2023-03-13 12:09:00,short,17339.85,2023-03-13 12:43:00,17304.496346153846,TARGET,34.853653846152156,17529.9,17386.95,17387.925,17410.341666666664,35.853653846153875,1.0,2023-03-13,26,0.22,20,0.5,0.5
2023-03-14 11:11:00,short,17062.5,2023-03-14 13:16:00,17021.573214285716,TARGET,40.42678571428405,17224.05,17112.4,17233.458333333336,17321.675000000003,41.42678571428574,1.0,2023-03-14,28,0.22,20,0.5,0.5
2023-03-15 12:20:00,short,17088.55,2023-03-15 12:25:00,17106.375,STOP,-18.325000000000728,17211.35,17149.45,17068.791666666664,17105.875,38.431250000000055,1.0,2023-03-15,28,0.22,20,0.5,0.5
2023-03-17 11:39:00,short,16997.1,2023-03-17 11:39:00,16982.200000000004,STOP,14.39999999999418,17145.8,17079.3,16956.300000000003,16981.700000000004,58.97249999999998,1.0,2023-03-17,14,0.3,20,0.5,0.5
2023-03-20 12:15:00,short,16874.8,2023-03-20 15:25:00,17004.2,EOD,-129.90000000000146,17057.55,16932.95,17051.975,17078.358333333337,52.517833333333286,1.0,2023-03-20,12,0.26,20,0.5,0.5
2023-03-23 10:24:00,long,17158.2,2023-03-23 10:25:00,17152.650000000005,STOP,-6.049999999995634,17101.35,17045.3,17153.150000000005,17157.55,42.29399999999999,1.0,2023-03-23,28,0.24,20,0.5,0.5
2023-03-24 15:24:00,short,16919.3,2023-03-24 15:25:00,16926.25,EOD,-7.450000000000728,17109.45,16994.9,17092.11666666667,17125.35,43.01528571428572,1.0,2023-03-24,28,0.24,20,0.5,0.5
2023-03-27 14:29:00,long,17084.15,2023-03-27 15:21:00,16954.466666666667,STOP,-130.1833333333343,17017.55,16918.55,16954.966666666667,17013.4,43.28228571428573,1.0,2023-03-27,28,0.24,20,0.5,0.5
2023-03-28 10:37:00,short,16949.05,2023-03-28 14:11:00,16923.654454545453,TARGET,24.895545454546664,17061.75,17000.45,16981.99166666667,17004.775,25.895545454545477,1.0,2023-03-28,22,0.14,20,0.5,0.5
2023-03-29 15:10:00,long,17075.85,2023-03-29 15:19:00,17101.906055555555,TARGET,25.556055555556668,17023.2,16976.65,16965.716666666667,16987.75,26.556055555555606,1.0,2023-03-29,18,0.14,20,0.5,0.5
2023-03-31 12:40:00,long,17314.65,2023-03-31 13:43:00,17340.989944444445,TARGET,25.839944444443972,17279.2,17204.65,17028.75,17086.416666666664,26.83994444444452,1.0,2023-03-31,18,0.14,20,0.5,0.5
2023-04-05 10:36:00,long,17508.8,2023-04-05 12:50:00,17533.78890909091,TARGET,24.488909090909146,17470.45,17402.7,17370.4,17391.566666666666,25.488909090909125,1.0,2023-04-05,22,0.14,20,0.5,0.5
2023-04-06 10:12:00,long,17576.8,2023-04-06 10:43:00,17602.749888888888,TARGET,25.44988888888838,17544.7,17511.55,17486.15,17538.816666666666,26.44988888888893,1.0,2023-04-06,18,0.14,20,0.5,0.5
2023-04-10 12:29:00,long,17683.15,2023-04-10 14:18:00,17608.3,STOP,-75.35000000000218,17651.7,17608.8,17570.775,17591.558333333334,25.96066666666672,1.0,2023-04-10,18,0.14,20,0.5,0.5
2023-04-11 10:24:00,long,17741.35,2023-04-11 12:21:00,17663.3,STOP,-78.54999999999927,17712.15,17663.8,17630.708333333336,17646.025,24.60050000000001,1.0,2023-04-11,28,0.14,20,0.5,0.5
2023-04-12 13:27:00,long,17808.45,2023-04-12 15:25:00,17820.25,EOD,11.299999999999272,17777.35,17717.25,17701.95,17719.283333333336,23.208500000000008,1.0,2023-04-12,18,0.14,20,0.5,0.5
2023-04-13 12:23:00,short,17737.55,2023-04-13 14:21:00,17804.833333333336,STOP,-67.78333333333649,17820.2,17767.95,17771.5,17804.333333333336,24.40327272727275,1.0,2023-04-13,22,0.14,20,0.5,0.5
2023-04-17 10:06:00,short,17591.3,2023-04-17 15:25:00,17707.45,EOD,-116.65000000000146,17771.05,17620.1,17785.9,17820.066666666666,23.85440909090911,1.0,2023-04-17,22,0.14,20,0.5,0.5
2023-04-18 10:12:00,short,17665.95,2023-04-18 10:46:00,17695.983333333334,STOP,-30.53333333333285,17755.8,17711.7,17672.55,17695.483333333334,31.241454545454555,1.0,2023-04-18,22,0.18,20,0.5,0.5
2023-04-21 10:47:00,short,17592.3,2023-04-21 13:03:00,17565.005,TARGET,26.794999999998254,17663.2,17628.8,17628.4,17634.4,27.79500000000003,1.0,2023-04-21,16,0.2,20,0.5,0.5
2023-04-24 15:16:00,long,17744.65,2023-04-24 15:25:00,17750.25,EOD,5.099999999998545,17709.2,17639.6,17608.575,17614.325,26.759375000000002,1.0,2023-04-24,16,0.2,20,0.5,0.5
2023-04-25 14:24:00,long,17798.75,2023-04-25 15:25:00,17766.2,EOD,-33.04999999999927,17767.05,17716.85,17682.25,17727.916666666664,26.347499999999993,1.0,2023-04-25,16,0.2,20,0.5,0.5
2023-04-26 12:46:00,long,17803.2,2023-04-26 15:25:00,17825.75,EOD,22.049999999999272,17776.0,17727.4,17762.15,17765.183333333334,25.63000000000002,1.0,2023-04-26,16,0.2,20,0.5,0.5
2023-04-27 13:24:00,long,17871.9,2023-04-27 15:01:00,17896.276875000003,TARGET,23.876875000001746,17833.0,17797.9,17769.225,17807.24166666667,24.876874999999973,1.0,2023-04-27,16,0.2,20,0.5,0.5
2023-04-28 14:39:00,long,17992.45,2023-04-28 15:01:00,18016.276875,TARGET,23.326874999998836,17957.95,17895.25,17864.375,17906.458333333336,24.326874999999973,1.0,2023-04-28,16,0.2,20,0.5,0.5
2023-05-04 11:21:00,long,18155.8,2023-05-04 13:04:00,18178.855,TARGET,22.55500000000029,18123.45,18066.7,18079.375,18087.75833333333,23.554999999999975,1.0,2023-05-04,16,0.2,20,0.5,0.5
2023-05-05 10:59:00,long,18211.2,2023-05-05 11:07:00,18166.575,STOP,-45.125,18183.55,18104.9,18167.075,18223.425,24.8625,1.0,2023-05-05,16,0.2,20,0.5,0.5
2023-05-08 10:41:00,long,18237.65,2023-05-08 12:11:00,18271.24528571429,TARGET,33.095285714287456,18192.45,18100.3,18089.56666666667,18136.2,34.095285714285744,1.0,2023-05-08,14,0.26,20,0.5,0.5
2023-05-10 10:07:00,short,18214.15,2023-05-10 11:47:00,18287.425000000003,STOP,-73.77500000000146,18323.15,18263.25,18269.175000000003,18286.925000000003,33.32642857142864,1.0,2023-05-10,14,0.26,20,0.5,0.5
2023-05-12 13:58:00,long,18329.2,2023-05-12 14:32:00,18313.816666666666,STOP,-15.883333333335031,18277.3,18195.05,18314.316666666666,18330.050000000003,39.52000000000001,1.0,2023-05-12,18,0.3,20,0.5,0.5
2023-05-15 11:23:00,long,18408.15,2023-05-15 13:42:00,18442.585642857146,TARGET,33.93564285714456,18363.7,18287.9,18268.65,18300.316666666666,34.93564285714282,1.0,2023-05-15,14,0.26,20,0.5,0.5
2023-05-16 15:01:00,short,18308.85,2023-05-16 15:20:00,18273.829357142855,TARGET,34.520642857143685,18417.65,18360.9,18373.4,18384.300000000003,35.52064285714282,1.0,2023-05-16,14,0.26,20,0.5,0.5
2023-05-17 11:31:00,short,18206.45,2023-05-17 11:50:00,18170.26492857143,TARGET,35.68507142857197,18309.0,18255.3,18300.299999999996,18341.0,36.685071428571405,1.0,2023-05-17,14,0.26,20,0.5,0.5
2023-05-18 12:29:00,short,18208.95,2023-05-18 12:30:00,18212.675,STOP,-4.224999999998545,18297.2,18255.95,18197.19166666667,18212.175,41.80583333333337,1.0,2023-05-18,18,0.3,20,0.5,0.5
2023-05-22 12:18:00,long,18315.45,2023-05-22 15:25:00,18302.1,EOD,-13.850000000002183,18263.3,18178.85,18139.25,18183.716666666667,43.49416666666669,1.0,2023-05-22,18,0.3,20,0.5,0.5
2023-05-24 10:51:00,long,18382.8,2023-05-24 12:04:00,18342.725,STOP,-40.57500000000073,18323.85,18269.7,18343.225,18371.975,44.249166666666675,1.0,2023-05-24,18,0.3,20,0.5,0.5
2023-05-26 11:45:00,long,18431.65,2023-05-26 13:52:00,18474.205833333333,TARGET,42.055833333331975,18372.25,18333.15,18270.175000000003,18309.591666666667,43.055833333333304,1.0,2023-05-26,18,0.3,20,0.5,0.5
2023-05-31 11:54:00,short,18492.65,2023-05-31 15:25:00,18543.95,EOD,-51.79999999999927,18603.9,18551.35,18618.975,18636.591666666667,37.611933333333354,1.0,2023-05-31,30,0.28,20,0.5,0.5
2023-06-01 15:13:00,short,18500.55,2023-06-01 15:15:00,18487.70233333333,TARGET,12.347666666668374,18580.0,18514.4,18543.591666666667,18543.875,13.34766666666669,1.0,2023-06-01,30,0.1,20,0.5,0.5
2023-06-02 10:00:00,short,18497.05,2023-06-02 10:16:00,18484.104166666664,TARGET,12.445833333335031,18573.7,18540.7,18496.975000000002,18522.425,13.445833333333347,1.0,2023-06-02,30,0.1,20,0.5,0.5
2023-06-06 10:50:00,short,18555.65,2023-06-06 11:16:00,18542.89316666667,TARGET,12.256833333332906,18613.05,18581.7,18602.358333333337,18611.475,13.256833333333345,1.0,2023-06-06,30,0.1,20,0.5,0.5
2023-06-07 14:24:00,long,18699.3,2023-06-07 14:44:00,18711.892,TARGET,12.092000000000553,18676.05,18636.0,18576.625,18603.74166666667,13.09200000000002,1.0,2023-06-07,30,0.1,20,0.5,0.5
2023-06-08 10:26:00,long,18765.9,2023-06-08 11:49:00,18722.9,STOP,-43.5,18752.2,18723.4,18687.475,18718.75833333333,13.133166666666682,1.0,2023-06-08,30,0.1,20,0.5,0.5
2023-06-09 09:43:00,short,18615.75,2023-06-09 11:05:00,18602.962666666666,TARGET,12.287333333333663,18676.65,18635.85,18657.38333333333,18696.75,13.28733333333336,1.0,2023-06-09,30,0.1,20,0.5,0.5
2023-06-13 11:22:00,long,18712.1,2023-06-13 15:19:00,18724.414999999997,TARGET,11.81499999999869,18693.2,18641.95,18596.675,18603.091666666664,12.815000000000024,1.0,2023-06-13,30,0.1,20,0.5,0.5
2023-06-15 14:29:00,short,18702.25,2023-06-15 14:36:00,18689.889666666666,TARGET,11.860333333333983,18778.1,18721.75,18729.85,18744.316666666666,12.860333333333365,1.0,2023-06-15,30,0.1,20,0.5,0.5
2023-06-16 14:22:00,long,18808.0,2023-06-16 14:39:00,18820.108,TARGET,11.608000000000175,18767.95,18710.5,18699.191666666666,18731.574999999997,12.60800000000003,1.0,2023-06-16,30,0.1,20,0.5,0.5
2023-06-19 10:23:00,short,18807.35,2023-06-19 10:23:00,18809.433333333334,STOP,-2.5833333333357587,18881.45,18838.8,18787.6,18808.933333333334,12.5836666666667,1.0,2023-06-19,30,0.1,20,0.5,0.5
2023-06-20 15:08:00,long,18807.7,2023-06-20 15:12:00,18819.7025,TARGET,11.50249999999869,18761.2,18668.9,18768.23333333333,18800.300000000003,12.502500000000026,1.0,2023-06-20,30,0.1,20,0.5,0.5
2023-06-22 12:17:00,short,18804.5,2023-06-22 13:01:00,18792.40233333333,TARGET,11.597666666668374,18882.65,18830.9,18835.375,18847.75833333333,12.5976666666667,1.0,2023-06-22,30,0.1,20,0.5,0.5
2023-06-27 14:23:00,long,18782.85,2023-06-27 14:53:00,18793.786249999997,TARGET,10.436249999998836,18763.6,18730.75,18684.375,18689.658333333333,11.436249999999989,1.0,2023-06-27,12,0.1,20,0.5,0.5
2023-06-28 10:46:00,long,18920.4,2023-06-28 10:49:00,18931.284166666668,TARGET,10.384166666666715,18897.3,18861.35,18771.75,18802.049999999996,11.384166666666655,1.0,2023-06-28,12,0.1,20,0.5,0.5
2023-06-30 12:30:00,long,19125.55,2023-06-30 12:42:00,19137.067916666667,TARGET,11.017916666667588,19104.7,19024.6,18936.3,18967.499999999996,12.017916666666679,1.0,2023-06-30,12,0.1,20,0.5,0.5
2023-07-04 09:59:00,short,19307.95,2023-07-04 10:04:00,19322.975,STOP,-15.524999999997817,19413.5,19369.15,19287.625,19322.475,19.207999999999995,1.0,2023-07-04,16,0.16,20,0.5,0.5
2023-07-06 11:38:00,long,19467.25,2023-07-06 14:49:00,19501.432,TARGET,33.6820000000007,19424.15,19373.0,19380.6,19401.13333333333,34.68200000000008,1.0,2023-07-06,30,0.3,20,0.5,0.5
2023-07-07 12:07:00,short,19375.2,2023-07-07 15:07:00,19340.9225,TARGET,33.777500000000146,19493.9,19421.6,19442.6,19478.933333333334,34.77750000000011,1.0,2023-07-07,30,0.3,20,0.5,0.5
2023-07-12 12:25:00,short,19402.85,2023-07-12 13:56:00,19461.275,STOP,-58.92500000000291,19507.7,19434.4,19450.725,19460.775,20.344666666666697,1.0,2023-07-12,12,0.16,20,0.5,0.5
2023-07-13 10:03:00,long,19540.6,2023-07-13 14:10:00,19448.85,STOP,-92.25,19496.35,19449.35,19390.175000000003,19436.925000000003,38.952499999999965,1.0,2023-07-13,12,0.3,20,0.5,0.5
2023-07-14 15:14:00,long,19566.95,2023-07-14 15:20:00,19587.576857142856,TARGET,20.126857142855442,19520.4,19451.15,19447.4,19476.4,21.126857142857165,1.0,2023-07-14,14,0.16,20,0.5,0.5
2023-07-17 10:16:00,long,19630.9,2023-07-17 12:31:00,19650.912666666667,TARGET,19.51266666666561,19601.95,19562.95,19514.425,19565.041666666668,20.51266666666665,1.0,2023-07-17,24,0.16,20,0.5,0.5
2023-07-18 11:57:00,short,19721.75,2023-07-18 11:57:00,19698.86666666667,STOP,22.383333333331393,19811.25,19751.85,19647.4,19698.36666666667,22.796571428571397,1.0,2023-07-18,14,0.16,20,0.5,0.5
2023-07-19 11:11:00,short,19760.9,2023-07-19 11:11:00,19755.325,STOP,5.075000000000728,19829.55,19785.8,19750.974999999995,19754.825,22.95942857142854,1.0,2023-07-19,14,0.16,20,0.5,0.5
2023-07-20 12:36:00,long,19883.15,2023-07-20 13:16:00,19905.22657142857,TARGET,21.576571428569878,19844.0,19784.55,19785.65,19820.91666666667,22.576571428571356,1.0,2023-07-20,14,0.16,20,0.5,0.5
2023-07-21 14:51:00,short,19732.85,2023-07-21 14:57:00,19710.12942857143,TARGET,22.22057142857011,19887.4,19776.0,19875.125,19946.375,23.220571428571297,1.0,2023-07-21,14,0.16,20,0.5,0.5
2023-07-25 13:31:00,short,19632.9,2023-07-25 15:25:00,19679.9,EOD,-47.5,19712.3,19673.95,19687.5,19723.0,32.970142857142726,1.0,2023-07-25,14,0.22,20,0.5,0.5
2023-07-26 10:02:00,long,19795.45,2023-07-26 10:14:00,19815.089350000002,TARGET,19.139350000001286,19763.05,19716.7,19664.125,19674.308333333334,20.139349999999943,1.0,2023-07-26,20,0.14,20,0.5,0.5
2023-07-27 11:07:00,short,19789.55,2023-07-27 11:07:00,19776.083333333336,STOP,12.966666666663514,19865.35,19821.65,19771.15,19775.583333333336,20.096649999999933,1.0,2023-07-27,20,0.14,20,0.5,0.5
2023-07-28 13:48:00,short,19569.8,2023-07-28 15:25:00,19638.35,EOD,-69.04999999999927,19695.9,19598.7,19709.016666666666,19735.55,20.895349999999922,1.0,2023-07-28,20,0.14,20,0.5,0.5
2023-07-31 13:43:00,long,19711.75,2023-07-31 15:00:00,19740.6575,TARGET,28.407500000001164,19680.75,19597.6,19629.5,19635.066666666666,29.407499999999892,1.0,2023-07-31,20,0.2,20,0.5,0.5
2023-08-01 12:45:00,short,19711.35,2023-08-01 13:12:00,19733.325,STOP,-22.475000000002183,19795.6,19750.6,19685.175,19732.825,30.09449999999994,1.0,2023-08-01,20,0.2,20,0.5,0.5
2023-08-02 10:39:00,short,19570.9,2023-08-02 11:03:00,19541.195625,TARGET,29.204375000001164,19678.25,19622.95,19738.83333333333,19750.1,30.204374999999892,1.0,2023-08-02,16,0.2,20,0.5,0.5
2023-08-03 12:46:00,short,19382.65,2023-08-03 13:01:00,19351.120000000003,TARGET,31.029999999998836,19536.8,19439.05,19540.266666666663,19550.9,32.02999999999993,1.0,2023-08-03,16,0.2,20,0.5,0.5
2023-08-08 11:18:00,short,19552.7,2023-08-08 11:30:00,19538.47266666667,TARGET,13.727333333332354,19634.4,19584.7,19572.625,19590.674999999996,14.727333333333313,1.0,2023-08-08,30,0.1,20,0.5,0.5
2023-08-09 10:25:00,short,19485.3,2023-08-09 11:12:00,19470.986166666666,TARGET,13.813833333333605,19581.8,19506.45,19576.316666666666,19583.75,14.813833333333328,1.0,2023-08-09,30,0.1,20,0.5,0.5
2023-08-10 10:33:00,short,19508.8,2023-08-10 15:25:00,19552.8,EOD,-44.5,19615.8,19568.35,19556.5,19609.6,15.023833333333327,1.0,2023-08-10,30,0.1,20,0.5,0.5
2023-08-11 10:14:00,short,19459.1,2023-08-11 11:02:00,19444.6485,TARGET,13.951499999999214,19557.75,19478.75,19554.700000000004,19559.5,14.95149999999998,1.0,2023-08-11,30,0.1,20,0.5,0.5
2023-08-14 14:08:00,long,19418.6,2023-08-14 14:08:00,19450.908333333333,STOP,31.808333333334303,19392.0,19261.6,19451.408333333333,19486.125,14.838666666666638,1.0,2023-08-14,30,0.1,20,0.5,0.5
2023-08-16 13:12:00,long,19422.35,2023-08-16 13:19:00,19437.027,TARGET,14.17699999999968,19389.6,19317.2,19361.875,19403.191666666666,15.176999999999971,1.0,2023-08-16,30,0.1,20,0.5,0.5
2023-08-17 11:26:00,short,19371.15,2023-08-17 12:06:00,19356.368333333336,TARGET,14.281666666665842,19461.55,19394.05,19399.975,19438.858333333337,15.28166666666663,1.0,2023-08-17,30,0.1,20,0.5,0.5
2023-08-18 14:18:00,long,19370.15,2023-08-18 14:18:00,19373.36666666667,STOP,2.7166666666671517,19329.75,19276.5,19373.86666666667,19393.9,15.459333333333294,1.0,2023-08-18,30,0.1,20,0.5,0.5
2023-08-21 12:47:00,long,19401.1,2023-08-21 14:59:00,19415.996,TARGET,14.39600000000064,19368.0,19302.5,19306.199999999997,19313.699999999997,15.395999999999962,1.0,2023-08-21,30,0.1,20,0.5,0.5
2023-08-24 09:53:00,long,19579.55,2023-08-24 10:57:00,19509.0,STOP,-71.04999999999927,19554.75,19509.5,19419.324999999997,19437.674999999996,14.92899999999998,1.0,2023-08-24,30,0.1,20,0.5,0.5
2023-08-28 13:37:00,long,19351.45,2023-08-28 14:06:00,19365.8875,TARGET,13.9375,19328.0,19249.7,19258.841666666667,19284.625,14.937499999999975,1.0,2023-08-28,30,0.1,20,0.5,0.5
2023-08-30 14:51:00,short,19390.25,2023-08-30 14:51:00,19351.666666666664,STOP,38.08333333333576,19440.15,19407.85,19343.5,19351.166666666664,14.454833333333324,1.0,2023-08-30,30,0.1,20,0.5,0.5
2023-08-31 12:42:00,short,19302.2,2023-08-31 13:12:00,19288.2825,TARGET,13.417499999999563,19382.9,19317.95,19361.125,19393.775,14.417499999999988,1.0,2023-08-31,30,0.1,20,0.5,0.5
2023-09-01 11:02:00,long,19340.4,2023-09-01 12:36:00,19354.478000000003,TARGET,13.578000000001339,19313.35,19255.7,19267.875,19305.925000000003,14.577999999999992,1.0,2023-09-01,30,0.1,20,0.5,0.5
2023-09-04 10:11:00,short,19457.95,2023-09-04 10:11:00,19409.975,STOP,47.47500000000218,19526.8,19494.3,19357.125,19409.475,14.475999999999997,1.0,2023-09-04,30,0.1,20,0.5,0.5
2023-09-06 11:50:00,short,19542.3,2023-09-06 12:40:00,19529.903863636362,TARGET,11.896136363637197,19599.45,19562.15,19556.4,19574.066666666666,12.896136363636353,1.0,2023-09-06,22,0.1,20,0.5,0.5
2023-09-07 13:47:00,long,19651.3,2023-09-07 14:04:00,19664.204999999998,TARGET,12.404999999998836,19621.1,19552.15,19560.925,19607.141666666666,13.404999999999987,1.0,2023-09-07,24,0.1,20,0.5,0.5
2023-09-08 12:13:00,long,19815.35,2023-09-08 12:51:00,19837.27857142857,TARGET,21.428571428572468,19791.45,19741.5,19643.525,19698.50833333333,22.428571428571427,1.0,2023-09-08,28,0.16,20,0.5,0.5
2023-09-11 11:32:00,long,19939.6,2023-09-11 14:26:00,19961.318857142855,TARGET,21.218857142855995,19914.95,19865.35,19797.925000000003,19812.441666666666,22.218857142857136,1.0,2023-09-11,28,0.16,20,0.5,0.5
2023-09-12 09:53:00,short,19941.35,2023-09-12 09:56:00,19919.335428571427,TARGET,21.5145714285718,20110.35,20048.25,19936.725,19980.70833333333,22.514571428571426,1.0,2023-09-12,28,0.16,20,0.5,0.5
2023-09-13 12:27:00,long,20053.9,2023-09-13 13:05:00,20075.57742857143,TARGET,21.1774285714273,20021.95,19944.1,19998.9,20012.5,22.177428571428546,1.0,2023-09-13,28,0.16,20,0.5,0.5
2023-09-14 10:56:00,short,20084.9,2023-09-14 10:56:00,20051.1,STOP,33.30000000000291,20158.55,20107.6,20020.5,20050.6,21.672285714285703,1.0,2023-09-14,28,0.16,20,0.5,0.5
2023-09-15 15:06:00,long,20213.3,2023-09-15 15:25:00,20167.25,EOD,-46.54999999999927,20173.15,20138.8,20104.65,20105.550000000003,21.79685714285715,1.0,2023-09-15,28,0.16,20,0.5,0.5
2023-09-18 10:14:00,long,20178.95,2023-09-18 11:05:00,20170.024999999998,STOP,-9.42500000000291,20161.3,20121.65,20170.524999999998,20176.075,13.365333333333329,1.0,2023-09-18,30,0.1,20,0.5,0.5
2023-09-20 11:59:00,short,19939.6,2023-09-20 13:47:00,19913.316153846154,TARGET,25.783846153844934,20050.65,19968.9,20139.741666666665,20156.425,26.78384615384614,1.0,2023-09-20,26,0.2,20,0.5,0.5
2023-09-21 10:11:00,short,19747.05,2023-09-21 12:59:00,19720.546538461538,TARGET,26.003461538461124,19848.75,19801.6,19926.216666666667,19964.75,27.003461538461547,1.0,2023-09-21,26,0.2,20,0.5,0.5
2023-09-22 10:06:00,short,19687.4,2023-09-22 12:01:00,19779.85,STOP,-92.94999999999709,19792.15,19719.8,19759.783333333333,19779.35,26.471538461538486,1.0,2023-09-22,26,0.2,20,0.5,0.5
2023-09-27 13:30:00,long,19695.1,2023-09-27 14:59:00,19725.9938,TARGET,30.393800000001647,19649.55,19596.5,19666.466666666667,19668.4,31.393800000000063,1.0,2023-09-27,20,0.24,20,0.5,0.5
2023-09-28 11:17:00,short,19662.3,2023-09-28 11:56:00,19630.111399999998,TARGET,31.688600000001315,19766.65,19720.35,19642.35,19697.11666666667,32.68860000000004,1.0,2023-09-28,20,0.24,20,0.5,0.5
2023-09-29 11:44:00,long,19667.3,2023-09-29 13:57:00,19701.366599999998,TARGET,33.56659999999829,19600.25,19551.05,19575.058333333334,19629.375,34.56660000000007,1.0,2023-09-29,20,0.24,20,0.5,0.5
2023-10-06 14:08:00,long,19665.35,2023-10-06 15:25:00,19652.3,EOD,-13.549999999999272,19624.0,19598.4,19532.125,19540.541666666664,34.564800000000105,1.0,2023-10-06,20,0.24,20,0.5,0.5
2023-10-10 12:15:00,long,19652.15,2023-10-10 13:09:00,19684.712000000003,TARGET,32.06200000000172,19607.35,19565.45,19512.475,19534.725,33.06200000000011,1.0,2023-10-10,12,0.24,20,0.5,0.5
2023-10-13 14:22:00,long,19794.6,2023-10-13 14:22:00,19798.058333333334,STOP,2.9583333333357587,19736.6,19635.3,19798.558333333334,19807.975,38.990357142857206,1.0,2023-10-13,14,0.3,20,0.5,0.5
2023-10-18 11:19:00,short,19730.05,2023-10-18 12:03:00,19691.6025,TARGET,37.9474999999984,19824.45,19774.8,19812.7,19818.633333333335,38.94750000000006,1.0,2023-10-18,14,0.3,20,0.5,0.5
2023-10-19 11:35:00,long,19646.15,2023-10-19 11:35:00,19692.416666666668,STOP,45.766666666666424,19573.05,19525.65,19692.916666666668,19750.45,39.0396428571429,1.0,2023-10-19,14,0.3,20,0.5,0.5
2023-10-23 10:31:00,short,19468.9,2023-10-23 13:14:00,19430.71875,TARGET,37.681250000001455,19556.85,19514.6,19547.816666666666,19556.25,38.68125000000005,1.0,2023-10-23,20,0.3,20,0.5,0.5
2023-10-25 12:28:00,short,19212.45,2023-10-25 12:42:00,19171.901,TARGET,40.04899999999907,19336.3,19259.55,19312.783333333333,19407.35,41.04900000000003,1.0,2023-10-25,20,0.3,20,0.5,0.5
2023-10-26 10:27:00,short,18888.05,2023-10-26 13:31:00,18845.39275,TARGET,42.157250000000204,19041.7,18956.05,19149.608333333337,19210.725,43.15724999999997,1.0,2023-10-26,20,0.3,20,0.5,0.5
2023-10-27 11:59:00,long,19051.95,2023-10-27 15:25:00,19049.7,EOD,-2.75,18993.95,18926.65,18887.333333333336,18942.5,45.20475000000002,1.0,2023-10-27,20,0.3,20,0.5,0.5
2023-10-30 13:39:00,long,19131.45,2023-10-30 15:25:00,19142.8,EOD,10.849999999998545,19083.7,18964.85,19001.4,19033.933333333334,42.27833333333328,1.0,2023-10-30,18,0.3,20,0.5,0.5
2023-11-01 15:19:00,short,18978.9,2023-11-01 15:25:00,18985.55,EOD,-7.149999999997817,19096.05,19032.6,19100.958333333332,19145.075,35.146199999999986,1.0,2023-11-01,20,0.24,20,0.5,0.5
2023-11-06 14:26:00,long,19378.1,2023-11-06 15:00:00,19394.8215,TARGET,16.22149999999965,19357.35,19309.7,19231.625000000004,19243.575,17.221499999999956,1.0,2023-11-06,20,0.12,20,0.5,0.5
2023-11-10 12:43:00,long,19393.35,2023-11-10 12:43:00,19406.10833333333,STOP,12.258333333331393,19366.0,19329.45,19406.60833333333,19421.125,16.733999999999998,1.0,2023-11-10,20,0.12,20,0.5,0.5
2023-11-15 15:17:00,long,19678.4,2023-11-15 15:25:00,19688.75,EOD,9.849999999998545,19653.35,19579.65,19445.825,19454.575,16.461600000000015,1.0,2023-11-15,20,0.12,20,0.5,0.5
2023-11-16 09:59:00,long,19695.35,2023-11-16 10:05:00,19709.367,TARGET,13.516999999999825,19678.75,19627.0,19635.300000000003,19671.26666666667,14.517000000000044,1.0,2023-11-16,14,0.12,20,0.5,0.5
2023-11-28 15:19:00,long,19897.65,2023-11-28 15:25:00,19907.9,EOD,9.75,19848.05,19806.3,19800.85,19800.983333333337,38.02772727272733,1.0,2023-11-28,22,0.3,20,0.5,0.5
2023-11-29 12:24:00,long,20034.65,2023-11-29 13:47:00,20068.30425,TARGET,33.15424999999959,19996.7,19956.3,19854.65,19890.483333333337,34.15425000000007,1.0,2023-11-29,20,0.3,20,0.5,0.5
2023-11-30 10:01:00,short,20040.5,2023-11-30 10:43:00,20077.591666666667,STOP,-37.59166666666715,20136.15,20101.4,20030.475,20077.091666666667,33.15600000000008,1.0,2023-11-30,20,0.3,20,0.5,0.5
2023-12-01 11:34:00,long,20276.9,2023-12-01 15:25:00,20266.7,EOD,-10.700000000000728,20238.45,20183.7,20086.725,20132.375,32.62350000000008,1.0,2023-12-01,20,0.3,20,0.5,0.5
2023-12-04 14:17:00,long,20647.65,2023-12-04 14:59:00,20679.556,TARGET,31.40599999999904,20602.5,20507.75,20237.625,20257.341666666667,32.40600000000008,1.0,2023-12-04,20,0.3,20,0.5,0.5
2023-12-05 15:11:00,long,20856.75,2023-12-05 15:25:00,20858.45,EOD,1.2000000000007276,20813.1,20711.15,20605.2,20658.93333333333,33.66300000000012,1.0,2023-12-05,20,0.3,20,0.5,0.5
2023-12-08 13:46:00,short,20876.95,2023-12-08 14:06:00,20908.975,STOP,-32.52499999999782,20972.75,20932.55,20896.025,20908.475,34.9845000000001,1.0,2023-12-08,20,0.3,20,0.5,0.5
2023-12-12 14:01:00,short,20952.85,2023-12-12 14:37:00,20916.90525,TARGET,35.44474999999875,21037.9,21001.85,20974.9,20987.033333333333,36.444749999999964,1.0,2023-12-12,20,0.3,20,0.5,0.5
2023-12-13 10:03:00,short,20834.35,2023-12-13 10:34:00,20810.43227272727,TARGET,23.41772727272837,20936.0,20877.35,20923.24166666667,20952.525,24.41772727272728,1.0,2023-12-13,22,0.2,20,0.5,0.5
2023-12-14 13:27:00,long,21200.1,2023-12-14 15:25:00,21206.25,EOD,5.650000000001455,21148.45,21074.45,20857.05,20914.150000000005,38.702249999999914,1.0,2023-12-14,20,0.3,20,0.5,0.5
2023-12-15 10:26:00,long,21336.5,2023-12-15 13:58:00,21361.420454545456,TARGET,24.42045454545587,21298.15,21249.8,21142.675000000003,21185.39166666667,25.420454545454515,1.0,2023-12-15,22,0.2,20,0.5,0.5
2023-12-19 09:48:00,short,21377.1,2023-12-19 10:07:00,21350.511363636364,TARGET,26.088636363634578,21480.0,21418.4,21412.458333333336,21424.074999999997,27.08863636363633,1.0,2023-12-19,22,0.2,20,0.5,0.5
2023-12-20 13:17:00,short,21462.1,2023-12-20 13:17:00,21442.566666666666,STOP,19.03333333333285,21580.7,21525.15,21421.4,21442.066666666666,26.352727272727233,1.0,2023-12-20,22,0.2,20,0.5,0.5
2023-12-21 10:24:00,long,21140.2,2023-12-21 10:24:00,21196.61666666667,STOP,55.91666666666788,21091.0,20976.8,21197.11666666667,21355.25,29.41590909090906,1.0,2023-12-21,22,0.2,20,0.5,0.5
2023-12-22 10:55:00,long,21358.4,2023-12-22 13:49:00,21247.65,STOP,-111.25,21313.05,21248.15,21124.574999999997,21216.458333333336,36.98499999999991,1.0,2023-12-22,14,0.2,20,0.5,0.5
2023-12-26 10:30:00,long,21436.9,2023-12-26 10:41:00,21468.47590909091,TARGET,31.07590909090868,21389.65,21329.45,21311.475,21324.25833333333,32.07590909090904,1.0,2023-12-26,22,0.2,20,0.5,0.5
2023-12-27 11:33:00,long,21588.3,2023-12-27 15:01:00,21620.11227272727,TARGET,31.312272727271193,21544.5,21495.8,21403.300000000003,21434.63333333334,32.312272727272685,1.0,2023-12-27,22,0.2,20,0.5,0.5
2024-01-01 14:08:00,long,21779.6,2024-01-01 14:43:00,21813.046499999997,TARGET,32.946499999998196,21737.35,21684.05,21723.6,21726.033333333333,33.94649999999991,1.0,2024-01-01,20,0.2,20,0.5,0.5
2024-01-02 10:05:00,short,21655.9,2024-01-02 10:25:00,21621.997000000003,TARGET,33.40299999999843,21755.6,21699.0,21709.63333333333,21757.6,34.40299999999992,1.0,2024-01-02,20,0.2,20,0.5,0.5
2024-01-03 12:29:00,short,21532.75,2024-01-03 15:25:00,21519.5,EOD,12.75,21677.0,21594.45,21655.625,21660.24166666667,34.45349999999988,1.0,2024-01-03,20,0.2,20,0.5,0.5
2024-01-04 12:32:00,long,21664.35,2024-01-04 15:25:00,21667.9,EOD,3.0500000000029104,21624.8,21564.55,21542.225000000002,21588.675,34.69099999999991,1.0,2024-01-04,20,0.2,20,0.5,0.5
2024-01-05 14:17:00,short,21639.95,2024-01-05 14:31:00,21652.89166666667,STOP,-13.441666666669335,21749.6,21698.2,21620.375,21652.39166666667,34.709499999999935,1.0,2024-01-05,20,0.2,20,0.5,0.5
2024-01-08 11:00:00,short,21641.05,2024-01-08 11:07:00,21608.48423076923,TARGET,32.06576923076864,21763.95,21695.3,21689.4,21703.733333333337,33.06576923076914,1.0,2024-01-08,26,0.2,20,0.5,0.5
2024-01-09 12:56:00,long,21717.15,2024-01-09 14:17:00,21631.7,STOP,-85.95000000000073,21673.65,21632.2,21550.64166666667,21628.425000000003,34.06038461538452,1.0,2024-01-09,26,0.2,20,0.5,0.5
2024-01-10 15:02:00,long,21628.05,2024-01-10 15:25:00,21628.85,EOD,0.2999999999992724,21564.5,21448.65,21575.88333333333,21621.15,16.77949999999997,1.0,2024-01-10,30,0.1,20,0.5,0.5
2024-01-11 10:25:00,short,21656.65,2024-01-11 10:25:00,21601.816666666666,STOP,54.33333333333576,21726.5,21683.0,21545.25,21601.316666666666,17.05916666666663,1.0,2024-01-11,30,0.1,20,0.5,0.5
2024-01-12 10:41:00,long,21822.9,2024-01-12 11:00:00,21839.407166666668,TARGET,16.007166666666308,21789.15,21715.15,21654.00833333333,21660.125,17.007166666666624,1.0,2024-01-12,30,0.1,20,0.5,0.5
2024-01-15 10:02:00,short,21999.35,2024-01-15 10:02:00,21881.866666666672,STOP,116.9833333333263,22081.95,22021.1,21821.7,21881.366666666672,17.24499999999995,1.0,2024-01-15,30,0.1,20,0.5,0.5
2024-01-16 11:02:00,long,22112.25,2024-01-16 13:06:00,22036.375,STOP,-76.375,22088.2,22029.2,22036.875,22084.891666666663,17.374333333333293,1.0,2024-01-16,30,0.1,20,0.5,0.5
2024-01-17 14:35:00,short,21609.8,2024-01-17 14:41:00,21592.967916666665,TARGET,16.332083333334594,21851.5,21636.95,22037.125,22046.975,17.332083333333323,1.0,2024-01-17,12,0.1,20,0.5,0.5
2024-01-18 09:44:00,short,21383.95,2024-01-18 09:46:00,21365.888333333332,TARGET,17.561666666668316,21474.4,21406.35,21614.324999999997,21700.975,18.56166666666665,1.0,2024-01-18,12,0.1,20,0.5,0.5
2024-01-20 12:42:00,short,21588.5,2024-01-20 12:56:00,21632.999999999996,STOP,-44.99999999999636,21720.3,21650.65,21622.8,21632.499999999996,18.335416666666667,1.0,2024-01-20,12,0.1,20,0.5,0.5
2024-01-23 10:06:00,short,21635.75,2024-01-23 10:06:00,21631.55,STOP,3.7000000000007276,21749.25,21700.5,21599.05,21631.05,18.892499999999988,1.0,2024-01-23,12,0.1,20,0.5,0.5
2024-01-24 09:54:00,long,21315.1,2024-01-24 09:54:00,21329.475,STOP,13.875,21270.15,21137.2,21329.975,21471.125,22.52458333333334,1.0,2024-01-24,12,0.1,20,0.5,0.5
2024-01-25 10:24:00,short,21294.85,2024-01-25 10:55:00,21272.236666666664,TARGET,22.113333333334594,21459.0,21372.05,21308.050000000003,21418.816666666666,23.113333333333355,1.0,2024-01-25,12,0.1,20,0.5,0.5
2024-01-29 10:44:00,long,21602.75,2024-01-29 10:57:00,21625.407916666667,TARGET,22.157916666667006,21560.35,21429.6,21353.025,21369.641666666663,23.157916666666676,1.0,2024-01-29,12,0.1,20,0.5,0.5
2024-01-30 14:13:00,short,21654.1,2024-01-30 14:26:00,21630.274583333332,TARGET,23.32541666666657,21813.05,21689.1,21596.25,21704.316666666666,24.325416666666722,1.0,2024-01-30,12,0.1,20,0.5,0.5
2024-01-31 10:14:00,long,21603.85,2024-01-31 10:32:00,21629.162916666664,TARGET,24.812916666665842,21548.1,21448.85,21569.975000000002,21657.425,25.812916666666723,1.0,2024-01-31,12,0.1,20,0.5,0.5
2024-02-02 11:23:00,long,22039.75,2024-02-02 11:31:00,22065.943333333333,TARGET,25.693333333332703,21963.45,21812.0,21712.716666666667,21745.85,26.693333333333403,1.0,2024-02-02,12,0.1,20,0.5,0.5
2024-02-06 13:35:00,long,21914.55,2024-02-06 15:25:00,21947.0,EOD,31.950000000000728,21844.6,21737.55,21793.575000000004,21845.625,66.9751875000001,1.0,2024-02-06,16,0.26,20,0.5,0.5
2024-02-07 11:30:00,short,21926.25,2024-02-07 11:30:00,21913.658333333333,STOP,12.091666666667152,22053.3,21975.9,21844.475,21913.158333333333,27.220000000000045,1.0,2024-02-07,12,0.1,20,0.5,0.5
2024-02-08 10:23:00,short,21914.65,2024-02-08 10:27:00,21957.225,STOP,-43.07499999999709,22011.05,21959.55,21945.97499999999,21956.725,28.032916666666708,1.0,2024-02-08,12,0.1,20,0.5,0.5
2024-02-12 10:29:00,short,21661.55,2024-02-12 13:01:00,21593.252375,TARGET,67.79762499999924,21831.7,21764.0,21717.175000000003,21757.25833333334,68.79762500000007,1.0,2024-02-12,16,0.26,20,0.5,0.5
2024-02-13 15:16:00,long,21757.85,2024-02-13 15:25:00,21736.7,EOD,-21.649999999997817,21678.05,21543.35,21655.74166666667,21703.225,68.84800000000006,1.0,2024-02-13,16,0.26,20,0.5,0.5
2024-02-14 13:07:00,long,21695.6,2024-02-14 13:31:00,21654.574999999997,STOP,-41.525000000001455,21600.65,21530.2,21655.074999999997,21709.824999999997,70.92556250000008,1.0,2024-02-14,16,0.26,20,0.5,0.5
2024-02-19 14:26:00,long,22184.85,2024-02-19 15:25:00,22124.75,EOD,-60.599999999998545,22107.6,22049.7,22018.800000000003,22025.300000000003,54.79799999999995,1.0,2024-02-19,12,0.24,20,0.5,0.5
2024-02-20 15:13:00,long,22198.55,2024-02-20 15:25:00,22210.75,EOD,11.700000000000728,22111.35,22056.6,22103.85,22118.11666666667,74.71500000000007,1.0,2024-02-20,22,0.3,20,0.5,0.5
2024-02-21 14:31:00,short,22076.35,2024-02-21 14:58:00,22000.0575,TARGET,75.79249999999956,22234.65,22189.8,22130.025,22184.175000000003,76.7925000000001,1.0,2024-02-21,20,0.3,20,0.5,0.5
2024-02-22 15:07:00,long,22206.75,2024-02-22 15:25:00,22239.0,EOD,31.75,22094.3,21966.85,22063.025,22123.675000000003,72.22050000000011,1.0,2024-02-22,20,0.3,20,0.5,0.5
2024-02-28 11:04:00,short,22031.3,2024-02-28 13:07:00,21966.32875,TARGET,64.47124999999869,22226.3,22184.35,22151.95,22180.983333333326,65.47125000000005,1.0,2024-02-28,20,0.3,20,0.5,0.5
2024-03-01 11:18:00,long,22217.2,2024-03-01 11:38:00,22282.64975,TARGET,64.94974999999977,22138.5,22047.75,21955.125,22017.308333333327,65.94975000000002,1.0,2024-03-01,20,0.3,20,0.5,0.5
2024-03-06 14:38:00,long,22456.25,2024-03-06 15:25:00,22482.9,EOD,26.150000000001455,22353.8,22289.4,22343.025,22352.574999999997,62.40150000000003,1.0,2024-03-06,20,0.3,20,0.5,0.5
2024-03-11 12:14:00,short,22373.05,2024-03-11 15:13:00,22313.802,TARGET,58.74799999999959,22526.6,22460.95,22477.825,22480.508333333335,59.74800000000012,1.0,2024-03-11,20,0.3,20,0.5,0.5
2024-03-13 11:08:00,short,22251.2,2024-03-13 11:25:00,22192.186,TARGET,58.513999999999214,22446.75,22323.55,22343.52500000001,22354.275,59.51400000000008,1.0,2024-03-13,20,0.3,20,0.5,0.5
2024-03-14 11:39:00,long,22142.35,2024-03-14 15:25:00,22143.5,EOD,0.6500000000014552,22027.8,21917.5,22039.3,22176.2,64.27875000000006,1.0,2024-03-14,20,0.3,20,0.5,0.5
2024-03-15 10:34:00,short,21964.75,2024-03-15 15:25:00,22027.8,EOD,-63.54999999999927,22120.9,22045.0,22061.05,22116.350000000002,60.98516666666671,1.0,2024-03-15,24,0.28,20,0.5,0.5
2024-03-18 14:31:00,long,22106.6,2024-03-18 15:25:00,22050.3,EOD,-56.79999999999927,22045.3,21953.7,22026.300000000003,22026.966666666667,59.665900000000086,1.0,2024-03-18,20,0.28,20,0.5,0.5
2024-03-19 11:09:00,short,21847.05,2024-03-19 15:25:00,21812.85,EOD,33.70000000000073,21978.3,21922.05,22020.125,22040.575000000004,60.575083333333396,1.0,2024-03-19,24,0.28,20,0.5,0.5
2024-03-20 10:37:00,short,21763.95,2024-03-20 12:51:00,21886.199999999997,STOP,-122.74999999999636,21891.7,21831.35,21836.800000000003,21885.699999999997,64.41700000000006,1.0,2024-03-20,14,0.28,20,0.5,0.5
2024-03-21 10:14:00,long,22067.85,2024-03-21 12:09:00,21976.5,STOP,-91.84999999999854,22020.95,21977.0,21820.550000000003,21840.98333333333,21.534107142857167,1.0,2024-03-21,28,0.1,20,0.5,0.5
2024-03-22 10:26:00,long,22044.05,2024-03-22 11:42:00,22102.053083333332,TARGET,57.50308333333305,21977.8,21883.3,22011.125,22026.441666666673,58.50308333333346,1.0,2024-03-22,24,0.28,20,0.5,0.5
2024-03-27 11:55:00,long,22177.9,2024-03-27 15:25:00,22147.8,EOD,-30.600000000002183,22118.25,22052.85,22010.375,22011.158333333333,51.34160000000009,1.0,2024-03-27,30,0.24,20,0.5,0.5
2024-03-28 09:56:00,long,22304.25,2024-03-28 10:41:00,22354.162,TARGET,49.41200000000026,22224.75,22173.85,22123.225,22139.941666666666,50.412000000000084,1.0,2024-03-28,30,0.24,20,0.5,0.5
2024-04-03 11:33:00,long,22460.8,2024-04-03 12:46:00,22509.3572,TARGET,48.057199999999284,22408.05,22346.5,22442.875,22458.125,49.057200000000094,1.0,2024-04-03,30,0.24,20,0.5,0.5
2024-04-04 10:59:00,short,22362.45,2024-04-04 12:42:00,22442.366666666665,STOP,-80.41666666666424,22619.0,22465.9,22433.8,22441.866666666665,49.65640000000008,1.0,2024-04-04,30,0.24,20,0.5,0.5
2024-04-08 12:40:00,long,22671.85,2024-04-08 15:25:00,22667.75,EOD,-4.599999999998545,22612.1,22550.35,22482.6,22515.666666666664,50.38640000000005,1.0,2024-04-08,30,0.24,20,0.5,0.5
2024-04-12 12:25:00,short,22629.15,2024-04-12 12:26:00,22611.9625,TARGET,16.6875,22726.45,22657.2,22724.7,22739.833333333332,17.687500000000032,1.0,2024-04-12,12,0.1,20,0.5,0.5
2024-04-15 11:03:00,long,22417.45,2024-04-15 11:03:00,22548.1,STOP,130.14999999999782,22373.55,22283.0,22548.6,22618.5,35.40071428571438,1.0,2024-04-15,14,0.2,20,0.5,0.5
2024-04-18 10:19:00,short,22176.95,2024-04-18 10:19:00,22160.033333333333,STOP,16.41666666666788,22270.65,22209.2,22146.6,22159.533333333333,20.76800000000003,1.0,2024-04-18,12,0.12,20,0.5,0.5
2024-04-19 11:33:00,long,21911.8,2024-04-19 11:33:00,22073.566666666666,STOP,161.26666666666642,21869.5,21777.65,22074.066666666666,22144.1,20.99450000000001,1.0,2024-04-19,12,0.12,20,0.5,0.5
2024-04-25 10:20:00,long,22462.7,2024-04-25 10:46:00,22416.20833333333,STOP,-46.991666666672245,22373.95,22305.25,22416.70833333333,22430.225,37.632857142857134,1.0,2024-04-25,14,0.2,20,0.5,0.5
2024-04-26 10:31:00,short,22529.3,2024-04-26 10:32:00,22531.933333333327,STOP,-3.133333333327755,22615.5,22575.35,22465.6,22531.433333333327,39.72000000000003,1.0,2024-04-26,14,0.2,20,0.5,0.5
2024-04-29 12:07:00,long,22559.65,2024-04-29 13:12:00,22579.468333333334,TARGET,19.318333333332703,22532.5,22468.8,22462.808333333334,22500.525,20.318333333333342,1.0,2024-04-29,12,0.1,20,0.5,0.5
2024-04-30 10:53:00,long,22761.1,2024-04-30 15:00:00,22661.3,STOP,-100.29999999999927,22704.9,22661.8,22548.85,22608.84999999999,39.98642857142856,1.0,2024-04-30,14,0.2,20,0.5,0.5
2024-05-02 11:40:00,long,22697.95,2024-05-02 15:25:00,22651.95,EOD,-46.5,22668.4,22580.6,22610.958333333336,22675.875,21.740833333333285,1.0,2024-05-02,12,0.1,20,0.5,0.5
2024-05-03 10:13:00,short,22689.4,2024-05-03 10:13:00,22650.650000000005,STOP,38.24999999999636,22794.7,22757.4,22645.55,22650.150000000005,31.43899999999998,1.0,2024-05-03,16,0.16,20,0.5,0.5
2024-05-06 10:07:00,short,22443.6,2024-05-06 15:25:00,22444.95,EOD,-1.8500000000021828,22588.8,22497.2,22507.058333333327,22571.375,34.435999999999986,1.0,2024-05-06,16,0.16,20,0.5,0.5
2024-05-07 10:08:00,short,22394.15,2024-05-07 10:25:00,22361.089200000002,TARGET,32.56079999999929,22499.05,22441.4,22462.674999999996,22499.125,33.56079999999999,1.0,2024-05-07,20,0.16,20,0.5,0.5
2024-05-08 12:16:00,long,22326.9,2024-05-08 12:16:00,22326.383333333328,STOP,-1.0166666666737,22282.65,22185.6,22326.883333333328,22365.55,33.17519999999998,1.0,2024-05-08,20,0.16,20,0.5,0.5
2024-05-09 10:28:00,short,22142.1,2024-05-09 12:47:00,22108.837199999998,TARGET,32.762800000000425,22307.75,22233.65,22276.925000000003,22299.54166666667,33.76279999999999,1.0,2024-05-09,20,0.16,20,0.5,0.5
2024-05-10 10:06:00,long,22118.05,2024-05-10 12:26:00,22005.191666666662,STOP,-113.35833333333721,22056.1,21950.3,22005.691666666662,22120.075,35.589999999999975,1.0,2024-05-10,20,0.16,20,0.5,0.5
2024-05-13 10:08:00,short,21844.9,2024-05-13 13:53:00,22049.8,STOP,-205.39999999999782,22067.3,21892.4,22040.8,22049.3,35.78879999999996,1.0,2024-05-13,20,0.16,20,0.5,0.5
2024-05-14 13:00:00,long,22228.4,2024-05-14 13:52:00,22248.963571428572,TARGET,20.063571428570867,22182.7,22095.15,21975.875,22075.891666666663,21.063571428571414,1.0,2024-05-14,28,0.1,20,0.5,0.5
2024-05-15 10:12:00,short,22185.45,2024-05-15 10:16:00,22164.02557692308,TARGET,20.924423076921812,22278.55,22241.6,22175.65,22204.783333333326,21.924423076923073,1.0,2024-05-15,26,0.1,20,0.5,0.5
2024-05-16 10:27:00,short,22181.45,2024-05-16 10:47:00,22160.677115384617,TARGET,20.2728846153841,22330.0,22255.55,22208.65000000001,22224.65,21.272884615384605,1.0,2024-05-16,26,0.1,20,0.5,0.5
2024-05-17 11:04:00,long,22464.95,2024-05-17 11:51:00,22486.752500000002,TARGET,21.3025000000016,22431.25,22352.75,22243.4,22357.433333333334,22.302499999999995,1.0,2024-05-17,26,0.1,20,0.5,0.5
2024-05-21 12:04:00,long,22534.95,2024-05-21 12:47:00,22556.78923076923,TARGET,21.3392307692302,22509.05,22440.9,22423.9,22454.6,22.33923076923076,1.0,2024-05-21,26,0.1,20,0.5,0.5
2024-05-22 15:23:00,long,22623.3,2024-05-22 15:25:00,22619.25,EOD,-4.549999999999272,22577.4,22529.05,22516.0,22522.766666666663,22.316346153846126,1.0,2024-05-22,26,0.1,20,0.5,0.5
2024-05-23 09:44:00,long,22680.8,2024-05-23 10:20:00,22702.768076923076,TARGET,21.468076923076296,22623.4,22577.45,22553.875,22597.791666666664,22.468076923076886,1.0,2024-05-23,26,0.1,20,0.5,0.5
2024-05-27 12:22:00,long,23084.2,2024-05-27 12:33:00,23106.747884615386,TARGET,22.047884615385556,23043.2,22965.35,22954.500000000004,22967.2,23.04788461538456,1.0,2024-05-27,26,0.1,20,0.5,0.5
2024-05-28 12:37:00,short,22895.95,2024-05-28 15:22:00,22872.997115384616,TARGET,22.45288461538439,22992.4,22954.9,22953.833333333336,22991.0,23.452884615384562,1.0,2024-05-28,26,0.1,20,0.5,0.5
2024-05-29 10:30:00,short,22736.6,2024-05-29 11:17:00,22714.534807692307,TARGET,21.565192307691177,22824.3,22762.25,22891.95,22931.55,22.565192307692257,1.0,2024-05-29,26,0.1,20,0.5,0.5
2024-05-30 10:11:00,short,22576.85,2024-05-30 10:14:00,22555.791923076922,TARGET,20.55807692307644,22705.75,22617.25,22724.291666666664,22755.475,21.55807692307688,1.0,2024-05-30,26,0.1,20,0.5,0.5
2024-05-31 10:56:00,short,22521.8,2024-05-31 11:03:00,22500.24019230769,TARGET,21.059807692308823,22653.75,22557.7,22529.058333333327,22561.375,22.059807692307647,1.0,2024-05-31,26,0.1,20,0.5,0.5
2024-06-04 11:07:00,short,22124.75,2024-06-04 11:08:00,22102.118076923078,TARGET,22.13192307692225,23159.45,22389.85,23200.5,23256.033333333333,23.131923076923048,1.0,2024-06-04,26,0.1,20,0.5,0.5
2024-06-05 11:04:00,long,22261.05,2024-06-05 11:09:00,22289.671538461538,TARGET,28.121538461538876,22131.6,21791.95,22023.283333333336,22220.45,29.121538461538428,1.0,2024-06-05,26,0.1,20,0.5,0.5
2024-06-06 10:35:00,long,22843.9,2024-06-06 10:37:00,22875.01576923077,TARGET,30.61576923076791,22799.5,22642.6,22231.175000000003,22463.125000000007,31.615769230769196,1.0,2024-06-06,26,0.1,20,0.5,0.5
2024-06-07 10:34:00,long,22991.9,2024-06-07 10:39:00,23023.22211538462,TARGET,30.822115384617064,22943.35,22789.05,22776.375,22829.725,31.822115384615373,1.0,2024-06-07,26,0.1,20,0.5,0.5
2024-06-10 15:15:00,short,23260.95,2024-06-10 15:15:00,23207.208333333336,STOP,53.24166666666497,23411.9,23313.75,23054.625,23206.708333333336,33.03826923076923,1.0,2024-06-10,26,0.1,20,0.5,0.5
2024-06-11 10:41:00,long,23336.1,2024-06-11 13:34:00,23367.705535714285,TARGET,31.105535714286816,23289.8,23229.6,23260.358333333326,23319.575,32.105535714285715,1.0,2024-06-11,28,0.1,20,0.5,0.5
2024-06-12 10:43:00,long,23429.45,2024-06-12 15:25:00,23311.3,EOD,-118.65000000000146,23361.35,23295.95,23260.85,23298.050000000003,43.25041666666672,1.0,2024-06-12,12,0.1,20,0.5,0.5
2024-06-21 12:49:00,short,23451.7,2024-06-21 14:03:00,23564.7,STOP,-113.5,23667.1,23594.1,23533.3,23564.2,121.59375000000009,1.0,2024-06-21,12,0.3,20,0.5,0.5
2024-06-24 10:52:00,long,23484.45,2024-06-24 10:52:00,23500.783333333326,STOP,15.833333333324845,23439.2,23351.5,23501.283333333326,23532.65,30.016964285714273,1.0,2024-06-24,28,0.1,20,0.5,0.5
2024-06-25 12:38:00,long,23657.95,2024-06-25 13:18:00,23687.104285714286,TARGET,28.654285714284924,23603.65,23571.05,23454.05,23516.749999999996,29.65428571428569,1.0,2024-06-25,28,0.1,20,0.5,0.5
2024-06-26 11:28:00,long,23803.6,2024-06-26 12:00:00,23832.76607142857,TARGET,28.66607142857174,23749.5,23670.45,23658.1,23711.0,29.666071428571417,1.0,2024-06-26,28,0.1,20,0.5,0.5
2024-06-27 10:10:00,long,23953.45,2024-06-27 12:15:00,24007.87875,TARGET,53.92874999999913,23887.45,23805.4,23780.175000000003,23836.79166666667,54.928749999999944,1.0,2024-06-27,12,0.3,20,0.5,0.5
2024-06-28 15:20:00,short,23993.4,2024-06-28 15:25:00,24006.8,EOD,-13.899999999997817,24137.5,24062.85,23946.425000000003,24025.708333333336,57.36374999999989,1.0,2024-06-28,12,0.3,20,0.5,0.5
2024-07-01 12:26:00,long,24120.5,2024-07-01 15:25:00,24138.05,EOD,17.049999999999272,24060.15,23992.7,24030.833333333336,24079.9,57.49874999999993,1.0,2024-07-01,12,0.3,20,0.5,0.5
2024-07-05 15:14:00,long,24342.55,2024-07-05 15:25:00,24324.4,EOD,-18.649999999997817,24260.95,24170.35,24318.666666666664,24341.0,28.79750000000001,1.0,2024-07-05,28,0.1,20,0.5,0.5
2024-07-09 13:06:00,long,24409.4,2024-07-09 15:02:00,24437.41892857143,TARGET,27.51892857142957,24373.55,24331.9,24291.275,24324.091666666667,28.5189285714286,1.0,2024-07-09,28,0.1,20,0.5,0.5
2024-07-10 10:15:00,short,24332.0,2024-07-10 10:20:00,24304.08232142857,TARGET,27.41767857142986,24461.05,24383.6,24387.75,24413.683333333327,28.41767857142859,1.0,2024-07-10,28,0.1,20,0.5,0.5
2024-07-11 10:24:00,short,24255.1,2024-07-11 12:04:00,24211.912125,TARGET,42.68787499999962,24402.65,24313.25,24301.425,24317.075,43.68787500000001,1.0,2024-07-11,24,0.22,20,0.5,0.5
2024-07-12 11:06:00,long,24554.55,2024-07-12 15:25:00,24497.9,EOD,-57.14999999999782,24440.75,24342.45,24298.2,24333.533333333336,43.15024999999999,1.0,2024-07-12,24,0.22,20,0.5,0.5
2024-07-18 09:57:00,long,24649.25,2024-07-18 10:49:00,24616.416666666668,STOP,-33.33333333333212,24585.95,24515.75,24616.916666666668,24624.45,39.01012499999995,1.0,2024-07-18,24,0.22,20,0.5,0.5
2024-07-19 10:45:00,short,24690.95,2024-07-19 10:57:00,24661.415333333334,TARGET,29.034666666666453,24854.8,24727.75,24671.1,24759.466666666674,30.03466666666665,1.0,2024-07-19,18,0.16,20,0.5,0.5
2024-07-22 10:11:00,long,24548.25,2024-07-22 10:11:00,24579.791666666664,STOP,31.04166666666424,24485.3,24362.3,24580.291666666664,24681.475,31.266222222222197,1.0,2024-07-22,18,0.16,20,0.5,0.5
2024-07-23 12:25:00,short,24228.4,2024-07-23 12:28:00,24168.229000000003,TARGET,59.67099999999846,24582.55,24502.6,24478.75,24499.716666666667,60.67099999999995,1.0,2024-07-23,30,0.3,20,0.5,0.5
2024-07-24 12:25:00,short,24332.0,2024-07-24 14:31:00,24423.158333333333,STOP,-91.65833333333285,24493.55,24405.6,24328.375,24422.658333333333,60.44299999999992,1.0,2024-07-24,30,0.3,20,0.5,0.5
2024-07-25 11:55:00,long,24362.0,2024-07-25 11:55:00,24405.25,STOP,42.75,24276.45,24210.8,24405.75,24426.950000000004,60.5664999999999,1.0,2024-07-25,30,0.3,20,0.5,0.5
2024-07-26 10:08:00,long,24580.8,2024-07-26 11:09:00,24641.192,TARGET,59.891999999999825,24494.2,24410.9,24318.475,24380.391666666663,60.891999999999925,1.0,2024-07-26,30,0.3,20,0.5,0.5
2024-07-29 14:07:00,short,24823.95,2024-07-29 14:07:00,24765.566666666673,STOP,57.883333333327755,24980.45,24897.8,24632.0,24765.066666666673,63.8539999999999,1.0,2024-07-29,30,0.3,20,0.5,0.5
2024-07-30 11:32:00,long,24943.25,2024-07-30 15:09:00,24855.725000000002,STOP,-88.02499999999782,24869.8,24798.65,24856.225000000002,24887.175,64.83399999999995,1.0,2024-07-30,30,0.3,20,0.5,0.5
2024-08-01 14:38:00,short,24966.25,2024-08-01 14:38:00,24947.141666666674,STOP,18.6083333333263,25078.3,25008.8,24912.925,24946.641666666674,38.73649999999991,1.0,2024-08-01,16,0.16,20,0.5,0.5
2024-08-05 10:57:00,short,24102.95,2024-08-05 11:02:00,24066.1535,TARGET,36.29650000000038,24350.05,24192.5,24738.49166666667,24769.375,37.296499999999945,1.0,2024-08-05,16,0.16,20,0.5,0.5
2024-08-06 13:42:00,short,24087.8,2024-08-06 13:51:00,24048.529,TARGET,38.77100000000064,24382.6,24189.5,24082.791666666664,24121.875,39.770999999999916,1.0,2024-08-06,16,0.16,20,0.5,0.5
2024-08-08 10:15:00,short,24152.85,2024-08-08 12:13:00,24264.0,STOP,-111.65000000000146,24263.5,24198.4,24261.300000000003,24286.86666666666,36.24338461538454,1.0,2024-08-08,26,0.16,20,0.5,0.5
2024-08-12 11:14:00,long,24434.5,2024-08-12 14:54:00,24364.975,STOP,-70.02500000000146,24323.7,24259.25,24365.475,24369.158333333333,66.18399999999987,1.0,2024-08-12,30,0.3,20,0.5,0.5
2024-08-13 13:00:00,short,24240.8,2024-08-13 13:53:00,24183.3122,TARGET,56.98779999999897,24359.95,24308.35,24342.449999999997,24351.816666666666,57.98779999999989,1.0,2024-08-13,30,0.26,20,0.5,0.5
2024-08-16 10:37:00,short,24234.7,2024-08-16 10:37:00,24153.533333333333,STOP,80.66666666666788,24403.55,24302.8,24148.1,24153.033333333333,57.892466666666586,1.0,2024-08-16,30,0.26,20,0.5,0.5
2024-08-20 10:07:00,long,24708.95,2024-08-20 15:25:00,24685.3,EOD,-24.150000000001455,24660.3,24607.2,24579.99166666667,24580.875,34.85485714285705,1.0,2024-08-20,14,0.16,20,0.5,0.5
2024-08-21 14:54:00,long,24751.45,2024-08-21 15:25:00,24779.35,EOD,27.399999999997817,24708.1,24654.5,24670.75,24680.783333333333,34.32914285714276,1.0,2024-08-21,14,0.16,20,0.5,0.5
2024-08-26 09:55:00,long,24988.55,2024-08-26 10:17:00,25021.236285714283,TARGET,32.18628571428417,24939.5,24874.7,24815.025,24826.975,33.186285714285624,1.0,2024-08-26,14,0.16,20,0.5,0.5
2024-08-28 11:40:00,long,25105.15,2024-08-28 15:25:00,25040.95,EOD,-64.70000000000073,25048.15,24970.15,25010.591666666667,25023.375,26.21485714285705,1.0,2024-08-28,14,0.16,20,0.5,0.5
2024-08-29 12:36:00,long,25170.45,2024-08-29 14:04:00,25042.841666666667,STOP,-128.10833333333358,25073.65,25017.5,25043.341666666667,25047.125,35.50433333333318,1.0,2024-08-29,12,0.22,20,0.5,0.5
2024-09-02 13:45:00,short,25252.75,2024-09-02 13:45:00,25244.433333333334,STOP,7.8166666666656965,25333.65,25283.2,25231.300000000003,25243.933333333334,28.21885714285704,1.0,2024-09-02,14,0.18,20,0.5,0.5
2024-09-04 13:23:00,long,25177.5,2024-09-04 13:23:00,25276.916666666664,STOP,98.91666666666424,25133.1,25083.8,25277.416666666664,25278.75,24.10328571428563,1.0,2024-09-04,14,0.18,20,0.5,0.5
2024-09-05 10:37:00,short,25161.4,2024-09-05 11:08:00,25186.866666666665,STOP,-25.966666666663514,25275.45,25203.8,25147.8,25186.366666666665,24.504428571428498,1.0,2024-09-05,14,0.18,20,0.5,0.5
2024-09-06 09:53:00,short,24980.45,2024-09-06 10:01:00,24959.16742857143,TARGET,20.782571428571828,25168.75,25085.1,25172.0,25201.6,21.782571428571345,1.0,2024-09-06,14,0.18,20,0.5,0.5
2024-09-09 10:47:00,long,24913.1,2024-09-09 10:47:00,24905.308333333334,STOP,-8.291666666664241,24827.8,24753.15,24905.808333333334,24985.025,19.699749999999952,1.0,2024-09-09,12,0.14,20,0.5,0.5
2024-09-10 09:59:00,short,24920.6,2024-09-10 09:59:00,24915.13333333333,STOP,4.966666666667152,25014.8,24966.15,24851.0,24914.63333333333,21.015749999999944,1.0,2024-09-10,12,0.14,20,0.5,0.5
2024-09-11 10:41:00,long,25080.75,2024-09-11 12:05:00,25102.980166666668,TARGET,21.730166666668083,25038.6,24981.3,25013.65,25040.15000000001,22.73016666666662,1.0,2024-09-11,12,0.14,20,0.5,0.5
2024-09-12 11:33:00,short,24982.95,2024-09-12 11:36:00,24999.925000000003,STOP,-17.475000000002183,25072.55,25010.1,24962.574999999997,24999.425000000003,23.42374999999996,1.0,2024-09-12,12,0.14,20,0.5,0.5
2024-09-18 10:48:00,long,25451.75,2024-09-18 12:26:00,25478.246666666666,TARGET,25.996666666665988,25418.15,25380.8,25396.95,25407.783333333336,26.99666666666667,1.0,2024-09-18,12,0.14,20,0.5,0.5
2024-09-19 11:37:00,short,25435.65,2024-09-19 11:37:00,25384.375,STOP,50.775000000001455,25587.1,25481.7,25364.691666666673,25383.875,28.145833333333336,1.0,2024-09-19,12,0.14,20,0.5,0.5
2024-09-20 10:36:00,long,25648.15,2024-09-20 10:40:00,25677.545833333334,TARGET,28.89583333333212,25547.85,25453.3,25457.433333333327,25494.0,29.895833333333336,1.0,2024-09-20,12,0.14,20,0.5,0.5
2024-09-24 14:09:00,long,25976.25,2024-09-24 14:51:00,26008.419,TARGET,31.669000000001688,25938.05,25886.85,25901.675,25921.624999999996,32.66900000000001,1.0,2024-09-24,12,0.14,20,0.5,0.5
2024-09-25 15:11:00,long,26017.1,2024-09-25 15:25:00,26015.35,EOD,-2.25,25951.75,25891.7,25949.199999999997,25949.9,29.836916666666678,1.0,2024-09-25,12,0.14,20,0.5,0.5
2024-09-26 12:08:00,long,26087.15,2024-09-26 14:20:00,26115.480333333333,TARGET,27.83033333333151,26056.0,25998.4,25952.074999999997,25994.591666666667,28.83033333333333,1.0,2024-09-26,24,0.16,20,0.5,0.5
2024-09-30 10:18:00,short,25991.45,2024-09-30 10:33:00,25957.7275,TARGET,33.222499999999854,26134.7,26026.6,26179.424999999996,26214.375,34.22250000000003,1.0,2024-09-30,22,0.18,20,0.5,0.5
2024-10-03 11:57:00,short,25404.7,2024-10-03 13:01:00,25368.946363636365,TARGET,35.25363636363545,25631.7,25451.6,25812.233333333337,25823.4,36.25363636363636,1.0,2024-10-03,22,0.18,20,0.5,0.5
2024-10-04 11:00:00,long,25347.55,2024-10-04 11:02:00,25309.75833333333,STOP,-38.29166666666788,25287.9,25094.55,25310.25833333333,25434.875,38.79818181818182,1.0,2024-10-04,22,0.18,20,0.5,0.5
2024-10-07 10:52:00,short,24891.55,2024-10-07 11:05:00,24815.94,TARGET,75.11000000000058,25143.0,25049.9,25103.041666666668,25225.925,76.11000000000004,1.0,2024-10-07,12,0.3,20,0.5,0.5
2024-10-08 11:31:00,long,24987.7,2024-10-08 15:25:00,25035.1,EOD,46.89999999999782,24865.1,24765.8,24854.825,24918.675,82.41000000000003,1.0,2024-10-08,12,0.3,20,0.5,0.5
2024-10-09 10:51:00,long,25215.95,2024-10-09 14:29:00,25040.65,STOP,-175.79999999999927,25091.85,25041.15,24900.4,24990.533333333326,83.69250000000002,1.0,2024-10-09,12,0.3,20,0.5,0.5
2024-10-14 10:08:00,long,25115.85,2024-10-14 15:25:00,25137.1,EOD,20.75,25066.85,25017.5,24974.35,24975.183333333327,44.0775,1.0,2024-10-14,22,0.18,20,0.5,0.5
2024-10-15 10:00:00,short,25081.65,2024-10-15 10:29:00,25041.754500000003,TARGET,39.39549999999872,25212.05,25166.25,25088.625,25121.275,40.39549999999999,1.0,2024-10-15,16,0.16,20,0.5,0.5
2024-10-16 11:46:00,short,24927.25,2024-10-16 14:28:00,25056.4,STOP,-129.65000000000146,25055.9,24994.65,25086.86666666667,25110.1,38.38699999999997,1.0,2024-10-16,16,0.16,20,0.5,0.5
2024-10-17 09:47:00,short,24837.25,2024-10-17 09:55:00,24808.3875,TARGET,28.362499999999272,25029.5,24897.9,24973.175000000003,25000.925000000003,29.362499999999972,1.0,2024-10-17,16,0.12,20,0.5,0.5
2024-10-18 11:47:00,long,24777.2,2024-10-18 11:47:00,24793.666666666668,STOP,15.966666666667152,24694.95,24567.65,24794.166666666668,24879.2,76.70437499999989,1.0,2024-10-18,16,0.3,20,0.5,0.5
2024-10-21 09:57:00,short,24714.4,2024-10-21 10:07:00,24826.50833333334,STOP,-112.60833333333721,24978.3,24819.05,24726.925000000003,24826.00833333334,79.64999999999986,1.0,2024-10-21,16,0.3,20,0.5,0.5
2024-10-22 10:31:00,short,24648.95,2024-10-22 12:39:00,24617.2435,TARGET,31.206500000000233,24854.05,24755.35,24784.683333333334,24828.949999999997,32.20649999999995,1.0,2024-10-22,16,0.12,20,0.5,0.5
2024-10-23 11:09:00,long,24569.9,2024-10-23 12:12:00,24541.66666666667,STOP,-28.733333333329938,24521.4,24378.1,24542.16666666667,24663.9,34.53337499999998,1.0,2024-10-23,16,0.12,20,0.5,0.5
2024-10-25 10:06:00,short,24256.95,2024-10-25 10:48:00,24173.7575,TARGET,82.69250000000102,24440.25,24356.1,24408.24166666666,24410.925000000003,83.69250000000004,1.0,2024-10-25,16,0.3,20,0.5,0.5
2024-10-28 10:42:00,long,24426.15,2024-10-28 15:25:00,24349.9,EOD,-76.75,24292.9,24172.35,24234.524999999998,24257.075,82.88999999999999,1.0,2024-10-28,16,0.3,20,0.5,0.5
2024-10-29 15:11:00,long,24475.45,2024-10-29 15:25:00,24468.1,EOD,-7.850000000002183,24378.65,24239.9,24313.75,24338.183333333327,74.55437499999994,1.0,2024-10-29,16,0.28,20,0.5,0.5
2024-10-31 12:48:00,short,24198.15,2024-10-31 15:25:00,24210.6,EOD,-12.94999999999709,24372.45,24245.3,24370.35,24402.75,30.442124999999976,1.0,2024-10-31,16,0.12,20,0.5,0.5
2024-11-04 10:12:00,short,23950.6,2024-11-04 10:38:00,23921.306624999997,TARGET,28.793375000001106,24316.75,24058.15,24230.908333333326,24272.525,29.793375000000005,1.0,2024-11-04,16,0.12,20,0.5,0.5
2024-11-05 11:50:00,short,23868.95,2024-11-05 13:28:00,24026.75,STOP,-158.29999999999927,24026.25,23908.65,24026.383333333335,24066.45,32.38800000000001,1.0,2024-11-05,16,0.12,20,0.5,0.5
2024-11-06 10:10:00,long,24396.1,2024-11-06 11:55:00,24436.30120833333,TARGET,39.70120833333203,24349.95,24204.05,24035.9,24144.1,40.70120833333333,1.0,2024-11-06,24,0.14,20,0.5,0.5
2024-11-07 10:06:00,short,24222.05,2024-11-07 13:44:00,24180.885416666664,TARGET,40.66458333333503,24503.35,24341.4,24370.824999999997,24452.874999999993,41.66458333333334,1.0,2024-11-07,24,0.14,20,0.5,0.5
2024-11-11 10:44:00,long,24239.95,2024-11-11 11:43:00,24325.766125000002,TARGET,85.3161250000012,24145.6,24004.6,24141.6,24171.4,86.31612499999999,1.0,2024-11-11,16,0.28,20,0.5,0.5
2024-11-12 12:48:00,short,24012.2,2024-11-12 13:37:00,23925.830875,TARGET,85.86912500000108,24242.0,24158.95,24143.6,24170.699999999997,86.86912500000003,1.0,2024-11-12,16,0.28,20,0.5,0.5
2024-11-13 12:16:00,short,23686.15,2024-11-13 14:29:00,23598.575125000003,TARGET,87.07487499999843,23873.6,23780.3,23931.725,24048.275,88.07487500000005,1.0,2024-11-13,16,0.28,20,0.5,0.5
2024-11-19 11:44:00,long,23772.5,2024-11-19 15:03:00,23516.6,STOP,-256.40000000000146,23677.05,23517.1,23459.966666666674,23478.6,85.46912499999996,1.0,2024-11-19,16,0.28,20,0.5,0.5
2024-11-22 12:33:00,long,23656.6,2024-11-22 13:52:00,23746.62583333333,TARGET,89.52583333333314,23541.1,23359.0,23366.375,23385.225,90.52583333333325,1.0,2024-11-22,18,0.3,20,0.5,0.5
2024-11-26 10:23:00,short,24177.1,2024-11-26 13:39:00,24129.85114285714,TARGET,46.74885714285847,24336.65,24280.8,24243.5,24247.799999999996,47.7488571428571,1.0,2024-11-26,28,0.16,20,0.5,0.5
2024-11-27 13:22:00,long,24319.85,2024-11-27 15:25:00,24277.4,EOD,-42.94999999999709,24268.85,24153.75,24205.641666666663,24231.025,48.14314285714281,1.0,2024-11-27,28,0.16,20,0.5,0.5
2024-11-28 10:43:00,short,24111.45,2024-11-28 10:49:00,24063.778285714285,TARGET,47.17171428571601,24323.05,24265.5,24250.1,24268.63333333334,48.171714285714245,1.0,2024-11-28,28,0.16,20,0.5,0.5
2024-11-29 11:04:00,long,24130.65,2024-11-29 14:42:00,24179.964285714286,TARGET,48.81428571428478,24049.35,23947.35,24007.616666666665,24109.55,49.814285714285674,1.0,2024-11-29,28,0.16,20,0.5,0.5
2024-12-02 14:06:00,long,24256.45,2024-12-02 15:25:00,24274.05,EOD,17.099999999998545,24154.65,24008.65,24067.9,24103.766666666663,49.48153846153844,1.0,2024-12-02,26,0.16,20,0.5,0.5
2024-12-03 11:25:00,long,24428.0,2024-12-03 14:17:00,24476.100615384614,TARGET,47.600615384613775,24377.9,24280.0,24155.175000000003,24234.75833333334,48.60061538461536,1.0,2024-12-03,26,0.16,20,0.5,0.5
2024-12-05 09:56:00,short,24415.95,2024-12-05 10:58:00,24367.586923076924,TARGET,47.86307692307673,24539.95,24476.05,24469.75,24471.35,48.86307692307688,1.0,2024-12-05,26,0.16,20,0.5,0.5
2024-12-10 13:46:00,short,24534.1,2024-12-10 15:25:00,24620.15,EOD,-86.55000000000291,24655.2,24593.25,24632.875,24642.525,47.32461538461536,1.0,2024-12-10,26,0.16,20,0.5,0.5
2024-12-11 11:45:00,long,24679.8,2024-12-11 15:25:00,24640.55,EOD,-39.75,24641.2,24597.6,24594.225,24611.175000000003,30.358999999999977,1.0,2024-12-11,12,0.12,20,0.5,0.5
2024-12-12 12:10:00,short,24561.6,2024-12-12 15:00:00,24532.823,TARGET,28.276999999998225,24671.3,24617.1,24637.8,24639.966666666664,29.277000000000005,1.0,2024-12-12,12,0.12,20,0.5,0.5
2024-12-13 10:20:00,short,24290.7,2024-12-13 10:21:00,24262.5625,TARGET,27.637500000000728,24520.8,24382.4,24573.533333333333,24601.6,28.6375,1.0,2024-12-13,12,0.12,20,0.5,0.5
2024-12-16 11:21:00,short,24639.9,2024-12-16 12:14:00,24607.736500000003,TARGET,31.66349999999875,24781.25,24689.35,24486.55,24686.183333333338,32.66350000000002,1.0,2024-12-16,12,0.12,20,0.5,0.5
2024-12-17 09:56:00,short,24520.8,2024-12-17 10:20:00,24493.850227272727,TARGET,26.44977272727192,24624.1,24567.45,24672.766666666663,24691.5,27.449772727272702,1.0,2024-12-17,22,0.1,20,0.5,0.5
2024-12-18 11:04:00,short,24234.6,2024-12-18 12:20:00,24204.57,TARGET,29.529999999998836,24356.0,24273.1,24373.391666666663,24463.775,30.529999999999962,1.0,2024-12-18,12,0.12,20,0.5,0.5
2024-12-20 10:07:00,short,23835.0,2024-12-20 10:19:00,23949.0,STOP,-114.5,23990.85,23887.9,23937.6,23948.5,29.37800000000003,1.0,2024-12-20,12,0.12,20,0.5,0.5
2024-12-23 11:16:00,long,23849.25,2024-12-23 12:30:00,23721.45,STOP,-128.29999999999927,23806.5,23721.95,23676.025,23801.574999999997,27.128055555555576,1.0,2024-12-23,18,0.1,20,0.5,0.5
2024-12-24 10:25:00,long,23830.3,2024-12-24 10:32:00,23857.002777777776,TARGET,26.202777777776646,23798.1,23712.3,23758.375,23758.625,27.2027777777778,1.0,2024-12-24,18,0.1,20,0.5,0.5
2024-12-26 10:34:00,short,23736.85,2024-12-26 10:52:00,23710.03714285714,TARGET,26.312857142856956,23854.5,23773.6,23757.316666666673,23788.65,27.312857142857126,1.0,2024-12-26,28,0.1,20,0.5,0.5
2024-12-27 09:59:00,long,23918.9,2024-12-27 15:25:00,23829.2,EOD,-90.20000000000073,23862.6,23800.6,23754.05,23754.083333333332,26.73035714285713,1.0,2024-12-27,28,0.1,20,0.5,0.5
2024-12-30 11:38:00,long,23846.85,2024-12-30 11:43:00,23872.889285714286,TARGET,25.53928571428696,23818.8,23744.85,23843.041666666664,23869.725,26.5392857142857,1.0,2024-12-30,28,0.1,20,0.5,0.5
2024-12-31 14:11:00,long,23681.85,2024-12-31 14:11:00,23695.775,STOP,13.42500000000291,23581.0,23527.85,23696.275,23757.324999999997,76.62312500000002,1.0,2024-12-31,24,0.3,20,0.5,0.5
2025-01-01 12:39:00,long,23770.4,2025-01-01 15:25:00,23757.8,EOD,-13.100000000002183,23683.6,23607.05,23575.15,23629.316666666673,76.85000000000001,1.0,2025-01-01,24,0.3,20,0.5,0.5
2025-01-02 10:55:00,long,23914.7,2025-01-02 12:25:00,23984.076800000003,TARGET,68.87680000000182,23812.15,23751.55,23692.8,23736.466666666664,69.87680000000002,1.0,2025-01-02,20,0.28,20,0.5,0.5
2025-01-03 10:58:00,short,24011.65,2025-01-03 11:24:00,24118.708333333336,STOP,-107.5583333333343,24196.45,24096.95,23989.125,24118.208333333336,73.63230000000001,1.0,2025-01-03,20,0.28,20,0.5,0.5
2025-01-06 10:45:00,short,23863.2,2025-01-06 11:10:00,23781.4409375,TARGET,81.25906250000116,24089.95,24014.0,24026.375,24086.225,82.25906250000003,1.0,2025-01-06,16,0.3,20,0.5,0.5
2025-01-08 12:08:00,short,23545.8,2025-01-08 14:21:00,23717.0,STOP,-171.70000000000073,23751.85,23628.15,23710.13333333333,23716.5,81.07125000000005,1.0,2025-01-08,16,0.3,20,0.5,0.5
2025-01-13 14:39:00,short,23056.45,2025-01-13 15:25:00,23089.75,EOD,-33.79999999999927,23270.9,23172.7,23449.50833333333,23470.625,80.11781250000001,1.0,2025-01-13,16,0.3,20,0.5,0.5
2025-01-16 11:01:00,short,23289.4,2025-01-16 11:01:00,23220.550000000003,STOP,68.34999999999854,23391.65,23315.75,23218.41666666667,23220.050000000003,24.56696428571429,1.0,2025-01-16,28,0.1,20,0.5,0.5
2025-01-17 11:00:00,short,23107.7,2025-01-17 15:25:00,23205.05,EOD,-97.84999999999854,23292.1,23167.05,23324.58333333333,23331.85,24.527857142857155,1.0,2025-01-17,28,0.1,20,0.5,0.5
2025-01-20 11:38:00,long,23361.95,2025-01-20 13:16:00,23386.216428571428,TARGET,23.76642857142724,23308.35,23185.95,23196.225,23201.775,24.76642857142858,1.0,2025-01-20,28,0.1,20,0.5,0.5
2025-01-21 10:05:00,short,23283.2,2025-01-21 10:08:00,23259.433333333334,TARGET,23.266666666666424,23426.3,23355.15,23280.875,23317.025,24.266666666666666,1.0,2025-01-21,30,0.1,20,0.5,0.5
2025-01-22 12:05:00,short,23028.95,2025-01-22 12:27:00,23004.10166666667,TARGET,24.34833333333154,23127.7,23069.7,23097.158333333333,23201.574999999997,25.348333333333333,1.0,2025-01-22,30,0.1,20,0.5,0.5
2025-01-23 09:47:00,long,23196.9,2025-01-23 10:07:00,23221.81866666667,TARGET,24.418666666668287,23146.45,23090.65,23075.425,23130.874999999996,25.418666666666677,1.0,2025-01-23,30,0.1,20,0.5,0.5
2025-01-24 10:07:00,short,23151.4,2025-01-24 10:20:00,23127.11767857143,TARGET,23.782321428570867,23292.05,23177.8,23180.725,23199.175000000003,24.78232142857143,1.0,2025-01-24,28,0.1,20,0.5,0.5
2025-01-27 10:35:00,short,22854.0,2025-01-27 10:38:00,22828.3405,TARGET,25.15950000000157,22989.65,22910.85,23126.050000000003,23198.65,26.159499999999998,1.0,2025-01-27,30,0.1,20,0.5,0.5
2025-01-28 11:56:00,long,23005.0,2025-01-28 12:03:00,23029.356333333333,TARGET,23.85633333333317,22973.45,22877.25,22851.324999999997,22897.175000000003,24.856333333333325,1.0,2025-01-28,30,0.1,20,0.5,0.5
2025-01-29 10:28:00,long,23090.3,2025-01-29 10:59:00,23114.99233333333,TARGET,24.1923333333325,23050.05,22976.5,22987.500000000007,22997.800000000003,25.192333333333323,1.0,2025-01-29,30,0.1,20,0.5,0.5
2025-01-30 10:09:00,long,23280.75,2025-01-30 10:23:00,23305.056333333334,TARGET,23.806333333333896,23211.0,23139.2,23078.925,23142.475000000002,24.806333333333328,1.0,2025-01-30,30,0.1,20,0.5,0.5
2025-01-31 09:53:00,long,23358.85,2025-01-31 09:56:00,23382.914166666666,TARGET,23.564166666667006,23332.45,23277.4,23225.175000000003,23261.35833333333,24.564166666666654,1.0,2025-01-31,30,0.1,20,0.5,0.5
2025-02-04 09:48:00,long,23569.95,2025-02-04 10:35:00,23478.95,STOP,-91.5,23534.25,23479.45,23301.8,23337.999999999996,24.066964285714263,1.0,2025-02-04,28,0.1,20,0.5,0.5
2025-02-05 12:56:00,short,23717.55,2025-02-05 12:56:00,23676.016666666666,STOP,41.03333333333285,23807.3,23750.0,23592.95,23675.516666666666,24.562321428571394,1.0,2025-02-05,28,0.1,20,0.5,0.5
2025-02-06 11:13:00,short,23612.7,2025-02-06 12:51:00,23589.182666666668,TARGET,23.017333333333227,23773.55,23652.15,23711.058333333327,23743.875,24.0173333333333,1.0,2025-02-06,30,0.1,20,0.5,0.5
2025-02-07 10:30:00,short,23540.45,2025-02-07 11:24:00,23665.4,STOP,-125.45000000000073,23683.9,23566.85,23635.466666666667,23664.9,24.16892857142853,1.0,2025-02-07,28,0.1,20,0.5,0.5
2025-02-10 10:17:00,short,23372.95,2025-02-10 12:01:00,23344.35342857143,TARGET,28.096571428570314,23568.6,23419.85,23568.34999999999,23568.85,29.096571428571384,1.0,2025-02-10,28,0.12,20,0.5,0.5
2025-02-11 12:02:00,short,23254.45,2025-02-11 12:49:00,23216.171866666667,TARGET,37.778133333333244,23390.05,23295.75,23405.283333333333,23442.449999999997,38.778133333333265,1.0,2025-02-11,30,0.16,20,0.5,0.5
2025-02-12 09:53:00,short,22864.5,2025-02-12 10:00:00,22825.293866666667,TARGET,38.70613333333313,23097.95,22935.2,23111.949999999997,23188.35,39.70613333333326,1.0,2025-02-12,30,0.16,20,0.5,0.5
2025-02-13 10:01:00,long,23171.35,2025-02-13 11:43:00,23211.016666666666,TARGET,39.16666666666788,23115.05,22992.2,22971.525,23030.908333333326,40.166666666666615,1.0,2025-02-13,30,0.16,20,0.5,0.5
2025-02-14 10:44:00,short,22923.5,2025-02-14 11:04:00,22885.06986666667,TARGET,37.93013333333147,23133.7,23009.65,23055.216666666674,23113.85,38.930133333333266,1.0,2025-02-14,30,0.16,20,0.5,0.5
2025-02-17 15:04:00,long,22951.2,2025-02-17 15:25:00,22966.1,EOD,14.399999999997817,22874.75,22725.45,22937.02500000001,22954.275,39.668266666666604,1.0,2025-02-17,30,0.16,20,0.5,0.5
2025-02-19 09:56:00,long,22988.5,2025-02-19 10:15:00,23026.29173333333,TARGET,37.29173333333165,22892.45,22814.85,22897.0,22921.6,38.29173333333326,1.0,2025-02-19,30,0.16,20,0.5,0.5
2025-02-21 10:19:00,short,22765.8,2025-02-21 13:40:00,22722.372,TARGET,42.927999999999884,22921.0,22849.65,22868.3,22901.133333333328,43.92799999999992,1.0,2025-02-21,18,0.18,20,0.5,0.5
2025-02-24 10:06:00,short,22567.1,2025-02-24 13:38:00,22539.27914285714,TARGET,27.320857142858586,22668.05,22611.5,22800.85,22820.65,28.320857142857097,1.0,2025-02-24,28,0.12,20,0.5,0.5
2025-02-28 11:55:00,short,22232.8,2025-02-28 12:38:00,22193.025999999998,TARGET,39.27400000000125,22450.35,22276.8,22543.541666666664,22564.725,40.27399999999991,1.0,2025-02-28,18,0.18,20,0.5,0.5
2025-03-03 09:55:00,short,22059.8,2025-03-03 10:08:00,22018.166999999998,TARGET,41.13300000000163,22261.55,22152.5,22171.733333333337,22277.6,42.13299999999992,1.0,2025-03-03,18,0.18,20,0.5,0.5
2025-03-04 14:59:00,long,22099.05,2025-03-04 14:59:00,22127.475,STOP,27.924999999999272,22049.65,21964.6,22127.975,22133.125,41.305499999999924,1.0,2025-03-04,18,0.18,20,0.5,0.5
2025-03-05 10:44:00,long,22283.2,2025-03-05 11:36:00,22324.1415,TARGET,40.441500000000815,22221.4,22071.65,22034.824999999997,22058.408333333333,41.44149999999994,1.0,2025-03-05,18,0.18,20,0.5,0.5
2025-03-06 14:49:00,long,22535.85,2025-03-06 15:25:00,22537.95,EOD,1.6000000000021828,22491.3,22299.85,22233.275,22303.091666666667,42.50099999999995,1.0,2025-03-06,18,0.18,20,0.5,0.5
2025-03-07 11:24:00,long,22620.25,2025-03-07 15:25:00,22536.75,EOD,-84.0,22572.85,22464.75,22401.15,22492.683333333334,43.09399999999997,1.0,2025-03-07,18,0.18,20,0.5,0.5
2025-03-10 10:01:00,long,22651.3,2025-03-10 13:48:00,22540.75833333333,STOP,-111.04166666666788,22603.25,22498.65,22541.25833333333,22549.275,42.26149999999998,1.0,2025-03-10,18,0.18,20,0.5,0.5
2025-03-11 10:18:00,long,22412.15,2025-03-11 10:18:00,22485.36666666666,STOP,72.71666666665988,22387.6,22314.7,22485.86666666666,22552.9,21.754999999999995,1.0,2025-03-11,16,0.1,20,0.5,0.5
2025-03-12 10:55:00,short,22403.8,2025-03-12 11:27:00,22383.5296875,TARGET,19.770312500000728,22577.4,22452.3,22415.35,22473.916666666664,20.770312499999978,1.0,2025-03-12,16,0.1,20,0.5,0.5
2025-03-13 11:47:00,short,22416.55,2025-03-13 12:46:00,22454.658333333333,STOP,-38.608333333333576,22556.0,22460.4,22453.475,22454.158333333333,20.7796875,1.0,2025-03-13,16,0.1,20,0.5,0.5
2025-03-18 10:37:00,long,22760.5,2025-03-18 14:57:00,22809.083,TARGET,48.08299999999872,22688.65,22599.2,22480.575,22504.258333333335,49.082999999999956,1.0,2025-03-18,16,0.24,20,0.5,0.5
2025-03-19 12:53:00,long,22923.75,2025-03-19 15:25:00,22902.2,EOD,-22.049999999999272,22888.3,22807.95,22728.325,22809.274999999998,21.370937499999993,1.0,2025-03-19,16,0.1,20,0.5,0.5
2025-03-20 13:18:00,long,23143.4,2025-03-20 13:59:00,23193.171000000002,TARGET,49.27100000000064,23070.25,22994.4,22874.325,22893.241666666672,50.270999999999965,1.0,2025-03-20,16,0.24,20,0.5,0.5
2025-03-21 10:35:00,long,23295.25,2025-03-21 10:52:00,23346.44975,TARGET,50.69974999999977,23225.9,23132.8,23095.325,23156.141666666666,51.699749999999966,1.0,2025-03-21,16,0.24,20,0.5,0.5
2025-03-24 10:54:00,long,23595.25,2025-03-24 12:30:00,23649.165714285715,TARGET,53.415714285714785,23519.7,23451.75,23267.75,23328.75,54.415714285714344,1.0,2025-03-24,14,0.24,20,0.5,0.5
2025-03-25 09:58:00,long,23866.15,2025-03-25 10:57:00,23664.4,STOP,-202.25,23766.2,23664.9,23571.125,23637.975,54.73114285714295,1.0,2025-03-25,14,0.24,20,0.5,0.5
2025-03-26 11:53:00,short,23626.95,2025-03-26 11:58:00,23604.3778125,TARGET,22.072187500001746,23736.5,23663.4,23679.624999999993,23748.574999999997,23.07218750000002,1.0,2025-03-26,16,0.1,20,0.5,0.5
2025-03-27 10:12:00,long,23610.45,2025-03-27 15:25:00,23589.4,EOD,-21.549999999999272,23562.1,23412.2,23515.533333333333,23594.1,23.246875000000024,1.0,2025-03-27,16,0.1,20,0.5,0.5
2025-03-28 12:39:00,short,23508.0,2025-03-28 13:04:00,23484.79,TARGET,22.709999999999127,23629.7,23544.35,23519.475,23566.425000000003,23.710000000000015,1.0,2025-03-28,16,0.1,20,0.5,0.5
2025-04-01 10:37:00,short,23297.45,2025-04-01 10:56:00,23275.0234375,TARGET,21.926562500000728,23518.45,23339.1,23510.35,23550.25,22.926562500000024,1.0,2025-04-01,16,0.1,20,0.5,0.5
2025-04-02 15:05:00,long,23342.1,2025-04-02 15:25:00,23336.1,EOD,-6.5,23283.25,23158.45,23226.02500000001,23350.775,23.66500000000001,1.0,2025-04-02,16,0.1,20,0.5,0.5
2025-04-04 10:02:00,short,22977.35,2025-04-04 10:12:00,22954.588125,TARGET,22.261875000000146,23214.7,23029.4,23226.15,23245.216666666667,23.26187500000001,1.0,2025-04-04,16,0.1,20,0.5,0.5
2025-04-08 10:03:00,short,22405.4,2025-04-08 10:03:00,22154.908333333336,STOP,249.99166666666497,22577.55,22471.55,21998.825,22154.408333333336,25.87718749999999,1.0,2025-04-08,16,0.1,20,0.5,0.5
2025-04-11 09:56:00,long,22863.8,2025-04-11 11:36:00,22890.22875,TARGET,25.928749999999127,22821.1,22709.95,22404.324999999997,22410.975,26.928750000000015,1.0,2025-04-11,16,0.1,20,0.5,0.5
2025-04-16 14:08:00,long,23402.6,2025-04-16 14:14:00,23428.8228125,TARGET,25.722812500000146,23353.65,23277.0,23279.05,23327.083333333332,26.72281250000001,1.0,2025-04-16,16,0.1,20,0.5,0.5
2025-04-17 11:22:00,long,23473.6,2025-04-17 11:27:00,23499.419374999998,TARGET,25.319374999999127,23406.6,23298.55,23362.15,23418.016666666663,26.319375000000015,1.0,2025-04-17,16,0.1,20,0.5,0.5
2025-04-21 10:12:00,long,24040.8,2025-04-21 10:44:00,24068.51875,TARGET,27.21875,24004.2,23903.65,23585.449999999997,23766.58333333333,28.21875,1.0,2025-04-21,16,0.1,20,0.5,0.5
2025-04-23 10:14:00,short,24190.75,2025-04-23 10:14:00,24161.3,STOP,28.950000000000728,24359.3,24275.5,24157.3,24160.8,27.838749999999983,1.0,2025-04-23,16,0.1,20,0.5,0.5
2025-04-25 09:47:00,short,24174.6,2025-04-25 09:52:00,24148.063124999997,TARGET,26.0368750000016,24365.45,24264.8,24260.766666666663,24282.0,27.036874999999966,1.0,2025-04-25,16,0.1,20,0.5,0.5
2025-04-28 10:06:00,long,24252.45,2025-04-28 10:15:00,24280.985,TARGET,28.034999999999854,24185.85,24054.05,24037.716666666667,24106.65,29.034999999999968,1.0,2025-04-28,16,0.1,20,0.5,0.5
2025-04-29 12:05:00,short,24320.45,2025-04-29 12:05:00,24286.45833333333,STOP,33.491666666672245,24457.65,24364.35,24204.574999999997,24285.95833333333,40.01316666666664,1.0,2025-04-29,18,0.14,20,0.5,0.5
2025-05-06 10:26:00,short,24371.2,2025-05-06 15:25:00,24371.9,EOD,-1.2000000000007276,24509.65,24421.0,24463.525,24469.175000000003,38.39344444444444,1.0,2025-05-06,18,0.14,20,0.5,0.5
2025-05-08 14:16:00,short,24322.95,2025-05-08 14:52:00,24288.819833333335,TARGET,33.6301666666659,24447.25,24373.45,24334.8,24385.999999999996,34.630166666666675,1.0,2025-05-08,18,0.14,20,0.5,0.5
2025-05-12 10:01:00,long,24701.05,2025-05-12 11:25:00,24734.465,TARGET,32.91500000000087,24620.6,24378.85,24037.341666666674,24056.725,33.91499999999998,1.0,2025-05-12,18,0.14,20,0.5,0.5
2025-05-13 13:02:00,short,24633.65,2025-05-13 13:19:00,24597.497222222224,TARGET,35.652777777777374,24973.8,24675.6,24661.824999999997,24838.14166666667,36.65277777777776,1.0,2025-05-13,18,0.14,20,0.5,0.5
2025-05-15 13:15:00,long,24911.85,2025-05-15 13:36:00,24984.37283333333,TARGET,72.02283333333253,24706.75,24584.65,24651.55,24673.81666666667,73.02283333333341,1.0,2025-05-15,12,0.28,20,0.5,0.5
2025-05-20 12:57:00,short,24801.6,2025-05-20 14:20:00,24722.316333333332,TARGET,78.78366666666625,25010.35,24916.75,24962.66666666667,24989.800000000003,79.78366666666666,1.0,2025-05-20,12,0.28,20,0.5,0.5
2025-05-21 10:21:00,long,24901.65,2025-05-21 12:12:00,24745.341666666667,STOP,-156.8083333333343,24776.1,24692.65,24745.841666666667,24840.025,84.2421428571428,1.0,2025-05-21,28,0.3,20,0.5,0.5
2025-05-23 10:52:00,long,24879.75,2025-05-23 15:25:00,24853.05,EOD,-27.200000000000728,24751.75,24614.05,24599.95,24623.349999999995,59.781333333333336,1.0,2025-05-23,18,0.22,20,0.5,0.5
2025-05-29 11:17:00,short,24717.05,2025-05-29 15:01:00,24801.15,STOP,-84.60000000000218,24889.7,24793.8,24768.61666666666,24800.65,59.9493888888889,1.0,2025-05-29,18,0.22,20,0.5,0.5
2025-06-03 12:59:00,short,24530.0,2025-06-03 15:25:00,24534.95,EOD,-5.450000000000728,24845.1,24601.3,24640.275,24666.458333333336,46.6995,1.0,2025-06-03,30,0.18,20,0.5,0.5
2025-06-05 12:11:00,long,24846.55,2025-06-05 12:16:00,24893.701464285714,TARGET,46.65146428571461,24737.5,24613.1,24587.35,24603.08333333333,47.65146428571431,1.0,2025-06-05,28,0.18,20,0.5,0.5
2025-06-06 10:34:00,long,24861.05,2025-06-06 10:41:00,24906.717428571428,TARGET,45.1674285714289,24763.35,24703.7,24756.475,24764.858333333337,46.16742857142859,1.0,2025-06-06,28,0.18,20,0.5,0.5
2025-06-11 11:54:00,long,25215.4,2025-06-11 13:53:00,25111.725,STOP,-104.17500000000291,25144.05,25081.3,25112.225,25127.375,45.99321428571426,1.0,2025-06-11,28,0.18,20,0.5,0.5
2025-06-12 10:51:00,short,25057.2,2025-06-12 11:39:00,25026.413111111113,TARGET,30.286888888887916,25191.9,25117.6,25136.316666666666,25151.85,31.286888888888882,1.0,2025-06-12,18,0.14,20,0.5,0.5
2025-06-13 12:10:00,long,24688.8,2025-06-13 12:10:00,24914.183333333334,STOP,224.88333333333503,24653.15,24508.1,24914.683333333334,25011.050000000003,33.0291111111111,1.0,2025-06-13,18,0.14,20,0.5,0.5
