entry_time,side,entry_px,exit_time,exit_px,exit_reason,pnl_pts,ORH,ORL,PivotLow,PivotHigh,A_distance,TP_mult_A,Date,n_used,P_used,T,slippage,cost_pts
2021-09-24 13:35:00,short,17846.0,2021-09-24 13:35:00,17797.341666666667,STOP,48.15833333333285,17947.65,17889.7,17745.225,17796.841666666667,42.232749999999925,1.5,2021-09-24,16,0.28,20,0.5,0.5
2021-09-27 10:48:00,short,17836.75,2021-09-27 12:55:00,17884.025,STOP,-47.775000000001455,17933.2,17891.75,17856.275,17883.525,41.509124999999955,1.5,2021-09-27,16,0.28,20,0.5,0.5
2021-09-28 11:19:00,short,17797.1,2021-09-28 11:54:00,17775.24875,TARGET,21.35124999999971,17912.85,17814.75,17859.833333333332,17873.2,14.900833333333303,1.5,2021-09-28,18,0.1,20,0.5,0.5
2021-09-29 13:19:00,long,17697.65,2021-09-29 13:19:00,17743.891666666663,STOP,45.74166666666133,17670.2,17608.15,17744.391666666663,17744.475,16.28274999999998,1.5,2021-09-29,20,0.1,20,0.5,0.5
2021-09-30 13:25:00,short,17626.05,2021-09-30 14:28:00,17602.60625,TARGET,22.943749999998545,17739.9,17658.45,17694.95,17707.81666666667,15.962499999999963,1.5,2021-09-30,20,0.1,20,0.5,0.5
2021-10-04 09:55:00,long,17688.25,2021-10-04 10:05:00,17715.301875,TARGET,26.55187500000102,17643.1,17581.35,17505.025,17515.708333333336,18.36791666666668,1.5,2021-10-04,12,0.1,20,0.5,0.5
2021-10-05 12:50:00,long,17737.8,2021-10-05 13:00:00,17765.294374999998,TARGET,26.9943749999984,17696.75,17640.9,17666.125,17686.075000000004,18.66291666666672,1.5,2021-10-05,12,0.1,20,0.5,0.5
2021-10-06 10:23:00,short,17801.2,2021-10-06 10:23:00,17793.191666666666,STOP,7.508333333335031,17884.6,17839.8,17737.175000000003,17792.691666666666,18.140000000000054,1.5,2021-10-06,12,0.1,20,0.5,0.5
2021-10-07 12:07:00,long,17845.75,2021-10-07 15:25:00,17789.55,EOD,-56.70000000000073,17820.35,17763.8,17664.458333333336,17752.074999999997,18.36208333333337,1.5,2021-10-07,12,0.1,20,0.5,0.5
2021-10-11 10:44:00,long,17997.9,2021-10-11 15:25:00,17937.9,EOD,-60.5,17925.5,17839.1,17890.63333333333,17891.1,50.6170000000001,1.5,2021-10-11,16,0.28,20,0.5,0.5
2021-10-13 12:27:00,long,18159.3,2021-10-13 15:25:00,18158.65,EOD,-1.1499999999978172,18099.15,18050.75,17936.800000000003,17979.26666666667,47.76000000000005,1.5,2021-10-13,26,0.3,20,0.5,0.5
2021-10-19 10:13:00,short,18445.8,2021-10-19 10:17:00,18494.725,STOP,-49.42499999999927,18604.45,18534.65,18481.675000000003,18494.225,39.37350000000006,1.5,2021-10-19,24,0.24,20,0.5,0.5
2021-10-20 13:52:00,short,18261.0,2021-10-20 15:25:00,18284.8,EOD,-24.299999999999272,18458.2,18326.95,18442.258333333335,18491.075,40.92600000000005,1.5,2021-10-20,24,0.24,20,0.5,0.5
2021-10-21 10:47:00,short,18184.5,2021-10-21 11:04:00,18130.231,TARGET,53.76900000000023,18384.2,18250.75,18300.808333333334,18333.824999999997,36.512666666666775,1.5,2021-10-21,12,0.22,20,0.5,0.5
2021-10-22 12:16:00,short,18144.5,2021-10-22 13:14:00,18085.648125,TARGET,58.35187500000029,18296.75,18204.2,18208.733333333337,18216.1,39.56791666666673,1.5,2021-10-22,12,0.22,20,0.5,0.5
2021-10-28 10:52:00,short,18037.7,2021-10-28 13:37:00,17971.643125000002,TARGET,65.5568749999984,18190.7,18103.4,18206.308333333334,18259.625,44.37125000000013,1.5,2021-10-28,12,0.22,20,0.5,0.5
2021-10-29 10:48:00,long,17901.95,2021-10-29 10:57:00,17888.224999999995,STOP,-14.22500000000582,17833.4,17613.1,17888.724999999995,17995.075,47.82525000000009,1.5,2021-10-29,12,0.22,20,0.5,0.5
2021-11-01 13:48:00,long,17902.25,2021-11-01 15:25:00,17944.2,EOD,41.45000000000073,17833.6,17697.1,17714.25833333333,17764.475,50.74116666666674,1.5,2021-11-01,12,0.22,20,0.5,0.5
2021-11-02 14:06:00,short,17892.8,2021-11-02 14:50:00,17905.5,STOP,-13.200000000000728,18012.25,17947.75,17825.6,17905.0,52.75691666666676,1.5,2021-11-02,12,0.22,20,0.5,0.5
2021-11-03 12:36:00,short,17874.35,2021-11-03 13:23:00,17793.993124999997,TARGET,79.85687500000131,17978.55,17935.15,17904.541666666668,17929.925,53.90458333333347,1.5,2021-11-03,12,0.22,20,0.5,0.5
2021-11-08 14:11:00,long,18069.65,2021-11-08 15:25:00,18083.15,EOD,13.0,18011.55,17837.7,17841.75,17873.35,56.34200000000008,1.5,2021-11-08,12,0.22,20,0.5,0.5
2021-11-10 13:57:00,long,18039.7,2021-11-10 13:57:00,18047.324999999997,STOP,7.124999999996362,17968.2,17915.55,18047.824999999997,18050.841666666667,54.61041666666674,1.5,2021-11-10,12,0.22,20,0.5,0.5
2021-11-11 10:36:00,short,17841.3,2021-11-11 15:25:00,17893.1,EOD,-52.29999999999927,17971.35,17910.55,17988.125,18004.808333333334,51.12800000000005,1.5,2021-11-11,12,0.22,20,0.5,0.5
2021-11-12 13:48:00,long,18063.7,2021-11-12 15:25:00,18106.4,EOD,42.20000000000073,17998.65,17943.2,17884.775,17889.99166666667,49.170916666666656,1.5,2021-11-12,12,0.22,20,0.5,0.5
2021-11-16 14:31:00,short,18001.45,2021-11-16 15:25:00,17976.9,EOD,24.049999999999272,18132.65,18063.5,18114.675000000003,18140.725,24.19585714285718,1.5,2021-11-16,28,0.12,20,0.5,0.5
2021-11-17 10:32:00,long,18004.05,2021-11-17 10:32:00,18001.675000000003,STOP,-2.874999999996362,17969.5,17906.6,18002.175000000003,18053.725,24.145714285714316,1.5,2021-11-17,28,0.12,20,0.5,0.5
2021-11-18 10:17:00,short,17788.1,2021-11-18 10:21:00,17752.704142857143,TARGET,34.895857142855675,17945.6,17840.8,17911.25833333333,17951.475,23.930571428571472,1.5,2021-11-18,28,0.12,20,0.5,0.5
2021-11-22 11:06:00,short,17555.35,2021-11-22 12:03:00,17515.70685,TARGET,39.14314999999988,17805.25,17611.35,17777.850000000002,17817.05,26.762100000000036,1.5,2021-11-22,20,0.12,20,0.5,0.5
2021-11-23 09:49:00,long,17393.65,2021-11-23 09:49:00,17474.949999999997,STOP,80.79999999999563,17363.05,17216.1,17475.449999999997,17542.85,28.417200000000026,1.5,2021-11-23,20,0.12,20,0.5,0.5
2021-11-24 15:13:00,short,17420.1,2021-11-24 15:25:00,17378.65,EOD,40.94999999999709,17572.35,17485.05,17384.9,17448.933333333334,28.42560000000003,1.5,2021-11-24,20,0.12,20,0.5,0.5
2021-11-25 11:33:00,long,17497.65,2021-11-25 12:25:00,17539.275400000002,TARGET,41.12540000000081,17454.0,17375.05,17415.15,17489.15,28.08360000000001,1.5,2021-11-25,20,0.12,20,0.5,0.5
2021-11-26 10:28:00,short,17164.65,2021-11-26 10:55:00,17110.875714285714,TARGET,53.274285714287544,17355.4,17272.0,17458.025,17521.341666666667,36.182857142857166,1.5,2021-11-26,28,0.16,20,0.5,0.5
2021-11-29 11:25:00,long,17117.0,2021-11-29 13:01:00,17063.950000000004,STOP,-53.549999999995634,17068.8,16782.4,17064.450000000004,17170.550000000003,37.45514285714289,1.5,2021-11-29,28,0.16,20,0.5,0.5
2021-11-30 10:29:00,long,17308.25,2021-11-30 11:35:00,17050.55,STOP,-258.2000000000007,17241.35,17051.05,16971.550000000003,17025.716666666667,30.037799999999994,1.5,2021-11-30,20,0.12,20,0.5,0.5
2021-12-02 11:24:00,long,17316.55,2021-12-02 14:38:00,17353.809017857144,TARGET,36.7590178571445,17264.45,17149.3,17138.65,17160.949999999997,25.17267857142858,1.5,2021-12-02,28,0.1,20,0.5,0.5
2021-12-03 10:05:00,short,17375.6,2021-12-03 10:05:00,17367.074999999997,STOP,8.025000000001455,17489.8,17415.9,17284.824999999997,17366.574999999997,25.251607142857146,1.5,2021-12-03,28,0.1,20,0.5,0.5
2021-12-06 11:32:00,short,17067.95,2021-12-06 14:05:00,17030.1475,TARGET,37.3025000000016,17216.75,17115.9,17244.400000000005,17335.3,25.534999999999993,1.5,2021-12-06,24,0.1,20,0.5,0.5
2021-12-07 10:05:00,long,17091.2,2021-12-07 10:40:00,17128.58875,TARGET,36.888749999998254,17058.9,16987.75,16957.341666666667,17054.225,25.25916666666666,1.5,2021-12-07,24,0.1,20,0.5,0.5
2021-12-08 11:24:00,long,17428.5,2021-12-08 13:59:00,17465.6459375,TARGET,36.64593750000131,17390.1,17308.95,17119.7,17154.93333333333,25.097291666666663,1.5,2021-12-08,24,0.1,20,0.5,0.5
2021-12-09 10:34:00,short,17396.3,2021-12-09 11:04:00,17444.29166666667,STOP,-48.491666666672245,17543.25,17423.2,17396.775,17443.79166666667,24.75833333333332,1.5,2021-12-09,24,0.1,20,0.5,0.5
2021-12-13 11:22:00,short,17569.7,2021-12-13 11:22:00,17488.233333333334,STOP,80.96666666666715,17639.5,17600.75,17469.8,17487.733333333334,26.43285714285711,1.5,2021-12-13,14,0.1,20,0.5,0.5
2021-12-16 14:43:00,short,17193.15,2021-12-16 15:23:00,17272.2,STOP,-79.54999999999927,17379.35,17282.9,17232.966666666664,17271.7,70.40799999999997,1.5,2021-12-16,14,0.28,20,0.5,0.5
2021-12-17 10:42:00,short,17031.3,2021-12-17 15:25:00,16989.4,EOD,41.39999999999782,17298.15,17139.6,17276.35,17282.15,69.81255555555546,1.5,2021-12-17,18,0.28,20,0.5,0.5
2021-12-20 11:34:00,short,16548.4,2021-12-20 12:51:00,16444.318833333335,TARGET,103.58116666666683,16840.1,16653.15,17036.700000000004,17132.300000000003,69.72077777777766,1.5,2021-12-20,18,0.28,20,0.5,0.5
2021-12-21 11:56:00,long,16913.8,2021-12-21 14:33:00,16722.45,STOP,-191.84999999999854,16839.45,16722.95,16624.516666666663,16625.15,72.94077777777767,1.5,2021-12-21,18,0.28,20,0.5,0.5
2021-12-22 15:07:00,long,16951.4,2021-12-22 15:25:00,16964.75,EOD,12.849999999998545,16910.35,16839.3,16792.274999999998,16812.325,26.247499999999974,1.5,2021-12-22,18,0.1,20,0.5,0.5
2021-12-23 13:26:00,long,17115.2,2021-12-23 15:25:00,17049.75,EOD,-65.95000000000073,17076.0,17031.75,16894.45,16941.649999999998,25.02638888888887,1.5,2021-12-23,18,0.1,20,0.5,0.5
2021-12-24 10:11:00,short,16931.7,2021-12-24 14:47:00,17067.6,STOP,-136.39999999999782,17155.6,17042.7,17055.86666666667,17067.1,74.66324999999999,1.5,2021-12-24,20,0.3,20,0.5,0.5
2021-12-27 10:38:00,long,17000.65,2021-12-27 10:38:00,17013.0,STOP,11.849999999998545,16960.25,16833.2,17013.5,17032.6,22.890312500000007,1.5,2021-12-27,16,0.1,20,0.5,0.5
2021-12-28 12:40:00,long,17241.15,2021-12-28 14:46:00,17163.15,STOP,-78.5,17210.5,17163.65,16972.625,17050.64166666667,22.701874999999998,1.5,2021-12-28,16,0.1,20,0.5,0.5
2021-12-31 12:52:00,long,17385.65,2021-12-31 15:25:00,17355.6,EOD,-30.55000000000291,17339.3,17238.5,17205.199999999997,17207.5,40.879999999999995,1.5,2021-12-31,12,0.2,20,0.5,0.5
2022-01-03 10:31:00,long,17510.9,2022-01-03 12:30:00,17545.574500000002,TARGET,34.17450000000099,17478.6,17383.3,17319.65,17343.949999999997,23.449666666666644,1.5,2022-01-03,18,0.12,20,0.5,0.5
2022-01-04 14:36:00,long,17754.4,2022-01-04 14:59:00,17789.951500000003,TARGET,35.0515000000014,17715.45,17647.55,17514.975,17590.191666666666,24.03433333333334,1.5,2022-01-04,18,0.12,20,0.5,0.5
2022-01-05 12:20:00,long,17875.35,2022-01-05 12:54:00,17911.605499999998,TARGET,35.7554999999993,17829.65,17771.7,17710.574999999997,17780.458333333336,24.503666666666664,1.5,2022-01-05,18,0.12,20,0.5,0.5
2022-01-07 12:50:00,short,17738.2,2022-01-07 12:50:00,17735.98333333333,STOP,1.7166666666707897,17877.35,17787.7,17726.75,17735.48333333333,36.33146666666668,1.5,2022-01-07,30,0.16,20,0.5,0.5
2022-01-10 15:10:00,long,18002.0,2022-01-10 15:25:00,18009.9,EOD,7.400000000001455,17955.6,17879.15,17804.775,17817.558333333334,35.42880000000001,1.5,2022-01-10,30,0.16,20,0.5,0.5
2022-01-12 15:08:00,long,18222.85,2022-01-12 15:25:00,18204.35,EOD,-19.0,18184.6,18128.8,18022.825,18046.541666666668,30.721500000000006,1.5,2022-01-12,14,0.18,20,0.5,0.5
2022-01-14 09:52:00,long,18223.7,2022-01-14 09:53:00,18217.525,STOP,-6.674999999999272,18198.05,18119.65,18218.025,18246.208333333336,19.96733333333337,1.5,2022-01-14,18,0.12,20,0.5,0.5
2022-01-18 09:45:00,short,18249.4,2022-01-18 09:59:00,18221.328500000003,TARGET,27.571499999998196,18350.95,18320.1,18275.15,18298.949999999997,19.047666666666675,1.5,2022-01-18,18,0.12,20,0.5,0.5
2022-01-19 09:45:00,short,17983.5,2022-01-19 12:31:00,17939.6992,TARGET,43.30080000000089,18121.1,18020.7,18159.74166666667,18218.425000000003,29.533866666666658,1.5,2022-01-19,30,0.16,20,0.5,0.5
2022-01-20 11:06:00,short,17817.25,2022-01-20 11:41:00,17772.9648,TARGET,43.78519999999844,17943.7,17858.65,17962.066666666666,18003.0,29.85679999999999,1.5,2022-01-20,30,0.16,20,0.5,0.5
2022-01-21 13:07:00,long,17677.95,2022-01-21 13:07:00,17783.291666666668,STOP,104.84166666666715,17637.1,17525.35,17783.791666666668,17796.075,30.558666666666646,1.5,2022-01-21,30,0.16,20,0.5,0.5
2022-01-24 11:25:00,short,17378.05,2022-01-24 11:52:00,17314.448249999998,TARGET,63.10175000000163,17599.4,17433.7,17596.725,17629.74166666667,42.734500000000004,1.5,2022-01-24,24,0.24,20,0.5,0.5
2022-01-25 09:46:00,long,17128.45,2022-01-25 09:46:00,17192.975,STOP,64.02499999999782,17021.6,16836.8,17193.475,17298.625,35.786045454545444,1.5,2022-01-25,22,0.18,20,0.5,0.5
2022-01-27 12:16:00,short,16880.7,2022-01-27 13:51:00,17073.65,STOP,-193.45000000000073,17073.15,16958.85,17072.975,17210.391666666663,49.49300000000002,1.5,2022-01-27,24,0.24,20,0.5,0.5
2022-01-28 12:24:00,long,17366.85,2022-01-28 14:01:00,17205.8,STOP,-161.54999999999927,17322.25,17206.3,17024.625,17094.841666666667,26.47640000000001,1.5,2022-01-28,30,0.12,20,0.5,0.5
2022-01-31 12:17:00,long,17398.0,2022-01-31 15:25:00,17325.55,EOD,-72.95000000000073,17336.1,17269.2,17146.3,17225.3,39.636000000000045,1.5,2022-01-31,22,0.18,20,0.5,0.5
2022-02-01 10:32:00,long,17586.0,2022-02-01 11:36:00,17468.0,STOP,-118.5,17534.95,17468.5,17329.724999999995,17337.075,39.9702272727273,1.5,2022-02-01,22,0.18,20,0.5,0.5
2022-02-03 12:00:00,short,17652.6,2022-02-03 15:15:00,17562.639499999997,TARGET,89.46050000000105,17781.15,17718.9,17734.699999999997,17769.9,60.307000000000066,1.5,2022-02-03,22,0.26,20,0.5,0.5
2022-02-07 11:18:00,short,17316.8,2022-02-07 13:47:00,17201.8225,TARGET,114.47750000000087,17536.75,17417.95,17516.925,17540.175,76.98500000000008,1.5,2022-02-07,14,0.28,20,0.5,0.5
2022-02-08 11:01:00,short,17054.15,2022-02-08 15:25:00,17248.15,EOD,-194.5,17306.45,17176.2,17251.69166666667,17328.075,83.47600000000007,1.5,2022-02-08,14,0.28,20,0.5,0.5
2022-02-10 11:47:00,long,17607.7,2022-02-10 15:25:00,17589.3,EOD,-18.900000000001455,17540.05,17467.6,17406.7,17450.899999999998,48.32100000000002,1.5,2022-02-10,18,0.18,20,0.5,0.5
2022-02-11 11:10:00,short,17314.3,2022-02-11 15:25:00,17357.45,EOD,-43.650000000001455,17454.75,17371.05,17533.300000000003,17570.966666666667,43.926954545454564,1.5,2022-02-11,22,0.18,20,0.5,0.5
2022-02-15 12:15:00,long,17078.8,2022-02-15 13:46:00,17177.32809090909,TARGET,98.02809090909068,16998.95,16896.4,16865.866666666672,16958.7,66.01872727272729,1.5,2022-02-15,22,0.26,20,0.5,0.5
2022-02-21 12:08:00,long,17294.9,2022-02-21 12:29:00,17284.066666666666,STOP,-11.333333333335759,17231.3,17085.5,17284.566666666666,17300.0,47.351500000000016,1.5,2022-02-21,18,0.18,20,0.5,0.5
2022-02-22 14:18:00,long,17094.8,2022-02-22 14:18:00,17210.375,STOP,115.07500000000073,16977.4,16843.8,17210.875,17212.458333333336,68.6401333333333,1.5,2022-02-22,30,0.28,20,0.5,0.5
2022-02-23 15:09:00,short,17071.05,2022-02-23 15:09:00,17051.55833333333,STOP,18.991666666668607,17220.7,17160.35,16996.175,17051.05833333333,45.14759999999999,1.5,2022-02-23,30,0.18,20,0.5,0.5
2022-02-24 12:50:00,short,16471.45,2022-02-24 14:24:00,16412.902000000002,TARGET,58.047999999998865,16705.25,16546.75,17073.858333333337,17124.275,39.36533333333332,1.5,2022-02-24,18,0.16,20,0.5,0.5
2022-02-25 10:46:00,long,16745.05,2022-02-25 15:25:00,16646.85,EOD,-98.70000000000073,16611.5,16478.3,16302.908333333333,16459.425,80.18906249999996,1.5,2022-02-25,16,0.3,20,0.5,0.5
2022-02-28 10:56:00,long,16573.1,2022-02-28 10:56:00,16613.05,STOP,39.45000000000073,16506.1,16356.3,16613.55,16636.083333333332,41.48488888888886,1.5,2022-02-28,18,0.16,20,0.5,0.5
2022-03-02 12:53:00,short,16494.85,2022-03-02 15:25:00,16636.75,EOD,-142.40000000000146,16678.5,16547.4,16586.1,16716.933333333334,44.50533333333334,1.5,2022-03-02,18,0.16,20,0.5,0.5
2022-03-03 10:26:00,short,16622.25,2022-03-03 10:26:00,16617.524999999998,STOP,4.225000000002183,16768.95,16674.15,16578.575,16617.024999999998,44.029333333333305,1.5,2022-03-03,18,0.16,20,0.5,0.5
2022-03-04 11:03:00,short,16151.25,2022-03-04 12:56:00,16365.35,STOP,-214.60000000000036,16364.85,16233.5,16536.116666666672,16605.95,51.69270000000001,1.5,2022-03-04,30,0.18,20,0.5,0.5
2022-03-08 14:47:00,long,15985.75,2022-03-08 14:47:00,16266.666666666666,STOP,280.41666666666606,15864.55,15747.4,16267.166666666666,16294.9,52.20870000000003,1.5,2022-03-08,30,0.18,20,0.5,0.5
2022-03-09 12:41:00,long,16246.75,2022-03-09 14:27:00,16380.5665625,TARGET,133.31656250000015,16139.85,15990.0,15850.1,15956.066666666668,89.54437499999997,1.5,2022-03-09,16,0.3,20,0.5,0.5
2022-03-10 14:28:00,short,16497.85,2022-03-10 14:28:00,16300.208333333334,STOP,197.1416666666646,16757.3,16593.05,16204.025,16299.708333333334,83.71813333333338,1.5,2022-03-10,30,0.28,20,0.5,0.5
2022-03-14 14:16:00,long,16824.05,2022-03-14 15:25:00,16867.1,EOD,42.54999999999927,16702.55,16629.1,16582.65,16608.449999999997,86.87622222222217,1.5,2022-03-14,18,0.28,20,0.5,0.5
2022-03-15 13:07:00,short,16730.1,2022-03-15 14:19:00,16605.086625,TARGET,124.51337499999863,16927.75,16852.15,16747.025,16827.408333333333,83.67558333333332,1.5,2022-03-15,12,0.26,20,0.5,0.5
2022-03-17 12:45:00,long,17320.3,2022-03-17 15:25:00,17293.95,EOD,-26.849999999998545,17228.85,17176.25,16912.875,16952.35833333333,87.69500000000005,1.5,2022-03-17,14,0.28,20,0.5,0.5
2022-03-21 12:49:00,short,17156.4,2022-03-21 15:25:00,17121.0,EOD,34.900000000001455,17353.35,17255.7,17260.175,17283.025000000005,77.96966666666664,1.5,2022-03-21,12,0.26,20,0.5,0.5
2022-03-22 13:20:00,long,17219.05,2022-03-22 15:20:00,17328.918374999997,TARGET,109.3683749999982,17143.15,17051.6,17155.291666666664,17224.875,73.57891666666652,1.5,2022-03-22,12,0.26,20,0.5,0.5
2022-03-23 12:08:00,short,17259.85,2022-03-23 12:12:00,17276.041666666668,STOP,-16.691666666669335,17442.4,17368.15,17168.425,17275.541666666668,76.27424999999988,1.5,2022-03-23,12,0.26,20,0.5,0.5
2022-03-25 13:56:00,short,17093.6,2022-03-25 15:25:00,17191.4,EOD,-98.30000000000291,17294.9,17171.95,17191.45,17200.81666666667,71.83691666666657,1.5,2022-03-25,12,0.26,20,0.5,0.5
2022-04-01 13:40:00,long,17577.65,2022-04-01 15:18:00,17688.4525,TARGET,110.30249999999796,17499.95,17422.7,17476.86666666667,17497.5,74.20166666666651,1.5,2022-04-01,18,0.3,20,0.5,0.5
2022-04-04 10:12:00,long,18082.85,2022-04-04 15:25:00,18045.45,EOD,-37.89999999999782,17947.15,17791.4,17563.2,17651.099999999995,73.51499999999984,1.5,2022-04-04,18,0.3,20,0.5,0.5
2022-04-08 14:08:00,long,17827.4,2022-04-08 15:25:00,17793.7,EOD,-34.20000000000073,17723.6,17632.95,17664.233333333337,17705.6,77.78517857142847,1.5,2022-04-08,28,0.3,20,0.5,0.5
2022-04-13 12:10:00,short,17510.95,2022-04-13 14:17:00,17524.674999999996,STOP,-14.224999999994907,17663.65,17585.45,17518.824999999997,17524.174999999996,59.85499999999986,1.5,2022-04-13,18,0.3,20,0.5,0.5
2022-04-18 12:30:00,short,17109.85,2022-04-18 12:54:00,17081.7796875,TARGET,27.5703125,17237.75,17160.7,17501.74166666667,17560.525,19.04687499999998,1.5,2022-04-18,16,0.1,20,0.5,0.5
2022-04-19 15:03:00,short,17056.65,2022-04-19 15:04:00,17029.263125,TARGET,26.886875000000146,17275.65,17176.75,17152.8,17175.033333333336,18.59124999999997,1.5,2022-04-19,16,0.1,20,0.5,0.5
2022-04-21 11:01:00,long,17289.8,2022-04-21 11:09:00,17319.15609375,TARGET,28.856093750000582,17253.8,17215.5,17082.925000000003,17127.408333333333,19.904062499999988,1.5,2022-04-21,16,0.1,20,0.5,0.5
2022-04-22 11:15:00,long,17292.55,2022-04-22 11:15:00,17314.6,STOP,21.549999999999272,17253.85,17196.05,17315.1,17369.0,20.890416666666717,1.5,2022-04-22,12,0.1,20,0.5,0.5
2022-04-27 12:55:00,short,16990.7,2022-04-27 15:25:00,17035.15,EOD,-44.95000000000073,17110.7,17056.65,17144.15,17187.816666666666,50.374349999999914,1.5,2022-04-27,20,0.26,20,0.5,0.5
2022-04-28 12:36:00,long,17192.7,2022-04-28 13:00:00,17221.836875,TARGET,28.636875000000146,17158.55,17097.15,17034.575,17034.625000000004,19.757916666666674,1.5,2022-04-28,12,0.1,20,0.5,0.5
2022-04-29 10:01:00,short,17267.5,2022-04-29 10:01:00,17217.625,STOP,49.375,17349.3,17300.9,17196.775,17217.125,19.835000000000008,1.5,2022-04-29,12,0.1,20,0.5,0.5
2022-05-02 14:54:00,long,17070.25,2022-05-02 14:54:00,17124.516666666666,STOP,53.766666666666424,17014.35,16917.25,17125.016666666666,17215.45,20.65825000000001,1.5,2022-05-02,20,0.1,20,0.5,0.5
2022-05-04 10:22:00,short,17003.5,2022-05-04 10:30:00,16972.634625,TARGET,30.365375000001222,17132.85,17050.65,17004.75,17045.716666666667,20.910250000000016,1.5,2022-05-04,20,0.1,20,0.5,0.5
2022-05-05 10:14:00,long,16921.2,2022-05-05 13:43:00,16778.35,STOP,-143.35000000000218,16863.25,16778.85,16747.4,16878.4,22.049750000000003,1.5,2022-05-05,20,0.1,20,0.5,0.5
2022-05-09 11:47:00,long,16295.45,2022-05-09 11:47:00,16412.05,STOP,116.09999999999854,16270.2,16142.1,16412.55,16423.983333333334,21.764000000000024,1.5,2022-05-09,20,0.1,20,0.5,0.5
2022-05-10 12:17:00,long,16378.1,2022-05-10 15:01:00,16272.400000000001,STOP,-106.19999999999891,16352.5,16243.5,16272.900000000001,16296.333333333336,22.46625000000002,1.5,2022-05-10,20,0.1,20,0.5,0.5
2022-05-11 09:48:00,short,16212.1,2022-05-11 09:54:00,16177.10578125,TARGET,34.49421875000007,16318.75,16259.4,16251.100000000002,16311.5,23.66281250000002,1.5,2022-05-11,16,0.1,20,0.5,0.5
2022-05-12 14:09:00,short,15792.15,2022-05-12 15:25:00,15827.45,EOD,-35.80000000000109,16041.95,15882.6,16155.675,16175.558333333334,59.79350000000002,1.5,2022-05-12,20,0.26,20,0.5,0.5
2022-05-13 13:21:00,long,16067.65,2022-05-13 14:16:00,15922.55,STOP,-145.60000000000036,16032.3,15923.05,15847.583333333334,15888.85,23.921562499999993,1.5,2022-05-13,16,0.1,20,0.5,0.5
2022-05-17 10:41:00,long,16059.2,2022-05-17 12:49:00,16156.189275,TARGET,96.4892749999999,15977.5,15900.8,15858.8,15859.233333333337,64.99285000000006,1.5,2022-05-17,20,0.26,20,0.5,0.5
2022-05-19 13:07:00,short,15826.2,2022-05-19 15:25:00,15840.1,EOD,-14.399999999999636,15984.75,15904.65,16262.466666666664,16305.5,64.6737,1.5,2022-05-19,20,0.26,20,0.5,0.5
2022-05-20 13:26:00,long,16209.95,2022-05-20 15:25:00,16266.65,EOD,56.19999999999891,16140.25,16003.85,15853.058333333336,15879.975,66.6062222222222,1.5,2022-05-20,18,0.26,20,0.5,0.5
2022-05-25 11:49:00,short,16078.6,2022-05-25 15:25:00,16032.35,EOD,45.75,16223.35,16174.25,16142.733333333334,16170.7,69.49150000000004,1.5,2022-05-25,18,0.26,20,0.5,0.5
2022-05-26 10:35:00,short,15944.0,2022-05-26 13:15:00,16115.650000000001,STOP,-172.15000000000146,16129.9,16059.1,16059.616666666665,16115.150000000001,61.37699999999997,1.5,2022-05-26,12,0.24,20,0.5,0.5
2022-05-30 11:08:00,long,16663.3,2022-05-30 15:25:00,16664.4,EOD,0.6000000000021828,16612.2,16506.15,16296.275000000001,16337.791666666668,40.190285714285686,1.5,2022-05-30,14,0.16,20,0.5,0.5
2022-05-31 11:03:00,long,16657.2,2022-05-31 15:07:00,16600.325,STOP,-57.375,16599.45,16521.9,16600.825,16643.541666666668,40.22742857142855,1.5,2022-05-31,14,0.16,20,0.5,0.5
2022-06-01 13:44:00,short,16481.4,2022-06-01 15:25:00,16543.9,EOD,-63.0,16649.2,16561.95,16560.44166666667,16606.325,38.42971428571425,1.5,2022-06-01,14,0.16,20,0.5,0.5
2022-06-02 12:35:00,long,16584.1,2022-06-02 14:55:00,16639.601428571426,TARGET,55.00142857142782,16529.05,16443.05,16543.608333333337,16544.025,37.33428571428569,1.5,2022-06-02,14,0.16,20,0.5,0.5
2022-06-03 12:40:00,short,16712.55,2022-06-03 12:40:00,16603.641666666663,STOP,108.40833333333649,16793.85,16753.1,16544.725,16603.141666666663,35.74114285714286,1.5,2022-06-03,14,0.16,20,0.5,0.5
2022-06-07 11:30:00,short,16359.3,2022-06-07 15:25:00,16412.85,EOD,-54.04999999999927,16487.25,16408.5,16527.75,16555.11666666667,33.18399999999996,1.5,2022-06-07,14,0.16,20,0.5,0.5
2022-06-08 10:07:00,short,16325.3,2022-06-08 10:35:00,16417.675,STOP,-92.875,16485.7,16378.2,16413.958333333332,16417.175,32.63028571428569,1.5,2022-06-08,14,0.16,20,0.5,0.5
2022-06-09 10:37:00,long,16369.3,2022-06-09 10:37:00,16366.408333333336,STOP,-3.391666666662786,16324.4,16243.85,16366.908333333336,16403.825,32.760571428571396,1.5,2022-06-09,14,0.16,20,0.5,0.5
2022-06-10 12:56:00,short,16218.0,2022-06-10 15:25:00,16188.8,EOD,28.700000000000728,16324.7,16257.8,16368.325,16446.008333333335,32.43257142857139,1.5,2022-06-10,14,0.16,20,0.5,0.5
2022-06-13 13:52:00,short,15711.25,2022-06-13 15:25:00,15794.75,EOD,-84.0,15886.15,15773.95,16208.416666666668,16248.650000000001,31.71199999999995,1.5,2022-06-13,14,0.16,20,0.5,0.5
2022-06-14 10:51:00,long,15803.95,2022-06-14 11:14:00,15851.325714285715,TARGET,46.87571428571391,15767.45,15659.45,15785.075,15791.191666666666,31.917142857142817,1.5,2022-06-14,14,0.16,20,0.5,0.5
2022-06-16 10:21:00,short,15743.8,2022-06-16 10:21:00,15732.15,STOP,11.149999999999636,15863.15,15802.25,15700.916666666666,15731.65,29.482857142857103,1.5,2022-06-16,14,0.16,20,0.5,0.5
2022-06-21 09:59:00,long,15543.25,2022-06-21 10:32:00,15588.173875,TARGET,44.42387500000041,15489.5,15419.85,15286.8,15336.7,30.28258333333327,1.5,2022-06-21,12,0.14,20,0.5,0.5
2022-06-22 13:21:00,short,15416.1,2022-06-22 15:25:00,15404.85,EOD,10.75,15565.4,15459.9,15563.55,15609.516666666666,30.999499999999966,1.5,2022-06-22,12,0.14,20,0.5,0.5
2022-06-23 09:53:00,long,15565.3,2022-06-23 10:22:00,15596.728181818182,TARGET,30.928181818182566,15526.25,15411.55,15428.125,15475.675,21.285454545454513,1.5,2022-06-23,22,0.1,20,0.5,0.5
2022-06-27 15:08:00,short,15829.75,2022-06-27 15:08:00,15696.383333333333,STOP,132.8666666666668,15927.45,15862.6,15684.35,15695.883333333333,21.93533333333331,1.5,2022-06-27,30,0.1,20,0.5,0.5
2022-06-28 12:48:00,long,15821.9,2022-06-28 12:48:00,15845.424999999997,STOP,23.024999999997817,15792.35,15718.7,15845.924999999997,15871.475,25.816999999999968,1.5,2022-06-28,30,0.12,20,0.5,0.5
2022-06-29 10:23:00,long,15784.65,2022-06-29 10:23:00,15786.175,STOP,1.0249999999996362,15728.1,15687.8,15786.675,15830.258333333331,29.91041666666665,1.5,2022-06-29,12,0.14,20,0.5,0.5
2022-07-01 10:09:00,short,15547.9,2022-07-01 14:46:00,15720.45,STOP,-173.0500000000011,15719.95,15650.0,15771.724999999999,15812.075,28.826437499999994,1.5,2022-07-01,16,0.14,20,0.5,0.5
2022-07-04 15:10:00,long,15843.05,2022-07-04 15:25:00,15835.0,EOD,-8.549999999999272,15797.45,15695.05,15649.575,15740.591666666667,20.534666666666663,1.5,2022-07-04,30,0.1,20,0.5,0.5
2022-07-05 09:56:00,long,15971.2,2022-07-05 10:59:00,16001.379,TARGET,29.679000000000087,15935.05,15891.55,15757.075,15809.358333333334,20.45266666666666,1.5,2022-07-05,30,0.1,20,0.5,0.5
2022-07-06 12:53:00,long,15958.05,2022-07-06 13:07:00,15988.5095,TARGET,29.959500000000844,15905.0,15816.25,15839.066666666668,15905.6,20.63966666666666,1.5,2022-07-06,30,0.1,20,0.5,0.5
2022-07-11 13:48:00,long,16195.85,2022-07-11 13:48:00,16216.2,STOP,19.850000000000364,16166.75,16117.85,16216.7,16221.833333333336,19.86666666666666,1.5,2022-07-11,30,0.1,20,0.5,0.5
2022-07-12 13:00:00,short,16075.3,2022-07-12 15:18:00,16046.2815,TARGET,28.51850000000013,16150.5,16103.35,16182.025,16192.075000000003,19.679,1.5,2022-07-12,30,0.1,20,0.5,0.5
2022-07-13 10:40:00,short,16074.05,2022-07-13 11:25:00,16097.1,STOP,-23.55000000000109,16139.6,16102.2,16060.833333333334,16096.6,19.5305,1.5,2022-07-13,30,0.1,20,0.5,0.5
2022-07-14 11:39:00,short,15972.05,2022-07-14 12:07:00,15943.356749999999,TARGET,28.193250000000262,16047.65,15993.7,16001.125,16045.075,19.46216666666666,1.5,2022-07-14,30,0.1,20,0.5,0.5
2022-07-15 11:09:00,short,15939.0,2022-07-15 11:31:00,15965.025000000001,STOP,-26.525000000001455,16041.25,15982.85,15955.541666666668,15964.525000000001,19.493166666666653,1.5,2022-07-15,30,0.1,20,0.5,0.5
2022-07-18 13:04:00,long,16223.35,2022-07-18 14:49:00,16251.65825,TARGET,27.808250000000044,16199.7,16142.2,15997.125,16038.341666666664,19.2055,1.5,2022-07-18,30,0.1,20,0.5,0.5
2022-07-19 10:42:00,long,16300.5,2022-07-19 14:31:00,16328.705,TARGET,27.704999999999927,16267.3,16194.75,16215.075,16261.591666666667,19.136666666666663,1.5,2022-07-19,30,0.1,20,0.5,0.5
2022-07-21 10:16:00,long,16570.5,2022-07-21 13:54:00,16518.25833333333,STOP,-52.74166666666861,16538.3,16483.9,16518.75833333333,16544.775,22.414500000000004,1.5,2022-07-21,28,0.12,20,0.5,0.5
2022-07-22 10:46:00,short,16623.95,2022-07-22 10:46:00,16599.866666666672,STOP,23.583333333328483,16704.8,16653.45,16554.2,16599.366666666672,17.170416666666675,1.5,2022-07-22,24,0.1,20,0.5,0.5
2022-07-25 10:01:00,short,16606.75,2022-07-25 11:07:00,16581.8071875,TARGET,24.44281250000131,16706.05,16633.8,16681.575,16699.891666666666,16.961875000000003,1.5,2022-07-25,24,0.1,20,0.5,0.5
2022-07-26 10:15:00,short,16516.9,2022-07-26 14:44:00,16492.8671875,TARGET,23.532812500001455,16636.1,16536.65,16615.216666666667,16635.15,16.355208333333334,1.5,2022-07-26,24,0.1,20,0.5,0.5
2022-07-27 10:44:00,long,16539.35,2022-07-27 11:43:00,16563.303125,TARGET,23.453125,16512.1,16438.75,16501.85,16552.75,16.302083333333325,1.5,2022-07-27,24,0.1,20,0.5,0.5
2022-07-28 10:14:00,long,16821.0,2022-07-28 10:23:00,16844.6640625,TARGET,23.1640625,16791.75,16751.05,16546.1,16610.066666666666,16.109374999999993,1.5,2022-07-28,24,0.1,20,0.5,0.5
2022-07-29 10:41:00,short,17034.05,2022-07-29 10:41:00,16904.45,STOP,129.09999999999854,17118.75,17059.8,16846.95,16903.95,16.407708333333336,1.5,2022-07-29,24,0.1,20,0.5,0.5
2022-08-01 10:15:00,long,17275.95,2022-08-01 13:39:00,17300.3284375,TARGET,23.878437499999563,17244.8,17154.8,17095.475,17140.425000000003,16.58562499999999,1.5,2022-08-01,24,0.1,20,0.5,0.5
2022-08-02 10:04:00,short,17242.3,2022-08-02 10:12:00,17217.619062499998,TARGET,24.180937500001164,17331.35,17268.2,17255.525,17306.108333333337,16.787291666666658,1.5,2022-08-02,24,0.1,20,0.5,0.5
2022-08-03 10:28:00,short,17268.9,2022-08-03 11:08:00,17244.2159375,TARGET,24.184062500000437,17385.0,17311.8,17300.566666666666,17303.0,16.789374999999996,1.5,2022-08-03,24,0.1,20,0.5,0.5
2022-08-04 10:33:00,short,17420.45,2022-08-04 10:33:00,17368.983333333334,STOP,50.96666666666715,17490.7,17446.95,17314.55,17368.483333333334,16.879166666666666,1.5,2022-08-04,24,0.1,20,0.5,0.5
2022-08-08 10:35:00,long,17449.5,2022-08-08 10:53:00,17474.240625,TARGET,24.240624999998545,17428.65,17359.75,17402.55833333333,17411.575,16.827083333333334,1.5,2022-08-08,24,0.1,20,0.5,0.5
2022-08-11 13:36:00,short,17641.0,2022-08-11 13:36:00,17523.275,STOP,117.22499999999854,17719.3,17670.3,17502.125,17522.775,16.232291666666676,1.5,2022-08-11,24,0.1,20,0.5,0.5
2022-08-12 11:14:00,long,17683.5,2022-08-12 12:59:00,17707.2409375,TARGET,23.240937499998836,17661.15,17597.85,17660.208333333336,17675.625,16.160625000000007,1.5,2022-08-12,24,0.1,20,0.5,0.5
2022-08-16 11:03:00,long,17833.35,2022-08-16 15:25:00,17831.45,EOD,-2.399999999997817,17808.45,17764.05,17661.25,17688.950000000004,16.198958333333348,1.5,2022-08-16,24,0.1,20,0.5,0.5
2022-08-17 10:10:00,long,17903.75,2022-08-17 11:07:00,17927.1859375,TARGET,22.935937499998545,17883.15,17833.35,17801.574999999997,17821.824999999997,15.957291666666684,1.5,2022-08-17,24,0.1,20,0.5,0.5
2022-08-18 10:08:00,long,17948.55,2022-08-18 10:29:00,17899.15,STOP,-49.89999999999782,17924.85,17863.45,17899.65,17921.016666666663,15.991875000000029,1.5,2022-08-18,24,0.1,20,0.5,0.5
2022-08-19 11:02:00,short,17921.95,2022-08-19 11:05:00,17898.92125,TARGET,22.52875000000131,17992.2,17950.8,17910.25,17947.450000000004,15.685833333333367,1.5,2022-08-19,24,0.1,20,0.5,0.5
2022-08-22 10:15:00,short,17581.7,2022-08-22 10:43:00,17558.24125,TARGET,22.9587500000016,17690.05,17607.4,17772.191666666666,17851.475,15.972500000000037,1.5,2022-08-22,24,0.1,20,0.5,0.5
2022-08-23 09:57:00,long,17569.35,2022-08-23 10:14:00,17519.699999999997,STOP,-50.150000000001455,17521.15,17345.2,17520.199999999997,17578.699999999997,16.11183333333336,1.5,2022-08-23,30,0.1,20,0.5,0.5
2022-08-25 14:58:00,short,17568.5,2022-08-25 15:01:00,17544.099,TARGET,23.90100000000166,17707.55,17659.25,17561.45,17593.716666666664,16.600666666666694,1.5,2022-08-25,30,0.1,20,0.5,0.5
2022-08-26 13:13:00,short,17577.4,2022-08-26 14:02:00,17607.475,STOP,-30.57499999999709,17685.85,17613.75,17544.25833333333,17606.975,16.983166666666694,1.5,2022-08-26,30,0.1,20,0.5,0.5
2022-08-29 10:01:00,long,17312.75,2022-08-29 10:01:00,17582.5,STOP,269.25,17272.8,17166.2,17583.0,17602.6,16.90533333333336,1.5,2022-08-29,30,0.1,20,0.5,0.5
2022-08-30 10:47:00,long,17521.8,2022-08-30 11:16:00,17546.659107142856,TARGET,24.359107142856374,17472.95,17401.5,17273.175000000003,17305.85833333333,16.906071428571472,1.5,2022-08-30,14,0.1,20,0.5,0.5
2022-09-01 09:47:00,long,17638.35,2022-09-01 09:51:00,17589.075,STOP,-49.77499999999782,17581.8,17485.55,17589.575,17711.358333333334,18.24250000000006,1.5,2022-09-01,14,0.1,20,0.5,0.5
2022-09-02 10:02:00,short,17494.55,2022-09-02 12:57:00,17582.525,STOP,-88.47500000000218,17643.85,17540.6,17562.275,17582.025,19.017500000000034,1.5,2022-09-02,14,0.1,20,0.5,0.5
2022-09-05 12:18:00,long,17665.05,2022-09-05 15:25:00,17660.3,EOD,-5.25,17632.55,17540.35,17542.816666666666,17560.15,23.507142857142888,1.5,2022-09-05,14,0.12,20,0.5,0.5
2022-09-06 10:28:00,short,17590.35,2022-09-06 11:05:00,17644.950000000004,STOP,-55.10000000000582,17764.65,17691.5,17611.75,17644.450000000004,59.11071428571436,1.5,2022-09-06,14,0.3,20,0.5,0.5
2022-09-07 12:25:00,long,17623.85,2022-09-07 12:25:00,17656.183333333334,STOP,31.83333333333576,17593.8,17484.3,17656.683333333334,17676.15,25.081000000000056,1.5,2022-09-07,20,0.14,20,0.5,0.5
2022-09-09 12:15:00,short,17829.85,2022-09-09 12:15:00,17783.1,STOP,46.25,17925.95,17871.2,17749.800000000003,17782.6,24.85315000000006,1.5,2022-09-09,20,0.14,20,0.5,0.5
2022-09-12 11:36:00,long,17954.4,2022-09-12 15:25:00,17924.05,EOD,-30.850000000002183,17925.75,17889.15,17828.25833333333,17855.975,27.521000000000026,1.5,2022-09-12,14,0.14,20,0.5,0.5
2022-09-14 12:06:00,long,17995.85,2022-09-14 12:06:00,18051.375,STOP,55.025000000001455,17932.6,17778.55,18051.875,18059.791666666664,51.03612499999998,1.5,2022-09-14,16,0.28,20,0.5,0.5
2022-09-15 10:06:00,short,17958.9,2022-09-15 10:06:00,17968.55,STOP,-10.149999999997817,18096.15,18042.9,17935.05,17968.05,52.61637499999997,1.5,2022-09-15,16,0.28,20,0.5,0.5
2022-09-16 12:16:00,short,17660.95,2022-09-16 13:22:00,17580.623333333333,TARGET,79.82666666666773,17820.05,17716.1,17903.474999999995,17978.825,53.884444444444455,1.5,2022-09-16,18,0.28,20,0.5,0.5
2022-09-19 10:08:00,long,17636.55,2022-09-19 15:25:00,17634.0,EOD,-3.0499999999992724,17575.75,17429.7,17575.683333333334,17658.65,55.44155555555554,1.5,2022-09-19,18,0.28,20,0.5,0.5
2022-09-20 12:34:00,long,17908.75,2022-09-20 15:25:00,17804.55,EOD,-104.70000000000073,17831.75,17744.4,17548.45,17605.81666666667,54.8908888888889,1.5,2022-09-20,18,0.28,20,0.5,0.5
2022-09-21 11:59:00,short,17697.9,2022-09-21 15:25:00,17711.8,EOD,-14.399999999997817,17838.7,17761.2,17813.983333333337,17831.85,27.769437499999984,1.5,2022-09-21,16,0.14,20,0.5,0.5
2022-09-23 09:50:00,short,17442.1,2022-09-23 12:20:00,17407.326576923075,TARGET,34.27342307692379,17642.15,17499.4,17627.6,17628.733333333337,23.515615384615398,1.5,2022-09-23,26,0.12,20,0.5,0.5
2022-09-26 10:07:00,short,17032.95,2022-09-26 11:08:00,16996.66803846154,TARGET,35.78196153846147,17196.4,17072.95,17369.066666666666,17466.9,24.521307692307694,1.5,2022-09-26,26,0.12,20,0.5,0.5
2022-09-27 10:28:00,short,17013.65,2022-09-27 11:04:00,16976.663961538463,TARGET,36.486038461538556,17176.45,17060.4,17043.483333333337,17087.35,24.990692307692314,1.5,2022-09-27,26,0.12,20,0.5,0.5
2022-09-28 10:09:00,long,16946.85,2022-09-28 10:09:00,17035.833333333336,STOP,88.48333333333721,16895.1,16825.4,17036.333333333336,17059.4,28.12512500000003,1.5,2022-09-28,16,0.14,20,0.5,0.5
2022-09-29 11:51:00,short,16890.1,2022-09-29 12:40:00,16853.51446153846,TARGET,36.08553846153882,17026.05,16955.5,16867.666666666664,16931.5,24.723692307692303,1.5,2022-09-29,26,0.12,20,0.5,0.5
2022-09-30 10:23:00,long,16864.55,2022-09-30 10:34:00,16900.890115384616,TARGET,35.84011538461709,16836.15,16747.7,16848.041666666664,16907.324999999997,24.560076923076934,1.5,2022-09-30,26,0.12,20,0.5,0.5
2022-10-03 10:09:00,short,16965.7,2022-10-03 14:25:00,16920.795000000002,TARGET,44.404999999998836,17114.65,17011.05,16967.4,17066.733333333337,30.27,1.5,2022-10-03,12,0.12,20,0.5,0.5
2022-10-04 15:20:00,long,17275.2,2022-10-04 15:25:00,17278.1,EOD,2.399999999997817,17235.95,17117.3,16916.1,16985.1,30.514500000000005,1.5,2022-10-04,12,0.12,20,0.5,0.5
2022-10-10 12:00:00,long,17192.85,2022-10-10 12:00:00,17276.65,STOP,83.30000000000291,17149.65,17064.7,17277.15,17305.483333333337,24.443769230769217,1.5,2022-10-10,26,0.12,20,0.5,0.5
2022-10-11 10:35:00,short,17133.7,2022-10-11 14:27:00,17097.615346153845,TARGET,35.58465384615556,17261.8,17172.95,17172.425000000003,17220.408333333333,24.389769230769232,1.5,2022-10-11,26,0.12,20,0.5,0.5
2022-10-12 12:20:00,long,17091.45,2022-10-12 15:05:00,17128.508384615387,TARGET,36.558384615385876,17064.1,16976.75,17007.958333333336,17107.775,25.038923076923087,1.5,2022-10-12,26,0.12,20,0.5,0.5
2022-10-13 10:17:00,short,17029.1,2022-10-13 11:21:00,16991.76815384615,TARGET,36.83184615384744,17112.35,17069.35,17051.199999999997,17101.0,25.22123076923076,1.5,2022-10-13,26,0.12,20,0.5,0.5
2022-10-14 14:24:00,short,17234.45,2022-10-14 14:24:00,17035.15,STOP,198.79999999999927,17331.65,17277.25,17026.949999999997,17034.65,25.121538461538442,1.5,2022-10-14,26,0.12,20,0.5,0.5
2022-10-17 10:25:00,long,17243.55,2022-10-17 10:41:00,17280.817807692307,TARGET,36.76780769230754,17201.0,17098.55,17216.483333333337,17259.15,25.178538461538437,1.5,2022-10-17,26,0.12,20,0.5,0.5
2022-10-19 14:58:00,short,17496.0,2022-10-19 14:58:00,17486.508333333328,STOP,8.991666666672245,17585.4,17535.75,17480.925,17486.008333333328,25.492846153846124,1.5,2022-10-19,26,0.12,20,0.5,0.5
2022-10-20 10:52:00,long,17498.05,2022-10-20 10:52:00,17532.175000000003,STOP,33.62500000000364,17469.85,17422.05,17532.675000000003,17540.225,25.692923076923055,1.5,2022-10-20,26,0.12,20,0.5,0.5
2022-10-21 14:14:00,short,17571.75,2022-10-21 14:14:00,17549.658333333336,STOP,21.591666666663514,17657.65,17603.7,17502.575,17549.158333333336,24.81354545454544,1.5,2022-10-21,22,0.12,20,0.5,0.5
2022-10-25 11:38:00,short,17681.85,2022-10-25 11:38:00,17596.016666666666,STOP,85.33333333333212,17811.5,17708.75,17595.45,17595.516666666666,24.67445454545455,1.5,2022-10-25,22,0.12,20,0.5,0.5
2022-10-27 11:44:00,short,17715.1,2022-10-27 12:01:00,17726.05,STOP,-11.450000000000728,17783.9,17745.95,17669.516666666666,17725.55,24.657000000000004,1.5,2022-10-27,22,0.12,20,0.5,0.5
2022-10-31 12:31:00,long,17989.2,2022-10-31 15:25:00,18018.15,EOD,28.450000000000728,17961.85,17899.9,17781.300000000003,17790.4,23.041363636363656,1.5,2022-10-31,22,0.12,20,0.5,0.5
2022-11-01 10:17:00,long,18159.65,2022-11-01 13:04:00,18084.4,STOP,-75.75,18122.65,18084.9,17961.15,17999.483333333337,22.5199090909091,1.5,2022-11-01,22,0.12,20,0.5,0.5
2022-11-02 12:37:00,short,18085.05,2022-11-02 13:00:00,18063.55125,TARGET,20.998749999998836,18178.75,18101.85,18117.975,18137.858333333337,14.665833333333346,1.5,2022-11-02,12,0.1,20,0.5,0.5
2022-11-03 10:25:00,long,18099.2,2022-11-03 10:32:00,18089.899999999998,STOP,-9.80000000000291,18070.95,17959.2,18090.399999999998,18113.7,14.45500000000002,1.5,2022-11-03,12,0.1,20,0.5,0.5
2022-11-04 10:36:00,short,18024.3,2022-11-04 11:24:00,18047.416666666664,STOP,-23.61666666666497,18108.0,18046.85,18032.75,18046.916666666664,14.190833333333345,1.5,2022-11-04,12,0.1,20,0.5,0.5
2022-11-07 09:53:00,short,18161.5,2022-11-07 09:53:00,18110.24166666667,STOP,50.75833333333139,18255.5,18179.05,18073.225,18109.74166666667,13.208749999999995,1.5,2022-11-07,12,0.1,20,0.5,0.5
2022-11-09 10:25:00,short,18205.25,2022-11-09 10:25:00,18198.375,STOP,6.375,18296.4,18228.8,18160.125,18197.875,14.017083333333327,1.5,2022-11-09,12,0.1,20,0.5,0.5
2022-11-10 12:25:00,short,18003.0,2022-11-10 12:50:00,17981.9225,TARGET,20.577499999999418,18103.1,18027.5,18160.583333333332,18206.95,14.385000000000005,1.5,2022-11-10,12,0.1,20,0.5,0.5
2022-11-11 14:23:00,long,18349.4,2022-11-11 15:25:00,18351.35,EOD,1.4499999999970896,18332.2,18259.35,18036.25,18036.916666666664,14.139583333333304,1.5,2022-11-11,12,0.1,20,0.5,0.5
2022-11-15 09:55:00,short,18291.95,2022-11-15 14:59:00,18355.925000000003,STOP,-64.47500000000218,18378.15,18326.5,18332.74166666667,18355.425000000003,13.045416666666611,1.5,2022-11-15,12,0.1,20,0.5,0.5
2022-11-18 10:02:00,short,18288.45,2022-11-18 10:37:00,18269.638750000002,TARGET,18.311249999998836,18394.6,18316.95,18341.591666666667,18365.275,12.87416666666659,1.5,2022-11-18,12,0.1,20,0.5,0.5
2022-11-21 13:21:00,short,18138.85,2022-11-21 15:25:00,18162.15,EOD,-23.80000000000291,18262.3,18163.6,18302.199999999997,18305.1,13.450416666666602,1.5,2022-11-21,12,0.1,20,0.5,0.5
2022-11-22 10:25:00,long,18207.7,2022-11-22 13:56:00,18227.36125,TARGET,19.16125000000102,18191.9,18137.7,18173.708333333336,18197.824999999997,13.440833333333286,1.5,2022-11-22,12,0.1,20,0.5,0.5
2022-11-23 10:02:00,short,18270.55,2022-11-23 10:02:00,18234.308333333334,STOP,35.74166666666497,18325.4,18288.65,18196.125,18233.808333333334,13.188749999999951,1.5,2022-11-23,12,0.1,20,0.5,0.5
2022-11-24 09:52:00,long,18344.0,2022-11-24 10:24:00,18362.87375,TARGET,18.373749999998836,18327.0,18294.25,18264.466666666664,18285.7,12.915833333333318,1.5,2022-11-24,12,0.1,20,0.5,0.5
2022-11-28 11:50:00,long,18579.8,2022-11-28 15:25:00,18549.25,EOD,-31.049999999999272,18537.7,18365.6,18490.0,18503.333333333336,37.637499999999996,1.5,2022-11-28,12,0.3,20,0.5,0.5
2022-11-29 11:04:00,long,18654.85,2022-11-29 13:33:00,18675.31203125,TARGET,19.96203125000102,18631.65,18552.15,18489.925,18529.80833333333,13.974687500000005,1.5,2022-11-29,16,0.1,20,0.5,0.5
2022-11-30 15:09:00,long,18743.75,2022-11-30 15:14:00,18764.34140625,TARGET,20.091406250001455,18679.55,18616.7,18609.60833333333,18615.125,14.060937500000001,1.5,2022-11-30,16,0.1,20,0.5,0.5
2022-12-01 11:52:00,short,18825.7,2022-12-01 11:52:00,18768.299999999996,STOP,56.90000000000509,18887.6,18842.05,18709.0,18767.799999999996,14.02437500000001,1.5,2022-12-01,16,0.1,20,0.5,0.5
2022-12-02 10:27:00,short,18700.2,2022-12-02 11:30:00,18680.315000000002,TARGET,19.3849999999984,18781.95,18720.4,18814.833333333336,18832.9,13.589999999999987,1.5,2022-12-02,16,0.1,20,0.5,0.5
2022-12-05 09:59:00,short,18601.9,2022-12-05 12:27:00,18711.075,STOP,-109.67499999999927,18728.6,18647.0,18707.69166666667,18710.575,13.994749999999986,1.5,2022-12-05,20,0.1,20,0.5,0.5
2022-12-07 15:20:00,short,18531.3,2022-12-07 15:25:00,18543.3,EOD,-12.5,18655.3,18608.45,18616.4,18627.9,41.908750000000055,1.5,2022-12-07,12,0.3,20,0.5,0.5
2022-12-08 10:03:00,long,18621.05,2022-12-08 12:46:00,18560.816666666666,STOP,-60.733333333333576,18582.3,18536.95,18561.316666666666,18598.35,13.61649999999998,1.5,2022-12-08,30,0.1,20,0.5,0.5
2022-12-09 10:32:00,short,18569.55,2022-12-09 12:33:00,18533.324214285713,TARGET,35.72578571428676,18664.7,18617.3,18580.975,18601.99166666667,24.483857142857133,1.5,2022-12-09,14,0.18,20,0.5,0.5
2022-12-12 10:08:00,long,18483.4,2022-12-12 10:08:00,18503.6,STOP,19.69999999999709,18420.25,18345.7,18504.1,18537.4,45.842500000000015,1.5,2022-12-12,12,0.3,20,0.5,0.5
2022-12-13 11:28:00,long,18574.0,2022-12-13 15:01:00,18613.786892857144,TARGET,39.28689285714427,18540.85,18511.6,18433.625,18477.674999999996,26.85792857142858,1.5,2022-12-13,14,0.18,20,0.5,0.5
2022-12-15 12:15:00,short,18551.45,2022-12-15 13:21:00,18514.06610714286,TARGET,36.8838928571422,18652.9,18579.3,18651.200000000004,18664.5,25.255928571428502,1.5,2022-12-15,14,0.18,20,0.5,0.5
2022-12-16 15:13:00,short,18261.0,2022-12-16 15:25:00,18260.0,EOD,0.5,18439.3,18299.55,18438.433333333334,18520.300000000003,27.51107142857133,1.5,2022-12-16,14,0.18,20,0.5,0.5
2022-12-19 10:22:00,long,18346.5,2022-12-19 14:39:00,18386.04582142857,TARGET,39.0458214285718,18306.85,18244.55,18289.091666666667,18348.275,26.6972142857142,1.5,2022-12-19,14,0.18,20,0.5,0.5
2022-12-20 11:04:00,short,18213.15,2022-12-20 15:00:00,18355.7,STOP,-143.04999999999927,18355.2,18256.95,18338.025,18397.50833333333,27.48149999999996,1.5,2022-12-20,14,0.18,20,0.5,0.5
2022-12-21 10:04:00,short,18372.8,2022-12-21 10:04:00,18361.691666666666,STOP,10.608333333333576,18473.35,18428.25,18303.775,18361.191666666666,45.882954545454545,1.5,2022-12-21,22,0.3,20,0.5,0.5
2022-12-22 10:39:00,short,18124.2,2022-12-22 15:25:00,18120.4,EOD,3.2999999999992724,18318.75,18184.7,18231.31666666667,18318.05,48.35999999999997,1.5,2022-12-22,22,0.3,20,0.5,0.5
2022-12-23 11:48:00,short,17868.65,2022-12-23 15:06:00,17793.440875,TARGET,74.70912500000122,18050.45,17965.65,18144.491666666665,18193.675,50.47274999999998,1.5,2022-12-23,20,0.3,20,0.5,0.5
2022-12-26 11:38:00,long,17981.6,2022-12-26 14:36:00,18060.885,TARGET,78.78499999999985,17914.75,17774.25,17848.425000000003,17914.975,53.18999999999994,1.5,2022-12-26,20,0.3,20,0.5,0.5
2022-12-29 14:52:00,long,18141.75,2022-12-29 15:25:00,18201.15,EOD,58.900000000001455,18061.0,18011.8,18116.108333333337,18120.725,61.89749999999999,1.5,2022-12-29,14,0.3,20,0.5,0.5
2022-12-30 15:08:00,short,18106.6,2022-12-30 15:25:00,18111.05,EOD,-4.950000000000728,18264.7,18210.75,18101.175,18168.158333333336,55.35374999999994,1.5,2022-12-30,20,0.3,20,0.5,0.5
2023-01-04 10:05:00,short,18127.9,2023-01-04 14:49:00,18035.209821428572,TARGET,92.19017857142899,18243.0,18200.1,18200.875,18224.725,62.12678571428579,1.5,2023-01-04,14,0.3,20,0.5,0.5
2023-01-05 12:36:00,short,17962.8,2023-01-05 15:25:00,17992.1,EOD,-29.799999999999272,18120.3,18031.15,18066.400000000005,18131.8,61.209642857142946,1.5,2023-01-05,14,0.3,20,0.5,0.5
2023-01-06 12:41:00,short,17881.15,2023-01-06 15:25:00,17857.4,EOD,23.25,18027.25,17970.2,17996.549999999996,18006.449999999997,62.11714285714292,1.5,2023-01-06,14,0.3,20,0.5,0.5
2023-01-09 11:15:00,long,18104.5,2023-01-09 15:25:00,18096.15,EOD,-8.849999999998545,18031.85,17936.15,17878.425000000003,17921.475,59.509500000000045,1.5,2023-01-09,20,0.3,20,0.5,0.5
2023-01-10 11:36:00,short,17931.8,2023-01-10 15:25:00,17918.8,EOD,12.5,18127.6,18006.25,18038.775,18077.358333333337,59.95050000000006,1.5,2023-01-10,20,0.3,20,0.5,0.5
2023-01-12 10:33:00,short,17820.1,2023-01-12 15:25:00,17866.55,EOD,-46.95000000000073,17941.4,17895.6,17893.65,17900.35,62.991666666666724,1.5,2023-01-12,18,0.3,20,0.5,0.5
2023-01-13 12:57:00,long,17929.85,2023-01-13 13:52:00,17991.25525,TARGET,60.905249999999796,17872.6,17788.45,17853.725,17861.941666666666,41.270166666666704,1.5,2023-01-13,12,0.22,20,0.5,0.5
2023-01-16 12:19:00,short,17903.2,2023-01-16 13:31:00,17937.266666666666,STOP,-34.5666666666657,18049.65,17966.6,17886.8,17936.766666666666,43.476583333333345,1.5,2023-01-16,12,0.22,20,0.5,0.5
2023-01-17 10:39:00,long,18021.35,2023-01-17 15:25:00,18054.3,EOD,32.45000000000073,17977.95,17886.95,17916.61666666667,17951.65,39.548124999999985,1.5,2023-01-17,16,0.2,20,0.5,0.5
2023-01-18 11:15:00,long,18146.65,2023-01-18 15:25:00,18167.5,EOD,20.349999999998545,18090.55,18032.45,17979.5,18029.700000000004,37.98874999999998,1.5,2023-01-18,16,0.2,20,0.5,0.5
2023-01-20 14:40:00,short,18022.85,2023-01-20 15:25:00,18024.1,EOD,-1.75,18118.55,18075.6,18100.558333333334,18109.475,37.44124999999999,1.5,2023-01-20,16,0.2,20,0.5,0.5
2023-01-24 13:38:00,short,18105.7,2023-01-24 14:06:00,18113.525,STOP,-8.325000000000728,18196.5,18156.55,18112.675000000003,18113.025,35.274999999999956,1.5,2023-01-24,16,0.2,20,0.5,0.5
2023-01-25 10:16:00,short,17949.2,2023-01-25 11:23:00,17896.8803125,TARGET,51.81968749999942,18100.6,18024.65,18118.649999999998,18139.95,35.21312499999995,1.5,2023-01-25,16,0.2,20,0.5,0.5
2023-01-27 11:44:00,short,17660.6,2023-01-27 12:20:00,17605.4246875,TARGET,54.67531249999956,17884.75,17715.55,17926.125,17973.375,37.116874999999894,1.5,2023-01-27,16,0.2,20,0.5,0.5
2023-02-01 12:36:00,long,17940.6,2023-02-01 13:38:00,17737.9,STOP,-203.1999999999971,17815.3,17738.4,17636.625,17659.00833333333,39.5043749999999,1.5,2023-02-01,16,0.2,20,0.5,0.5
2023-02-03 10:46:00,short,17592.15,2023-02-03 10:46:00,17596.175000000003,STOP,-4.525000000001455,17728.45,17651.95,17549.925000000003,17595.675000000003,20.866153846153836,1.5,2023-02-03,26,0.1,20,0.5,0.5
2023-02-07 12:18:00,short,17710.8,2023-02-07 12:50:00,17679.481826923075,TARGET,30.818173076924722,17811.15,17755.8,17761.025,17764.308333333334,21.212115384615377,1.5,2023-02-07,26,0.1,20,0.5,0.5
2023-02-08 11:44:00,long,17873.85,2023-02-08 15:25:00,17867.35,EOD,-7.0,17829.5,17744.15,17716.58333333333,17731.85,21.11076923076923,1.5,2023-02-08,26,0.1,20,0.5,0.5
2023-02-13 10:05:00,short,17758.4,2023-02-13 12:17:00,17727.72134615385,TARGET,30.178653846152883,17880.7,17806.05,17838.975,17851.291666666664,20.78576923076923,1.5,2023-02-13,26,0.1,20,0.5,0.5
2023-02-14 11:56:00,long,17876.75,2023-02-14 12:40:00,17907.04355769231,TARGET,29.79355769230824,17850.9,17801.8,17777.941666666666,17800.225,20.529038461538462,1.5,2023-02-14,26,0.1,20,0.5,0.5
2023-02-15 10:23:00,long,17933.95,2023-02-15 14:40:00,17963.681923076925,TARGET,29.23192307692443,17905.8,17859.2,17877.3,17909.833333333332,20.154615384615376,1.5,2023-02-15,26,0.1,20,0.5,0.5
2023-02-16 15:22:00,short,18029.3,2023-02-16 15:22:00,17999.99166666666,STOP,28.80833333333794,18133.6,18061.15,17943.574999999997,17999.49166666666,20.05576923076922,1.5,2023-02-16,26,0.1,20,0.5,0.5
2023-02-17 13:46:00,short,17892.5,2023-02-17 15:25:00,17946.15,EOD,-54.150000000001455,17997.9,17927.45,18040.441666666666,18077.025,19.455192307692304,1.5,2023-02-17,26,0.1,20,0.5,0.5
2023-02-20 13:34:00,short,17874.0,2023-02-20 14:04:00,17845.330769230768,TARGET,28.169230769231945,17979.45,17909.95,17950.241666666665,17959.425,19.446153846153848,1.5,2023-02-20,26,0.1,20,0.5,0.5
2023-02-21 12:36:00,short,17820.75,2023-02-21 15:25:00,17839.95,EOD,-19.700000000000728,17905.85,17858.85,17871.625,17911.375,19.45307692307692,1.5,2023-02-21,26,0.1,20,0.5,0.5
2023-02-22 09:53:00,short,17687.4,2023-02-22 10:43:00,17658.94925,TARGET,27.95074999999997,17772.5,17729.4,17847.166666666664,17862.6,19.300499999999996,1.5,2023-02-22,30,0.1,20,0.5,0.5
2023-02-24 10:53:00,short,17524.95,2023-02-24 11:43:00,17496.57875,TARGET,27.871250000000146,17599.75,17551.15,17523.074999999997,17537.725,19.247499999999988,1.5,2023-02-24,30,0.1,20,0.5,0.5
2023-02-27 10:11:00,short,17318.55,2023-02-27 15:25:00,17406.65,EOD,-88.60000000000218,17451.6,17358.4,17483.525,17510.775,19.22683333333333,1.5,2023-02-27,30,0.1,20,0.5,0.5
2023-02-28 13:32:00,short,17333.5,2023-02-28 14:00:00,17305.52225,TARGET,27.477749999998196,17438.8,17367.4,17375.3,17395.866666666665,18.985166666666665,1.5,2023-02-28,30,0.1,20,0.5,0.5
2023-03-01 14:08:00,long,17439.4,2023-03-01 15:25:00,17454.6,EOD,14.69999999999709,17410.3,17345.25,17317.108333333334,17347.825,18.949333333333332,1.5,2023-03-01,30,0.1,20,0.5,0.5
2023-03-02 13:46:00,short,17317.25,2023-03-02 15:25:00,17317.0,EOD,-0.25,17445.8,17363.0,17406.5,17438.9,33.833555555555606,1.5,2023-03-02,18,0.22,20,0.5,0.5
2023-03-03 10:45:00,long,17536.25,2023-03-03 13:33:00,17586.76525,TARGET,50.01525000000038,17487.1,17427.7,17336.300000000003,17375.9,34.010166666666684,1.5,2023-03-03,18,0.22,20,0.5,0.5
2023-03-08 15:08:00,long,17761.15,2023-03-08 15:25:00,17762.7,EOD,1.0499999999992724,17684.15,17602.25,17724.883333333335,17735.95,34.40005555555555,1.5,2023-03-08,18,0.22,20,0.5,0.5
2023-03-09 10:20:00,short,17675.75,2023-03-09 13:43:00,17624.152166666667,TARGET,51.097833333333256,17772.35,17717.1,17684.375,17736.924999999996,34.731888888888854,1.5,2023-03-09,18,0.22,20,0.5,0.5
2023-03-13 12:09:00,short,17339.85,2023-03-13 12:44:00,17286.620499999997,TARGET,52.72950000000128,17529.9,17386.95,17387.925,17410.341666666664,35.81966666666663,1.5,2023-03-13,18,0.22,20,0.5,0.5
2023-03-14 11:10:00,short,17062.75,2023-03-14 13:52:00,17004.718083333333,TARGET,57.5319166666668,17224.05,17112.4,17233.458333333336,17321.675000000003,39.021277777777755,1.5,2023-03-14,18,0.22,20,0.5,0.5
2023-03-15 12:20:00,short,17088.55,2023-03-15 12:25:00,17106.375,STOP,-18.325000000000728,17211.35,17149.45,17068.791666666664,17105.875,39.73016666666668,1.5,2023-03-15,18,0.22,20,0.5,0.5
2023-03-16 14:31:00,long,17050.55,2023-03-16 14:49:00,17003.708333333336,STOP,-47.341666666663514,16995.4,16891.05,17004.208333333336,17075.125,41.64905555555553,1.5,2023-03-16,18,0.22,20,0.5,0.5
2023-03-17 11:39:00,short,16997.1,2023-03-17 11:39:00,16982.200000000004,STOP,14.39999999999418,17145.8,17079.3,16956.300000000003,16981.700000000004,58.97249999999998,1.5,2023-03-17,14,0.3,20,0.5,0.5
2023-03-20 12:32:00,short,16857.2,2023-03-20 15:25:00,17004.2,EOD,-147.5,17057.55,16932.95,17051.975,17078.358333333337,59.18035714285706,1.5,2023-03-20,14,0.3,20,0.5,0.5
2023-03-23 10:23:00,long,17163.95,2023-03-23 10:25:00,17152.650000000005,STOP,-11.799999999995634,17101.35,17045.3,17153.150000000005,17157.55,38.32363333333334,1.5,2023-03-23,30,0.22,20,0.5,0.5
2023-03-24 15:22:00,short,16924.75,2023-03-24 15:25:00,16926.25,EOD,-2.0,17109.45,16994.9,17092.11666666667,17125.35,38.36433333333336,1.5,2023-03-24,30,0.22,20,0.5,0.5
2023-03-27 14:29:00,long,17084.15,2023-03-27 15:21:00,16954.466666666667,STOP,-130.1833333333343,17017.55,16918.55,16954.966666666667,17013.4,38.76766666666669,1.5,2023-03-27,30,0.22,20,0.5,0.5
2023-03-28 10:37:00,short,16949.05,2023-03-28 15:25:00,16955.2,EOD,-6.650000000001455,17061.75,17000.45,16981.99166666667,17004.775,25.895545454545477,1.5,2023-03-28,22,0.14,20,0.5,0.5
2023-03-29 15:10:00,long,17075.85,2023-03-29 15:24:00,17113.12,TARGET,36.77000000000044,17023.2,16976.65,16965.716666666667,16987.75,25.180000000000017,1.5,2023-03-29,28,0.14,20,0.5,0.5
2023-03-31 12:40:00,long,17314.65,2023-03-31 13:52:00,17354.409916666667,TARGET,39.25991666666596,17279.2,17204.65,17028.75,17086.416666666664,26.83994444444452,1.5,2023-03-31,18,0.14,20,0.5,0.5
2023-04-05 10:36:00,long,17508.8,2023-04-05 14:31:00,17546.20125,TARGET,36.90124999999898,17470.45,17402.7,17370.4,17391.566666666666,25.26750000000002,1.5,2023-04-05,28,0.14,20,0.5,0.5
2023-04-06 10:12:00,long,17576.8,2023-04-06 11:09:00,17615.974833333334,TARGET,38.67483333333439,17544.7,17511.55,17486.15,17538.816666666666,26.44988888888893,1.5,2023-04-06,18,0.14,20,0.5,0.5
2023-04-10 12:29:00,long,17683.15,2023-04-10 14:18:00,17608.3,STOP,-75.35000000000218,17651.7,17608.8,17570.775,17591.558333333334,25.96066666666672,1.5,2023-04-10,18,0.14,20,0.5,0.5
2023-04-11 10:24:00,long,17741.35,2023-04-11 12:21:00,17663.3,STOP,-78.54999999999927,17712.15,17663.8,17630.708333333336,17646.025,24.60050000000001,1.5,2023-04-11,28,0.14,20,0.5,0.5
2023-04-12 13:27:00,long,17808.45,2023-04-12 15:25:00,17820.25,EOD,11.299999999999272,17777.35,17717.25,17701.95,17719.283333333336,23.208500000000008,1.5,2023-04-12,18,0.14,20,0.5,0.5
2023-04-13 12:22:00,short,17740.05,2023-04-13 14:21:00,17804.833333333336,STOP,-65.28333333333649,17820.2,17767.95,17771.5,17804.333333333336,22.204777777777764,1.5,2023-04-13,18,0.14,20,0.5,0.5
2023-04-17 10:05:00,short,17585.05,2023-04-17 15:25:00,17707.45,EOD,-122.90000000000146,17771.05,17620.1,17785.9,17820.066666666666,20.96072222222223,1.5,2023-04-17,18,0.14,20,0.5,0.5
2023-04-18 10:12:00,short,17665.95,2023-04-18 10:46:00,17695.983333333334,STOP,-30.53333333333285,17755.8,17711.7,17672.55,17695.483333333334,31.241454545454555,1.5,2023-04-18,22,0.18,20,0.5,0.5
2023-04-21 10:28:00,short,17593.1,2023-04-21 13:07:00,17555.476,TARGET,37.123999999999796,17663.2,17628.8,17628.4,17634.4,25.416000000000064,1.5,2023-04-21,20,0.18,20,0.5,0.5
2023-04-24 15:09:00,long,17743.5,2023-04-24 15:25:00,17750.25,EOD,6.25,17709.2,17639.6,17608.575,17614.325,24.33645000000006,1.5,2023-04-24,20,0.18,20,0.5,0.5
2023-04-25 14:23:00,long,17801.25,2023-04-25 15:25:00,17766.2,EOD,-35.54999999999927,17767.05,17716.85,17682.25,17727.916666666664,24.586650000000052,1.5,2023-04-25,20,0.18,20,0.5,0.5
2023-04-26 12:46:00,long,17803.2,2023-04-26 15:25:00,17825.75,EOD,22.049999999999272,17776.0,17727.4,17762.15,17765.183333333334,24.507450000000055,1.5,2023-04-26,20,0.18,20,0.5,0.5
2023-04-27 13:24:00,long,17871.9,2023-04-27 15:08:00,17907.5665,TARGET,35.16649999999936,17833.0,17797.9,17769.225,17807.24166666667,24.111000000000033,1.5,2023-04-27,20,0.18,20,0.5,0.5
2023-04-28 14:39:00,long,17992.45,2023-04-28 15:01:00,18027.317975,TARGET,34.367975000001024,17957.95,17895.25,17864.375,17906.458333333336,23.578649999999985,1.5,2023-04-28,20,0.18,20,0.5,0.5
2023-05-04 11:06:00,long,18149.85,2023-05-04 13:04:00,18182.8219,TARGET,32.47190000000046,18123.45,18066.7,18079.375,18087.75833333333,22.31459999999995,1.5,2023-05-04,20,0.18,20,0.5,0.5
2023-05-05 10:46:00,long,18210.4,2023-05-05 11:07:00,18166.575,STOP,-44.32500000000073,18183.55,18104.9,18167.075,18223.425,22.528799999999972,1.5,2023-05-05,20,0.18,20,0.5,0.5
2023-05-08 10:31:00,long,18228.9,2023-05-08 11:53:00,18262.8169,TARGET,33.41690000000017,18192.45,18100.3,18089.56666666667,18136.2,22.94459999999998,1.5,2023-05-08,20,0.18,20,0.5,0.5
2023-05-09 14:08:00,short,18244.0,2023-05-09 14:08:00,18251.64166666667,STOP,-8.141666666670062,18318.75,18276.9,18193.625,18251.14166666667,23.12235000000001,1.5,2023-05-09,20,0.18,20,0.5,0.5
2023-05-10 10:05:00,short,18220.0,2023-05-10 11:47:00,18287.425000000003,STOP,-67.92500000000291,18323.15,18263.25,18269.175000000003,18286.925000000003,29.481833333333306,1.5,2023-05-10,12,0.22,20,0.5,0.5
2023-05-12 13:58:00,long,18329.2,2023-05-12 14:32:00,18313.816666666666,STOP,-15.883333333335031,18277.3,18195.05,18314.316666666666,18330.050000000003,39.52000000000001,1.5,2023-05-12,18,0.3,20,0.5,0.5
2023-05-15 11:30:00,long,18414.75,2023-05-15 15:25:00,18389.25,EOD,-26.0,18363.7,18287.9,18268.65,18300.316666666666,38.706666666666685,1.5,2023-05-15,18,0.3,20,0.5,0.5
2023-05-16 14:59:00,short,18319.85,2023-05-16 15:20:00,18273.434999999998,TARGET,45.91500000000087,18417.65,18360.9,18373.4,18384.300000000003,31.276666666666603,1.5,2023-05-16,12,0.22,20,0.5,0.5
2023-05-17 11:31:00,short,18206.45,2023-05-17 11:54:00,18159.475375,TARGET,46.47462499999892,18309.0,18255.3,18300.299999999996,18341.0,31.64975000000004,1.5,2023-05-17,12,0.22,20,0.5,0.5
2023-05-18 12:23:00,short,18202.25,2023-05-18 12:30:00,18212.675,STOP,-10.924999999999272,18297.2,18255.95,18197.19166666667,18212.175,31.462750000000028,1.5,2023-05-18,12,0.22,20,0.5,0.5
2023-05-22 11:46:00,long,18307.35,2023-05-22 15:25:00,18302.1,EOD,-5.75,18263.3,18178.85,18139.25,18183.716666666667,35.98400000000008,1.5,2023-05-22,22,0.26,20,0.5,0.5
2023-05-24 10:21:00,long,18365.05,2023-05-24 12:04:00,18342.725,STOP,-22.825000000000728,18323.85,18269.7,18343.225,18371.975,36.75868181818185,1.5,2023-05-24,22,0.26,20,0.5,0.5
2023-05-26 11:19:00,long,18414.3,2023-05-26 13:52:00,18469.229636363634,TARGET,54.42963636363493,18372.25,18333.15,18270.175000000003,18309.591666666667,36.9530909090909,1.5,2023-05-26,22,0.26,20,0.5,0.5
2023-05-31 11:53:00,short,18496.2,2023-05-31 15:25:00,18543.95,EOD,-48.25,18603.9,18551.35,18618.975,18636.591666666667,36.748636363636365,1.5,2023-05-31,22,0.26,20,0.5,0.5
2023-06-02 10:07:00,short,18491.9,2023-06-02 11:33:00,18522.925,STOP,-31.524999999997817,18573.7,18540.7,18496.975000000002,18522.425,36.19850000000001,1.5,2023-06-02,22,0.26,20,0.5,0.5
2023-06-06 10:50:00,short,18555.65,2023-06-06 12:06:00,18536.264750000002,TARGET,18.88524999999936,18613.05,18581.7,18602.358333333337,18611.475,13.256833333333345,1.5,2023-06-06,30,0.1,20,0.5,0.5
2023-06-07 14:24:00,long,18699.3,2023-06-07 15:00:00,18718.438,TARGET,18.63799999999901,18676.05,18636.0,18576.625,18603.74166666667,13.09200000000002,1.5,2023-06-07,30,0.1,20,0.5,0.5
2023-06-08 10:26:00,long,18765.9,2023-06-08 11:49:00,18722.9,STOP,-43.5,18752.2,18723.4,18687.475,18718.75833333333,13.133166666666682,1.5,2023-06-08,30,0.1,20,0.5,0.5
2023-06-09 09:43:00,short,18615.75,2023-06-09 13:24:00,18596.319,TARGET,18.931000000000495,18676.65,18635.85,18657.38333333333,18696.75,13.28733333333336,1.5,2023-06-09,30,0.1,20,0.5,0.5
2023-06-13 11:22:00,long,18712.1,2023-06-13 15:25:00,18723.45,EOD,10.850000000002183,18693.2,18641.95,18596.675,18603.091666666664,12.815000000000024,1.5,2023-06-13,30,0.1,20,0.5,0.5
2023-06-15 14:29:00,short,18702.25,2023-06-15 14:38:00,18683.4595,TARGET,18.290499999999156,18778.1,18721.75,18729.85,18744.316666666666,12.860333333333365,1.5,2023-06-15,30,0.1,20,0.5,0.5
2023-06-16 14:22:00,long,18808.0,2023-06-16 14:45:00,18826.412,TARGET,17.912000000000262,18767.95,18710.5,18699.191666666666,18731.574999999997,12.60800000000003,1.5,2023-06-16,30,0.1,20,0.5,0.5
2023-06-19 10:23:00,short,18807.35,2023-06-19 10:23:00,18809.433333333334,STOP,-2.5833333333357587,18881.45,18838.8,18787.6,18808.933333333334,12.5836666666667,1.5,2023-06-19,30,0.1,20,0.5,0.5
2023-06-20 15:14:00,long,18820.9,2023-06-20 15:25:00,18835.85,EOD,14.44999999999709,18761.2,18668.9,18768.23333333333,18800.300000000003,34.178666666666736,1.5,2023-06-20,24,0.28,20,0.5,0.5
2023-06-22 13:09:00,short,18792.3,2023-06-22 13:38:00,18848.25833333333,STOP,-56.45833333333212,18882.65,18830.9,18835.375,18847.75833333333,33.919090909090976,1.5,2023-06-22,22,0.3,20,0.5,0.5
2023-06-27 14:23:00,long,18782.85,2023-06-27 15:00:00,18800.61275,TARGET,17.262750000001688,18763.6,18730.75,18684.375,18689.658333333333,12.175166666666701,1.5,2023-06-27,30,0.1,20,0.5,0.5
2023-06-28 10:46:00,long,18920.4,2023-06-28 11:14:00,18937.971250000002,TARGET,17.071250000000873,18897.3,18861.35,18771.75,18802.049999999996,12.047500000000024,1.5,2023-06-28,30,0.1,20,0.5,0.5
2023-06-30 12:30:00,long,19125.55,2023-06-30 13:04:00,19142.9025,TARGET,16.852500000000873,19104.7,19024.6,18936.3,18967.499999999996,11.901666666666692,1.5,2023-06-30,30,0.1,20,0.5,0.5
2023-07-04 09:59:00,short,19307.95,2023-07-04 10:04:00,19322.975,STOP,-15.524999999997817,19413.5,19369.15,19287.625,19322.475,19.207999999999995,1.5,2023-07-04,16,0.16,20,0.5,0.5
2023-07-06 10:17:00,long,19444.3,2023-07-06 11:36:00,19468.0774,TARGET,23.277399999999034,19424.15,19373.0,19380.6,19401.13333333333,16.184933333333372,1.5,2023-07-06,30,0.14,20,0.5,0.5
2023-07-07 12:07:00,short,19375.2,2023-07-07 15:13:00,19327.0115,TARGET,47.688500000000204,19493.9,19421.6,19442.6,19478.933333333334,32.4590000000001,1.5,2023-07-07,30,0.28,20,0.5,0.5
2023-07-11 10:55:00,long,19491.45,2023-07-11 15:25:00,19445.2,EOD,-46.75,19466.6,19406.45,19368.125,19381.475,20.590666666666706,1.5,2023-07-11,12,0.16,20,0.5,0.5
2023-07-12 15:13:00,short,19369.4,2023-07-12 15:25:00,19367.3,EOD,1.6000000000021828,19507.7,19434.4,19450.725,19460.775,38.14625000000005,1.5,2023-07-12,12,0.3,20,0.5,0.5
2023-07-13 10:03:00,long,19540.6,2023-07-13 14:10:00,19448.85,STOP,-92.25,19496.35,19449.35,19390.175000000003,19436.925000000003,38.952499999999965,1.5,2023-07-13,12,0.3,20,0.5,0.5
2023-07-14 15:11:00,long,19553.0,2023-07-14 15:19:00,19578.12,TARGET,24.61999999999898,19520.4,19451.15,19447.4,19476.4,17.080000000000034,1.5,2023-07-14,30,0.14,20,0.5,0.5
2023-07-17 10:16:00,long,19630.9,2023-07-17 13:18:00,19661.169,TARGET,29.769000000000233,19601.95,19562.95,19514.425,19565.041666666668,20.51266666666665,1.5,2023-07-17,24,0.16,20,0.5,0.5
2023-07-18 11:57:00,short,19721.75,2023-07-18 11:57:00,19698.86666666667,STOP,22.383333333331393,19811.25,19751.85,19647.4,19698.36666666667,21.146333333333313,1.5,2023-07-18,24,0.16,20,0.5,0.5
2023-07-19 11:05:00,short,19755.25,2023-07-19 11:05:00,19755.325,STOP,-0.5750000000007276,19829.55,19785.8,19750.974999999995,19754.825,16.494749999999968,1.5,2023-07-19,16,0.12,20,0.5,0.5
2023-07-20 12:30:00,long,19877.75,2023-07-20 13:15:00,19902.4539375,TARGET,24.203937499998574,19844.0,19784.55,19785.65,19820.91666666667,16.80262499999996,1.5,2023-07-20,16,0.12,20,0.5,0.5
2023-07-21 12:31:00,short,19752.95,2023-07-21 14:52:00,19726.913500000002,TARGET,25.53649999999834,19887.4,19776.0,19875.125,19946.375,17.69099999999994,1.5,2023-07-21,16,0.12,20,0.5,0.5
2023-07-24 15:19:00,short,19664.95,2023-07-24 15:25:00,19670.25,EOD,-5.799999999999272,19762.9,19704.2,19778.56666666667,19793.7,17.97224999999994,1.5,2023-07-24,16,0.12,20,0.5,0.5
2023-07-25 13:27:00,short,19631.6,2023-07-25 15:25:00,19679.9,EOD,-48.80000000000291,19712.3,19673.95,19687.5,19723.0,17.540249999999922,1.5,2023-07-25,16,0.12,20,0.5,0.5
2023-07-26 10:01:00,long,19792.9,2023-07-26 10:14:00,19818.59675,TARGET,25.196749999999156,19763.05,19716.7,19664.125,19674.308333333334,17.464499999999934,1.5,2023-07-26,16,0.12,20,0.5,0.5
2023-07-27 10:49:00,short,19800.2,2023-07-27 10:49:00,19776.083333333336,STOP,23.61666666666497,19865.35,19821.65,19771.15,19775.583333333336,17.275124999999907,1.5,2023-07-27,16,0.12,20,0.5,0.5
2023-07-28 13:48:00,short,19569.8,2023-07-28 15:25:00,19638.35,EOD,-69.04999999999927,19695.9,19598.7,19709.016666666666,19735.55,18.640124999999905,1.5,2023-07-28,16,0.12,20,0.5,0.5
2023-07-31 11:32:00,long,19712.0,2023-07-31 15:00:00,19739.3881875,TARGET,26.88818750000064,19680.75,19597.6,19629.5,19635.066666666666,18.59212499999992,1.5,2023-07-31,16,0.12,20,0.5,0.5
2023-08-01 10:53:00,short,19729.0,2023-08-01 10:54:00,19733.325,STOP,-4.825000000000728,19795.6,19750.6,19685.175,19732.825,18.255749999999935,1.5,2023-08-01,16,0.12,20,0.5,0.5
2023-08-02 10:32:00,short,19584.65,2023-08-02 11:01:00,19557.966062500003,TARGET,26.183937499998137,19678.25,19622.95,19738.83333333333,19750.1,18.122624999999935,1.5,2023-08-02,16,0.12,20,0.5,0.5
2023-08-03 12:53:00,short,19378.4,2023-08-03 14:05:00,19306.91125,TARGET,70.98875000000044,19536.8,19439.05,19540.266666666663,19550.9,47.99249999999988,1.5,2023-08-03,14,0.3,20,0.5,0.5
2023-08-07 13:34:00,long,19598.7,2023-08-07 15:25:00,19599.2,EOD,0.0,19583.1,19524.8,19487.65,19504.75,14.772833333333317,1.5,2023-08-07,30,0.1,20,0.5,0.5
2023-08-08 11:18:00,short,19552.7,2023-08-08 14:24:00,19591.174999999996,STOP,-38.97499999999491,19634.4,19584.7,19572.625,19590.674999999996,14.727333333333313,1.5,2023-08-08,30,0.1,20,0.5,0.5
2023-08-09 10:25:00,short,19485.3,2023-08-09 14:51:00,19582.3,STOP,-97.5,19581.8,19506.45,19576.316666666666,19583.75,14.813833333333328,1.5,2023-08-09,30,0.1,20,0.5,0.5
2023-08-10 10:38:00,short,19520.45,2023-08-10 15:25:00,19552.8,EOD,-32.849999999998545,19615.8,19568.35,19556.5,19609.6,46.03607142857155,1.5,2023-08-10,14,0.3,20,0.5,0.5
2023-08-11 15:11:00,short,19416.35,2023-08-11 15:25:00,19434.55,EOD,-18.700000000000728,19557.75,19478.75,19554.700000000004,19559.5,44.767500000000034,1.5,2023-08-11,14,0.3,20,0.5,0.5
2023-08-14 14:53:00,long,19449.0,2023-08-14 14:53:00,19450.908333333333,STOP,1.4083333333328483,19392.0,19261.6,19451.408333333333,19486.125,45.276428571428596,1.5,2023-08-14,14,0.3,20,0.5,0.5
2023-08-16 15:08:00,long,19472.9,2023-08-16 15:25:00,19457.8,EOD,-15.600000000002183,19389.6,19317.2,19361.875,19403.191666666666,47.66785714285714,1.5,2023-08-16,14,0.3,20,0.5,0.5
2023-08-17 12:47:00,short,19341.3,2023-08-17 15:25:00,19364.35,EOD,-23.549999999999272,19461.55,19394.05,19399.975,19438.858333333337,45.62300000000004,1.5,2023-08-17,14,0.28,20,0.5,0.5
2023-08-24 12:07:00,short,19455.0,2023-08-24 12:07:00,19438.174999999996,STOP,16.325000000004366,19554.75,19509.5,19419.324999999997,19437.674999999996,38.325999999999986,1.5,2023-08-24,14,0.28,20,0.5,0.5
2023-08-30 15:12:00,short,19344.7,2023-08-30 15:25:00,19345.3,EOD,-1.0999999999985448,19440.15,19407.85,19343.5,19351.166666666664,37.73999999999993,1.5,2023-08-30,14,0.28,20,0.5,0.5
2023-08-31 13:20:00,short,19273.05,2023-08-31 15:22:00,19230.10653125,TARGET,42.44346874999974,19382.9,19317.95,19361.125,19393.775,28.96231249999998,1.5,2023-08-31,16,0.22,20,0.5,0.5
2023-09-01 12:41:00,long,19367.75,2023-09-01 13:48:00,19411.998,TARGET,43.74799999999959,19313.35,19255.7,19267.875,19305.925000000003,29.83199999999993,1.5,2023-09-01,16,0.22,20,0.5,0.5
2023-09-04 10:14:00,short,19457.55,2023-09-04 10:14:00,19409.975,STOP,47.07500000000073,19526.8,19494.3,19357.125,19409.475,30.17368749999991,1.5,2023-09-04,16,0.22,20,0.5,0.5
2023-09-06 12:47:00,short,19505.4,2023-09-06 15:00:00,19574.566666666666,STOP,-69.66666666666424,19599.45,19562.15,19556.4,19574.066666666666,28.71481249999998,1.5,2023-09-06,16,0.22,20,0.5,0.5
2023-09-07 14:08:00,long,19662.6,2023-09-07 14:37:00,19703.747031249997,TARGET,40.64703124999869,19621.1,19552.15,19560.925,19607.141666666666,27.7646875,1.5,2023-09-07,16,0.22,20,0.5,0.5
2023-09-08 12:13:00,long,19815.35,2023-09-08 14:16:00,19849.4244,TARGET,33.57440000000133,19791.45,19741.5,19643.525,19698.50833333333,23.049600000000016,1.5,2023-09-08,30,0.16,20,0.5,0.5
2023-09-11 11:50:00,long,19939.85,2023-09-11 14:50:00,19972.92,TARGET,32.56999999999971,19914.95,19865.35,19797.925000000003,19812.441666666666,22.38000000000002,1.5,2023-09-11,30,0.16,20,0.5,0.5
2023-09-12 09:53:00,short,19941.35,2023-09-12 10:04:00,19981.20833333333,STOP,-40.35833333332994,20110.35,20048.25,19936.725,19980.70833333333,22.43306666666667,1.5,2023-09-12,30,0.16,20,0.5,0.5
2023-09-13 12:27:00,long,20053.9,2023-09-13 13:10:00,20087.214,TARGET,32.81399999999849,20021.95,19944.1,19998.9,20012.5,22.542666666666648,1.5,2023-09-13,30,0.16,20,0.5,0.5
2023-09-14 11:49:00,short,20077.9,2023-09-14 11:49:00,20051.1,STOP,26.30000000000291,20158.55,20107.6,20020.5,20050.6,22.872266666666665,1.5,2023-09-14,30,0.16,20,0.5,0.5
2023-09-15 15:08:00,long,20203.5,2023-09-15 15:25:00,20167.25,EOD,-36.75,20173.15,20138.8,20104.65,20105.550000000003,24.948299999999993,1.5,2023-09-15,30,0.18,20,0.5,0.5
2023-09-18 10:14:00,long,20178.95,2023-09-18 11:05:00,20170.024999999998,STOP,-9.42500000000291,20161.3,20121.65,20170.524999999998,20176.075,13.365333333333329,1.5,2023-09-18,30,0.1,20,0.5,0.5
2023-09-20 11:56:00,short,19937.1,2023-09-20 13:52:00,19901.734549999997,TARGET,34.86545000000115,20050.65,19968.9,20139.741666666665,20156.425,23.910299999999996,1.5,2023-09-20,30,0.18,20,0.5,0.5
2023-09-21 10:08:00,short,19751.65,2023-09-21 14:50:00,19715.5992,TARGET,35.55080000000089,19848.75,19801.6,19926.216666666667,19964.75,24.367200000000004,1.5,2023-09-21,30,0.18,20,0.5,0.5
2023-09-22 10:06:00,short,19687.4,2023-09-22 12:01:00,19779.85,STOP,-92.94999999999709,19792.15,19719.8,19759.783333333333,19779.35,24.592199999999984,1.5,2023-09-22,30,0.18,20,0.5,0.5
2023-09-25 11:17:00,short,19617.85,2023-09-25 12:39:00,19714.15,STOP,-96.80000000000291,19713.65,19634.55,19701.491666666672,19728.075,13.539499999999997,1.5,2023-09-25,30,0.1,20,0.5,0.5
2023-09-27 13:30:00,long,19695.1,2023-09-27 15:25:00,19724.0,EOD,28.400000000001455,19649.55,19596.5,19666.466666666667,19668.4,31.879200000000008,1.5,2023-09-27,30,0.24,20,0.5,0.5
2023-09-28 11:17:00,short,19662.3,2023-09-28 12:26:00,19615.3562,TARGET,46.44380000000092,19766.65,19720.35,19642.35,19697.11666666667,31.62920000000004,1.5,2023-09-28,30,0.24,20,0.5,0.5
2023-09-29 11:46:00,long,19672.95,2023-09-29 15:25:00,19626.3,EOD,-47.150000000001455,19600.25,19551.05,19575.058333333334,19629.375,36.25109090909102,1.5,2023-09-29,22,0.26,20,0.5,0.5
2023-10-06 14:08:00,long,19665.35,2023-10-06 15:25:00,19652.3,EOD,-13.549999999999272,19624.0,19598.4,19532.125,19540.541666666664,34.564800000000105,1.5,2023-10-06,20,0.24,20,0.5,0.5
2023-10-10 12:15:00,long,19652.15,2023-10-10 13:43:00,19701.243000000002,TARGET,48.59300000000076,19607.35,19565.45,19512.475,19534.725,33.06200000000011,1.5,2023-10-10,12,0.24,20,0.5,0.5
2023-10-13 14:17:00,long,19781.45,2023-10-13 14:17:00,19798.058333333334,STOP,16.108333333333576,19736.6,19635.3,19798.558333333334,19807.975,30.915999999999983,1.5,2023-10-13,12,0.24,20,0.5,0.5
2023-10-18 11:18:00,short,19731.45,2023-10-18 12:31:00,19685.213,TARGET,45.73700000000099,19824.45,19774.8,19812.7,19818.633333333335,31.15800000000005,1.5,2023-10-18,14,0.24,20,0.5,0.5
2023-10-19 11:35:00,long,19646.15,2023-10-19 11:35:00,19692.416666666668,STOP,45.766666666666424,19573.05,19525.65,19692.916666666668,19750.45,31.23171428571432,1.5,2023-10-19,14,0.24,20,0.5,0.5
2023-10-23 10:24:00,short,19474.4,2023-10-23 13:12:00,19433.329,TARGET,40.57099999999991,19556.85,19514.6,19547.816666666666,19556.25,27.71399999999996,1.5,2023-10-23,14,0.24,20,0.5,0.5
2023-10-25 12:28:00,short,19212.45,2023-10-25 12:44:00,19159.580589285713,TARGET,52.36941071428737,19336.3,19259.55,19312.783333333333,19407.35,35.57960714285719,1.5,2023-10-25,28,0.26,20,0.5,0.5
2023-10-26 10:22:00,short,18893.35,2023-10-26 15:25:00,18860.25,EOD,32.599999999998545,19041.7,18956.05,19149.608333333337,19210.725,36.29878571428577,1.5,2023-10-26,28,0.26,20,0.5,0.5
2023-10-27 11:40:00,long,19031.25,2023-10-27 15:25:00,19049.7,EOD,17.950000000000728,18993.95,18926.65,18887.333333333336,18942.5,36.163800000000016,1.5,2023-10-27,20,0.24,20,0.5,0.5
2023-10-30 12:08:00,long,19121.3,2023-10-30 15:25:00,19142.8,EOD,21.0,19083.7,18964.85,19001.4,19033.933333333334,35.83740000000001,1.5,2023-10-30,20,0.24,20,0.5,0.5
2023-11-01 15:19:00,short,18978.9,2023-11-01 15:25:00,18985.55,EOD,-7.149999999997817,19096.05,19032.6,19100.958333333332,19145.075,36.857454545454566,1.5,2023-11-01,22,0.24,20,0.5,0.5
2023-11-06 14:59:00,long,19385.6,2023-11-06 15:14:00,19415.64825,TARGET,29.548249999999825,19357.35,19309.7,19231.625000000004,19243.575,20.365499999999955,1.5,2023-11-06,12,0.12,20,0.5,0.5
2023-11-10 12:52:00,long,19406.7,2023-11-10 12:52:00,19406.10833333333,STOP,-1.0916666666707897,19366.0,19329.45,19406.60833333333,19421.125,28.313888888888894,1.5,2023-11-10,18,0.2,20,0.5,0.5
2023-11-13 10:43:00,short,19419.0,2023-11-13 10:48:00,19425.700000000004,STOP,-7.200000000004366,19494.4,19440.9,19387.300000000003,19425.200000000004,15.027000000000044,1.5,2023-11-13,12,0.12,20,0.5,0.5
2023-11-16 09:59:00,long,19695.35,2023-11-16 10:05:00,19716.6255,TARGET,20.775499999999738,19678.75,19627.0,19635.300000000003,19671.26666666667,14.517000000000044,1.5,2023-11-16,14,0.12,20,0.5,0.5
2023-11-28 15:19:00,long,19897.65,2023-11-28 15:25:00,19907.9,EOD,9.75,19848.05,19806.3,19800.85,19800.983333333337,38.02772727272733,1.5,2023-11-28,22,0.3,20,0.5,0.5
2023-11-29 12:24:00,long,20034.65,2023-11-29 14:47:00,20085.381375,TARGET,50.23137499999939,19996.7,19956.3,19854.65,19890.483333333337,34.15425000000007,1.5,2023-11-29,20,0.3,20,0.5,0.5
2023-11-30 10:01:00,short,20040.5,2023-11-30 10:43:00,20077.591666666667,STOP,-37.59166666666715,20136.15,20101.4,20030.475,20077.091666666667,33.15600000000008,1.5,2023-11-30,20,0.3,20,0.5,0.5
2023-12-01 11:34:00,long,20276.9,2023-12-01 15:25:00,20266.7,EOD,-10.700000000000728,20238.45,20183.7,20086.725,20132.375,32.62350000000008,1.5,2023-12-01,20,0.3,20,0.5,0.5
2023-12-04 14:17:00,long,20647.65,2023-12-04 15:01:00,20695.759000000002,TARGET,47.60900000000038,20602.5,20507.75,20237.625,20257.341666666667,32.40600000000008,1.5,2023-12-04,20,0.3,20,0.5,0.5
2023-12-05 15:11:00,long,20856.75,2023-12-05 15:25:00,20858.45,EOD,1.2000000000007276,20813.1,20711.15,20605.2,20658.93333333333,33.66300000000012,1.5,2023-12-05,20,0.3,20,0.5,0.5
2023-12-08 13:46:00,short,20876.95,2023-12-08 14:06:00,20908.975,STOP,-32.52499999999782,20972.75,20932.55,20896.025,20908.475,34.9845000000001,1.5,2023-12-08,20,0.3,20,0.5,0.5
2023-12-12 14:01:00,short,20952.85,2023-12-12 14:42:00,20898.682875,TARGET,53.66712499999994,21037.9,21001.85,20974.9,20987.033333333333,36.444749999999964,1.5,2023-12-12,20,0.3,20,0.5,0.5
2023-12-13 10:28:00,short,20820.15,2023-12-13 15:23:00,20936.5,STOP,-116.84999999999854,20936.0,20877.35,20923.24166666667,20952.525,37.270499999999956,1.5,2023-12-13,20,0.3,20,0.5,0.5
2023-12-14 10:04:00,long,21175.7,2023-12-14 13:33:00,21208.509000000002,TARGET,32.309000000001106,21148.45,21074.45,20857.05,20914.150000000005,22.20599999999995,1.5,2023-12-14,18,0.18,20,0.5,0.5
2023-12-15 10:20:00,long,21334.7,2023-12-15 14:50:00,21367.4775,TARGET,32.277500000000146,21298.15,21249.8,21142.675000000003,21185.39166666667,22.184999999999963,1.5,2023-12-15,18,0.18,20,0.5,0.5
2023-12-19 09:48:00,short,21377.1,2023-12-19 10:08:00,21342.595175,TARGET,34.00482499999998,21480.0,21418.4,21412.458333333336,21424.074999999997,23.336549999999974,1.5,2023-12-19,20,0.18,20,0.5,0.5
2023-12-20 13:17:00,short,21462.1,2023-12-20 13:17:00,21442.566666666666,STOP,19.03333333333285,21580.7,21525.15,21421.4,21442.066666666666,24.775499999999955,1.5,2023-12-20,18,0.18,20,0.5,0.5
2023-12-21 10:24:00,long,21140.2,2023-12-21 10:24:00,21196.61666666667,STOP,55.91666666666788,21091.0,20976.8,21197.11666666667,21355.25,28.64649999999994,1.5,2023-12-21,18,0.18,20,0.5,0.5
2023-12-22 10:34:00,long,21349.7,2023-12-22 13:49:00,21247.65,STOP,-102.54999999999927,21313.05,21248.15,21124.574999999997,21216.458333333336,30.961999999999932,1.5,2023-12-22,18,0.18,20,0.5,0.5
2023-12-26 10:12:00,long,21423.65,2023-12-26 10:39:00,21460.0435,TARGET,35.89349999999831,21389.65,21329.45,21311.475,21324.25833333333,24.595666666666634,1.5,2023-12-26,24,0.16,20,0.5,0.5
2023-12-27 10:35:00,long,21571.3,2023-12-27 15:01:00,21608.310999999998,TARGET,36.5109999999986,21544.5,21495.8,21403.300000000003,21434.63333333334,25.0073333333333,1.5,2023-12-27,24,0.16,20,0.5,0.5
2023-12-28 15:22:00,long,21792.0,2023-12-28 15:25:00,21794.95,EOD,2.4500000000007276,21745.6,21699.75,21584.8,21638.866666666665,26.5014545454545,1.5,2023-12-28,22,0.16,20,0.5,0.5
2024-01-01 14:05:00,long,21780.7,2024-01-01 14:44:00,21815.843825,TARGET,34.6438249999992,21737.35,21684.05,21723.6,21726.033333333333,23.762549999999937,1.5,2024-01-01,20,0.14,20,0.5,0.5
2024-01-02 10:04:00,short,21650.4,2024-01-02 10:26:00,21610.2092,TARGET,39.69080000000031,21755.6,21699.0,21709.63333333333,21757.6,27.12719999999996,1.5,2024-01-02,30,0.18,20,0.5,0.5
2024-01-03 10:27:00,short,21565.45,2024-01-03 12:24:00,21529.773825,TARGET,35.17617500000051,21677.0,21594.45,21655.625,21660.24166666667,24.117449999999916,1.5,2024-01-03,20,0.14,20,0.5,0.5
2024-01-04 12:31:00,long,21665.8,2024-01-04 15:25:00,21667.9,EOD,1.6000000000021828,21624.8,21564.55,21542.225000000002,21588.675,24.28369999999994,1.5,2024-01-04,20,0.14,20,0.5,0.5
2024-01-05 14:11:00,short,21656.5,2024-01-05 14:11:00,21652.89166666667,STOP,3.108333333329938,21749.6,21698.2,21620.375,21652.39166666667,28.259399999999964,1.5,2024-01-05,30,0.18,20,0.5,0.5
2024-01-08 10:59:00,short,21634.35,2024-01-08 11:53:00,21592.472599999997,TARGET,41.37740000000122,21763.95,21695.3,21689.4,21703.733333333337,28.251599999999947,1.5,2024-01-08,30,0.18,20,0.5,0.5
2024-01-09 12:30:00,long,21704.95,2024-01-09 14:17:00,21631.7,STOP,-73.75,21673.65,21632.2,21550.64166666667,21628.425000000003,29.347499999999936,1.5,2024-01-09,30,0.18,20,0.5,0.5
2024-01-10 15:04:00,long,21640.95,2024-01-10 15:25:00,21628.85,EOD,-12.600000000002183,21564.5,21448.65,21575.88333333333,21621.15,30.203099999999946,1.5,2024-01-10,30,0.18,20,0.5,0.5
2024-01-11 14:17:00,short,21597.85,2024-01-11 14:17:00,21601.816666666666,STOP,-4.466666666667152,21726.5,21683.0,21545.25,21601.316666666666,30.706499999999934,1.5,2024-01-11,30,0.18,20,0.5,0.5
2024-01-12 10:41:00,long,21822.9,2024-01-12 12:54:00,21847.910750000003,TARGET,24.51075000000128,21789.15,21715.15,21654.00833333333,21660.125,17.007166666666624,1.5,2024-01-12,30,0.1,20,0.5,0.5
2024-01-16 11:02:00,long,22112.25,2024-01-16 13:06:00,22036.375,STOP,-76.375,22088.2,22029.2,22036.875,22084.891666666663,17.374333333333293,1.5,2024-01-16,30,0.1,20,0.5,0.5
2024-01-17 14:35:00,short,21609.8,2024-01-17 14:41:00,21584.44125,TARGET,24.858749999999418,21851.5,21636.95,22037.125,22046.975,17.23916666666663,1.5,2024-01-17,30,0.1,20,0.5,0.5
2024-01-18 09:44:00,short,21383.95,2024-01-18 09:47:00,21357.8505,TARGET,25.599500000000262,21474.4,21406.35,21614.324999999997,21700.975,17.73299999999997,1.5,2024-01-18,30,0.1,20,0.5,0.5
2024-01-20 12:42:00,short,21588.5,2024-01-20 12:56:00,21632.999999999996,STOP,-44.99999999999636,21720.3,21650.65,21622.8,21632.499999999996,18.335416666666667,1.5,2024-01-20,12,0.1,20,0.5,0.5
2024-01-23 10:06:00,short,21635.75,2024-01-23 10:06:00,21631.55,STOP,3.7000000000007276,21749.25,21700.5,21599.05,21631.05,18.892499999999988,1.5,2024-01-23,12,0.1,20,0.5,0.5
2024-01-24 09:54:00,long,21315.1,2024-01-24 09:54:00,21329.475,STOP,13.875,21270.15,21137.2,21329.975,21471.125,22.52458333333334,1.5,2024-01-24,12,0.1,20,0.5,0.5
2024-01-25 10:24:00,short,21294.85,2024-01-25 10:55:00,21264.704999999998,TARGET,29.645000000000437,21459.0,21372.05,21308.050000000003,21418.816666666666,20.42999999999999,1.5,2024-01-25,30,0.1,20,0.5,0.5
2024-01-29 10:44:00,long,21602.75,2024-01-29 11:04:00,21636.986875,TARGET,33.73687499999869,21560.35,21429.6,21353.025,21369.641666666663,23.157916666666676,1.5,2024-01-29,12,0.1,20,0.5,0.5
2024-01-30 14:13:00,short,21654.1,2024-01-30 14:29:00,21618.111875,TARGET,35.488124999999854,21813.05,21689.1,21596.25,21704.316666666666,24.325416666666722,1.5,2024-01-30,12,0.1,20,0.5,0.5
2024-01-31 10:14:00,long,21603.85,2024-01-31 10:36:00,21642.069375,TARGET,37.71937500000058,21548.1,21448.85,21569.975000000002,21657.425,25.812916666666723,1.5,2024-01-31,12,0.1,20,0.5,0.5
2024-02-02 11:21:00,long,22029.95,2024-02-02 11:31:00,22062.438000000002,TARGET,31.988000000001193,21963.45,21812.0,21712.716666666667,21745.85,21.992000000000008,1.5,2024-02-02,30,0.1,20,0.5,0.5
2024-02-05 14:50:00,short,21763.9,2024-02-05 15:25:00,21768.05,EOD,-4.649999999997817,21921.15,21833.4,21887.225000000002,21966.175,28.084166666666718,1.5,2024-02-05,12,0.1,20,0.5,0.5
2024-02-06 11:41:00,long,21882.5,2024-02-06 13:30:00,21923.33,TARGET,40.330000000001746,21844.6,21737.55,21793.575000000004,21845.625,27.553333333333377,1.5,2024-02-06,12,0.1,20,0.5,0.5
2024-02-07 11:30:00,short,21926.25,2024-02-07 11:30:00,21913.658333333333,STOP,12.091666666667152,22053.3,21975.9,21844.475,21913.158333333333,27.220000000000045,1.5,2024-02-07,12,0.1,20,0.5,0.5
2024-02-08 10:23:00,short,21914.65,2024-02-08 10:27:00,21957.225,STOP,-43.07499999999709,22011.05,21959.55,21945.97499999999,21956.725,28.032916666666708,1.5,2024-02-08,12,0.1,20,0.5,0.5
2024-02-12 10:26:00,short,21643.35,2024-02-12 15:25:00,21632.5,EOD,10.349999999998545,21831.7,21764.0,21717.175000000003,21757.25833333334,58.136,1.5,2024-02-12,30,0.26,20,0.5,0.5
2024-02-13 11:11:00,long,21736.2,2024-02-13 12:14:00,21655.24166666667,STOP,-81.45833333333212,21678.05,21543.35,21655.74166666667,21703.225,54.97240000000002,1.5,2024-02-13,30,0.24,20,0.5,0.5
2024-02-14 12:33:00,long,21669.5,2024-02-14 12:50:00,21654.574999999997,STOP,-15.42500000000291,21600.65,21530.2,21655.074999999997,21709.824999999997,26.18944444444448,1.5,2024-02-14,18,0.1,20,0.5,0.5
2024-02-16 13:11:00,long,22058.7,2024-02-16 15:25:00,22028.05,EOD,-31.150000000001455,22024.15,21976.6,21874.324999999997,21908.841666666667,26.069000000000017,1.5,2024-02-16,20,0.1,20,0.5,0.5
2024-02-19 14:28:00,long,22184.4,2024-02-19 15:25:00,22124.75,EOD,-60.150000000001455,22107.6,22049.7,22018.800000000003,22025.300000000003,56.42120000000001,1.5,2024-02-19,30,0.24,20,0.5,0.5
2024-02-20 15:10:00,long,22199.45,2024-02-20 15:25:00,22210.75,EOD,10.799999999999272,22111.35,22056.6,22103.85,22118.11666666667,56.782800000000044,1.5,2024-02-20,30,0.24,20,0.5,0.5
2024-02-21 14:30:00,short,22059.15,2024-02-21 15:25:00,22033.2,EOD,25.450000000000728,22234.65,22189.8,22130.025,22184.175000000003,64.44208333333341,1.5,2024-02-21,24,0.26,20,0.5,0.5
2024-02-22 11:04:00,short,21897.6,2024-02-22 14:00:00,22094.8,STOP,-197.70000000000073,22094.3,21966.85,22063.025,22123.675000000003,50.44954545454553,1.5,2024-02-22,22,0.2,20,0.5,0.5
2024-02-28 11:01:00,short,22055.05,2024-02-28 13:07:00,21965.152062499998,TARGET,89.39793750000172,22226.3,22184.35,22151.95,22180.983333333326,60.265291666666755,1.5,2024-02-28,24,0.26,20,0.5,0.5
2024-03-01 10:33:00,long,22204.25,2024-03-01 11:38:00,22293.23225,TARGET,88.48225000000093,22138.5,22047.75,21955.125,22017.308333333327,59.6548333333334,1.5,2024-03-01,24,0.26,20,0.5,0.5
2024-03-06 14:38:00,long,22456.25,2024-03-06 15:25:00,22482.9,EOD,26.150000000001455,22353.8,22289.4,22343.025,22352.574999999997,71.52400000000009,1.5,2024-03-06,30,0.3,20,0.5,0.5
2024-03-11 12:14:00,short,22373.05,2024-03-11 15:25:00,22318.55,EOD,54.0,22526.6,22460.95,22477.825,22480.508333333335,59.195000000000135,1.5,2024-03-11,18,0.3,20,0.5,0.5
2024-03-13 11:08:00,short,22251.2,2024-03-13 11:30:00,22163.25390625,TARGET,87.44609375000073,22446.75,22323.55,22343.52500000001,22354.275,58.96406250000013,1.5,2024-03-13,16,0.3,20,0.5,0.5
2024-03-14 11:39:00,long,22142.35,2024-03-14 15:25:00,22143.5,EOD,0.6500000000014552,22027.8,21917.5,22039.3,22176.2,66.00468750000006,1.5,2024-03-14,16,0.3,20,0.5,0.5
2024-03-15 10:37:00,short,21962.7,2024-03-15 15:25:00,22027.8,EOD,-65.59999999999854,22120.9,22045.0,22061.05,22116.350000000002,68.23125,1.5,2024-03-15,16,0.3,20,0.5,0.5
2024-03-19 11:09:00,short,21847.05,2024-03-19 15:25:00,21812.85,EOD,33.70000000000073,21978.3,21922.05,22020.125,22040.575000000004,63.87468750000002,1.5,2024-03-19,16,0.3,20,0.5,0.5
2024-03-20 10:37:00,short,21763.95,2024-03-20 12:51:00,21886.199999999997,STOP,-122.74999999999636,21891.7,21831.35,21836.800000000003,21885.699999999997,64.41700000000006,1.5,2024-03-20,14,0.28,20,0.5,0.5
2024-03-22 10:36:00,long,22053.85,2024-03-22 14:44:00,22154.071249999997,TARGET,99.72124999999869,21977.8,21883.3,22011.125,22026.441666666673,67.14750000000008,1.5,2024-03-22,16,0.3,20,0.5,0.5
2024-03-27 11:24:00,long,22165.9,2024-03-27 15:25:00,22147.8,EOD,-18.600000000002183,22118.25,22052.85,22010.375,22011.158333333333,42.784666666666745,1.5,2024-03-27,30,0.2,20,0.5,0.5
2024-03-28 09:56:00,long,22304.25,2024-03-28 10:42:00,22366.765,TARGET,62.01499999999942,22224.75,22173.85,22123.225,22139.941666666666,42.010000000000076,1.5,2024-03-28,30,0.2,20,0.5,0.5
2024-04-03 10:28:00,long,22453.25,2024-04-03 10:46:00,22442.375,STOP,-11.375,22408.05,22346.5,22442.875,22458.125,40.881000000000085,1.5,2024-04-03,30,0.2,20,0.5,0.5
2024-04-04 10:02:00,short,22421.35,2024-04-04 10:06:00,22442.366666666665,STOP,-21.516666666666424,22619.0,22465.9,22433.8,22441.866666666665,41.380333333333404,1.5,2024-04-04,30,0.2,20,0.5,0.5
2024-04-08 12:34:00,long,22665.15,2024-04-08 15:25:00,22667.75,EOD,2.099999999998545,22612.1,22550.35,22482.6,22515.666666666664,41.98866666666672,1.5,2024-04-08,30,0.2,20,0.5,0.5
2024-04-12 12:44:00,short,22579.55,2024-04-12 15:04:00,22518.938928571428,TARGET,60.11107142857145,22726.45,22657.2,22724.7,22739.833333333332,40.74071428571435,1.5,2024-04-12,28,0.2,20,0.5,0.5
2024-04-15 10:59:00,long,22425.05,2024-04-15 10:59:00,22548.1,STOP,122.54999999999927,22373.55,22283.0,22548.6,22618.5,21.629625000000058,1.5,2024-04-15,16,0.12,20,0.5,0.5
2024-04-18 10:20:00,short,22159.3,2024-04-18 10:20:00,22160.033333333333,STOP,-1.2333333333335759,22270.65,22209.2,22146.6,22159.533333333333,23.653800000000032,1.5,2024-04-18,30,0.12,20,0.5,0.5
2024-04-19 11:33:00,long,21911.8,2024-04-19 11:33:00,22073.566666666666,STOP,161.26666666666642,21869.5,21777.65,22074.066666666666,22144.1,22.540500000000037,1.5,2024-04-19,16,0.12,20,0.5,0.5
2024-04-24 10:43:00,long,22472.25,2024-04-24 14:34:00,22399.35,STOP,-73.40000000000146,22431.0,22399.85,22372.275,22400.625,29.236038461538477,1.5,2024-04-24,26,0.14,20,0.5,0.5
2024-04-25 10:20:00,long,22462.7,2024-04-25 10:46:00,22416.20833333333,STOP,-46.991666666672245,22373.95,22305.25,22416.70833333333,22430.225,37.632857142857134,1.5,2024-04-25,14,0.2,20,0.5,0.5
2024-04-26 10:14:00,short,22537.65,2024-04-26 10:14:00,22531.933333333327,STOP,5.216666666674428,22615.5,22575.35,22465.6,22531.433333333327,29.213500000000025,1.5,2024-04-26,28,0.14,20,0.5,0.5
2024-04-29 12:29:00,long,22570.6,2024-04-29 13:37:00,22611.586625,TARGET,40.48662500000137,22532.5,22468.8,22462.808333333334,22500.525,27.657750000000036,1.5,2024-04-29,28,0.14,20,0.5,0.5
2024-04-30 10:53:00,long,22761.1,2024-04-30 15:00:00,22661.3,STOP,-100.29999999999927,22704.9,22661.8,22548.85,22608.84999999999,39.98642857142856,1.5,2024-04-30,14,0.2,20,0.5,0.5
2024-05-02 11:40:00,long,22697.95,2024-05-02 15:25:00,22651.95,EOD,-46.5,22668.4,22580.6,22610.958333333336,22675.875,22.952699999999957,1.5,2024-05-02,20,0.12,20,0.5,0.5
2024-05-03 10:13:00,short,22689.4,2024-05-03 10:13:00,22650.650000000005,STOP,38.24999999999636,22794.7,22757.4,22645.55,22650.150000000005,23.118899999999964,1.5,2024-05-03,20,0.12,20,0.5,0.5
2024-05-06 10:05:00,short,22462.1,2024-05-06 13:29:00,22424.88685,TARGET,36.71314999999959,22588.8,22497.2,22507.058333333327,22571.375,25.14209999999999,1.5,2024-05-06,20,0.12,20,0.5,0.5
2024-05-07 10:07:00,short,22396.6,2024-05-07 10:25:00,22359.3441,TARGET,36.75590000000011,22499.05,22441.4,22462.674999999996,22499.125,25.170599999999993,1.5,2024-05-07,20,0.12,20,0.5,0.5
2024-05-08 12:15:00,long,22328.25,2024-05-08 12:15:00,22326.383333333328,STOP,-2.366666666672245,22282.65,22185.6,22326.883333333328,22365.55,24.881399999999985,1.5,2024-05-08,20,0.12,20,0.5,0.5
2024-05-09 10:20:00,short,22197.55,2024-05-09 10:22:00,22160.06685,TARGET,36.98315000000002,22307.75,22233.65,22276.925000000003,22299.54166666667,25.322099999999992,1.5,2024-05-09,20,0.12,20,0.5,0.5
2024-05-10 10:00:00,long,22109.95,2024-05-10 12:26:00,22005.191666666662,STOP,-105.25833333333867,22056.1,21950.3,22005.691666666662,22120.075,27.474999999999962,1.5,2024-05-10,12,0.12,20,0.5,0.5
2024-05-13 10:04:00,short,21842.8,2024-05-13 13:53:00,22049.8,STOP,-207.5,22067.3,21892.4,22040.8,22049.3,26.841599999999968,1.5,2024-05-13,20,0.12,20,0.5,0.5
2024-05-14 14:06:00,long,22260.4,2024-05-14 15:25:00,22218.85,EOD,-42.05000000000291,22182.7,22095.15,21975.875,22075.891666666663,71.20983333333331,1.5,2024-05-14,12,0.28,20,0.5,0.5
2024-05-15 10:37:00,short,22167.15,2024-05-15 11:00:00,22205.283333333326,STOP,-38.63333333332412,22278.55,22241.6,22175.65,22204.783333333326,68.1321666666666,1.5,2024-05-15,12,0.28,20,0.5,0.5
2024-05-16 10:54:00,short,22164.55,2024-05-16 12:09:00,22225.15,STOP,-61.10000000000218,22330.0,22255.55,22208.65000000001,22224.65,66.16866666666657,1.5,2024-05-16,12,0.28,20,0.5,0.5
2024-05-23 10:28:00,long,22698.85,2024-05-23 12:29:00,22795.334,TARGET,95.98400000000038,22623.4,22577.45,22553.875,22597.791666666664,64.65599999999992,1.5,2024-05-23,14,0.28,20,0.5,0.5
2024-05-30 11:36:00,short,22557.95,2024-05-30 14:37:00,22471.4645625,TARGET,85.98543749999953,22705.75,22617.25,22724.291666666664,22755.475,57.99029166666656,1.5,2024-05-30,24,0.26,20,0.5,0.5
2024-06-04 11:09:00,short,22188.8,2024-06-04 11:09:00,22100.5156875,TARGET,87.78431249999994,23159.45,22389.85,23200.5,23256.033333333333,59.189541666666564,1.5,2024-06-04,24,0.26,20,0.5,0.5
2024-06-05 11:10:00,long,22312.15,2024-06-05 11:30:00,22427.475937500003,TARGET,114.8259375000016,22131.6,21791.95,22023.283333333336,22220.45,77.2172916666666,1.5,2024-06-05,24,0.26,20,0.5,0.5
2024-06-07 11:14:00,long,23076.35,2024-06-07 14:16:00,23262.129374999997,TARGET,185.27937499999825,22943.35,22789.05,22776.375,22829.725,124.18625,1.5,2024-06-07,12,0.3,20,0.5,0.5
2024-06-21 12:49:00,short,23451.7,2024-06-21 14:03:00,23564.7,STOP,-113.5,23667.1,23594.1,23533.3,23564.2,121.59375000000009,1.5,2024-06-21,12,0.3,20,0.5,0.5
2024-06-24 11:33:00,long,23531.9,2024-06-24 11:42:00,23500.783333333326,STOP,-31.616666666675883,23439.2,23351.5,23501.283333333326,23532.65,81.36625000000004,1.5,2024-06-24,12,0.3,20,0.5,0.5
2024-06-25 15:18:00,long,23732.35,2024-06-25 15:25:00,23736.95,EOD,4.100000000002183,23603.65,23571.05,23454.05,23516.749999999996,114.44464285714285,1.5,2024-06-25,14,0.3,20,0.5,0.5
2024-06-26 11:55:00,long,23824.6,2024-06-26 15:25:00,23864.6,EOD,39.5,23749.5,23670.45,23658.1,23711.0,62.72124999999996,1.5,2024-06-26,12,0.3,20,0.5,0.5
2024-06-27 10:10:00,long,23953.45,2024-06-27 12:51:00,24035.343125,TARGET,81.39312499999869,23887.45,23805.4,23780.175000000003,23836.79166666667,54.928749999999944,1.5,2024-06-27,12,0.3,20,0.5,0.5
2024-06-28 15:20:00,short,23993.4,2024-06-28 15:25:00,24006.8,EOD,-13.899999999997817,24137.5,24062.85,23946.425000000003,24025.708333333336,57.36374999999989,1.5,2024-06-28,12,0.3,20,0.5,0.5
2024-07-01 12:26:00,long,24120.5,2024-07-01 15:25:00,24138.05,EOD,17.049999999999272,24060.15,23992.7,24030.833333333336,24079.9,57.49874999999993,1.5,2024-07-01,12,0.3,20,0.5,0.5
2024-07-05 15:15:00,long,24343.95,2024-07-05 15:25:00,24324.4,EOD,-20.049999999999272,24260.95,24170.35,24318.666666666664,24341.0,55.17399999999997,1.5,2024-07-05,12,0.28,20,0.5,0.5
2024-07-09 13:06:00,long,24409.4,2024-07-09 15:25:00,24426.15,EOD,16.25,24373.55,24331.9,24291.275,24324.091666666667,28.5189285714286,1.5,2024-07-09,28,0.1,20,0.5,0.5
2024-07-10 10:16:00,short,24344.2,2024-07-10 10:22:00,24287.76125,TARGET,55.938750000001164,24461.05,24383.6,24387.75,24413.683333333327,37.95916666666667,1.5,2024-07-10,12,0.22,20,0.5,0.5
2024-07-12 11:05:00,long,24565.15,2024-07-12 15:25:00,24497.9,EOD,-67.75,24440.75,24342.45,24298.2,24333.533333333336,29.301599999999976,1.5,2024-07-12,20,0.16,20,0.5,0.5
2024-07-18 09:57:00,long,24649.25,2024-07-18 10:49:00,24616.416666666668,STOP,-33.33333333333212,24585.95,24515.75,24616.916666666668,24624.45,29.97599999999997,1.5,2024-07-18,20,0.16,20,0.5,0.5
2024-07-19 10:45:00,short,24690.95,2024-07-19 11:00:00,24645.4996,TARGET,44.95040000000154,24854.8,24727.75,24671.1,24759.466666666674,30.63359999999998,1.5,2024-07-19,20,0.16,20,0.5,0.5
2024-07-22 10:11:00,long,24548.25,2024-07-22 10:11:00,24579.791666666664,STOP,31.04166666666424,24485.3,24362.3,24580.291666666664,24681.475,31.95559999999995,1.5,2024-07-22,20,0.16,20,0.5,0.5
2024-07-23 10:20:00,short,24451.7,2024-07-23 11:02:00,24500.216666666667,STOP,-49.016666666666424,24582.55,24502.6,24478.75,24499.716666666667,48.53679999999996,1.5,2024-07-23,30,0.24,20,0.5,0.5
2024-07-24 12:25:00,short,24332.0,2024-07-24 14:31:00,24423.158333333333,STOP,-91.65833333333285,24493.55,24405.6,24328.375,24422.658333333333,60.44299999999992,1.5,2024-07-24,30,0.3,20,0.5,0.5
2024-07-25 11:55:00,long,24362.0,2024-07-25 11:55:00,24405.25,STOP,42.75,24276.45,24210.8,24405.75,24426.950000000004,60.5664999999999,1.5,2024-07-25,30,0.3,20,0.5,0.5
2024-07-26 10:08:00,long,24580.8,2024-07-26 12:31:00,24671.638,TARGET,90.33799999999974,24494.2,24410.9,24318.475,24380.391666666663,60.891999999999925,1.5,2024-07-26,30,0.3,20,0.5,0.5
2024-07-29 14:07:00,short,24823.95,2024-07-29 14:07:00,24765.566666666673,STOP,57.883333333327755,24980.45,24897.8,24632.0,24765.066666666673,63.8539999999999,1.5,2024-07-29,30,0.3,20,0.5,0.5
2024-07-30 11:05:00,long,24931.9,2024-07-30 15:09:00,24855.725000000002,STOP,-76.67499999999927,24869.8,24798.65,24856.225000000002,24887.175,51.867199999999954,1.5,2024-07-30,30,0.24,20,0.5,0.5
2024-07-31 14:35:00,long,24955.2,2024-07-31 15:25:00,24963.0,EOD,7.299999999999272,24929.1,24856.5,24856.500000000004,24885.2,22.035357142857123,1.5,2024-07-31,28,0.1,20,0.5,0.5
2024-08-01 12:35:00,short,24980.55,2024-08-01 12:35:00,24947.141666666674,STOP,32.90833333332557,25078.3,25008.8,24912.925,24946.641666666674,21.790535714285685,1.5,2024-08-01,28,0.1,20,0.5,0.5
2024-08-02 15:08:00,short,24708.6,2024-08-02 15:25:00,24723.55,EOD,-15.450000000000728,24851.9,24751.1,25017.35,25018.949999999997,21.265535714285686,1.5,2024-08-02,28,0.1,20,0.5,0.5
2024-08-05 10:55:00,short,24110.0,2024-08-05 11:00:00,24078.83232142857,TARGET,30.66767857142986,24350.05,24192.5,24738.49166666667,24769.375,21.111785714285702,1.5,2024-08-05,28,0.1,20,0.5,0.5
2024-08-06 13:27:00,short,24159.35,2024-08-06 13:27:00,24122.375,STOP,36.474999999998545,24382.6,24189.5,24082.791666666664,24121.875,22.055535714285686,1.5,2024-08-06,28,0.1,20,0.5,0.5
2024-08-08 10:15:00,short,24152.85,2024-08-08 12:13:00,24264.0,STOP,-111.65000000000146,24263.5,24198.4,24261.300000000003,24286.86666666666,22.318035714285674,1.5,2024-08-08,28,0.1,20,0.5,0.5
2024-08-12 11:13:00,long,24422.2,2024-08-12 14:54:00,24364.975,STOP,-57.72500000000218,24323.7,24259.25,24365.475,24369.158333333333,61.771733333333216,1.5,2024-08-12,30,0.28,20,0.5,0.5
2024-08-13 13:00:00,short,24240.8,2024-08-13 14:04:00,24154.3183,TARGET,85.98170000000027,24359.95,24308.35,24342.449999999997,24351.816666666666,57.98779999999989,1.5,2024-08-13,30,0.26,20,0.5,0.5
2024-08-16 10:37:00,short,24234.7,2024-08-16 10:37:00,24153.533333333333,STOP,80.66666666666788,24403.55,24302.8,24148.1,24153.033333333333,57.892466666666586,1.5,2024-08-16,30,0.26,20,0.5,0.5
2024-08-20 13:01:00,long,24725.35,2024-08-20 15:25:00,24685.3,EOD,-40.54999999999927,24660.3,24607.2,24579.99166666667,24580.875,60.086866666666566,1.5,2024-08-20,30,0.26,20,0.5,0.5
2024-08-21 15:24:00,long,24783.4,2024-08-21 15:25:00,24779.35,EOD,-4.55000000000291,24708.1,24654.5,24670.75,24680.783333333333,59.50576666666654,1.5,2024-08-21,30,0.26,20,0.5,0.5
2024-08-26 10:17:00,long,25018.55,2024-08-26 15:25:00,25007.7,EOD,-11.349999999998545,24939.5,24874.7,24815.025,24826.975,42.492999999999874,1.5,2024-08-26,18,0.22,20,0.5,0.5
2024-08-28 11:40:00,long,25105.15,2024-08-28 15:25:00,25040.95,EOD,-64.70000000000073,25048.15,24970.15,25010.591666666667,25023.375,34.470333333333215,1.5,2024-08-28,12,0.22,20,0.5,0.5
2024-08-29 12:36:00,long,25170.45,2024-08-29 14:04:00,25042.841666666667,STOP,-128.10833333333358,25073.65,25017.5,25043.341666666667,25047.125,35.50433333333318,1.5,2024-08-29,12,0.22,20,0.5,0.5
2024-09-02 13:45:00,short,25252.75,2024-09-02 13:45:00,25244.433333333334,STOP,7.8166666666656965,25333.65,25283.2,25231.300000000003,25243.933333333334,28.177499999999846,1.5,2024-09-02,12,0.2,20,0.5,0.5
2024-09-04 13:23:00,long,25177.5,2024-09-04 13:23:00,25276.916666666664,STOP,98.91666666666424,25133.1,25083.8,25277.416666666664,25278.75,24.10328571428563,1.5,2024-09-04,14,0.18,20,0.5,0.5
2024-09-05 10:37:00,short,25161.4,2024-09-05 11:08:00,25186.866666666665,STOP,-25.966666666663514,25275.45,25203.8,25147.8,25186.366666666665,24.504428571428498,1.5,2024-09-05,14,0.18,20,0.5,0.5
2024-09-06 09:53:00,short,24980.45,2024-09-06 10:05:00,24948.276142857143,TARGET,31.67385714285774,25168.75,25085.1,25172.0,25201.6,21.782571428571345,1.5,2024-09-06,14,0.18,20,0.5,0.5
2024-09-09 10:47:00,long,24913.1,2024-09-09 10:47:00,24905.308333333334,STOP,-8.291666666664241,24827.8,24753.15,24905.808333333334,24985.025,22.237714285714237,1.5,2024-09-09,14,0.16,20,0.5,0.5
2024-09-10 10:00:00,short,24914.35,2024-09-10 10:00:00,24915.13333333333,STOP,-1.2833333333328483,25014.8,24966.15,24851.0,24914.63333333333,23.02171428571422,1.5,2024-09-10,14,0.16,20,0.5,0.5
2024-09-11 10:41:00,long,25080.75,2024-09-11 13:44:00,25013.15,STOP,-68.09999999999854,25038.6,24981.3,25013.65,25040.15000000001,22.17016666666662,1.5,2024-09-11,18,0.14,20,0.5,0.5
2024-09-12 11:33:00,short,24982.95,2024-09-12 11:36:00,24999.925000000003,STOP,-17.475000000002183,25072.55,25010.1,24962.574999999997,24999.425000000003,21.921799999999944,1.5,2024-09-12,30,0.12,20,0.5,0.5
2024-09-18 10:48:00,long,25451.75,2024-09-18 13:04:00,25396.45,STOP,-55.79999999999927,25418.15,25380.8,25396.95,25407.783333333336,21.812599999999946,1.5,2024-09-18,30,0.12,20,0.5,0.5
2024-09-19 11:36:00,short,25437.8,2024-09-19 11:36:00,25384.375,STOP,52.92499999999927,25587.1,25481.7,25364.691666666673,25383.875,20.52249999999996,1.5,2024-09-19,24,0.12,20,0.5,0.5
2024-09-20 10:03:00,long,25606.25,2024-09-20 10:36:00,25635.6075,TARGET,28.857499999998254,25547.85,25453.3,25457.433333333327,25494.0,19.904999999999962,1.5,2024-09-20,24,0.12,20,0.5,0.5
2024-09-24 10:00:00,long,25962.55,2024-09-24 14:51:00,25997.052499999998,TARGET,34.00249999999869,25938.05,25886.85,25901.675,25921.624999999996,23.335000000000008,1.5,2024-09-24,12,0.1,20,0.5,0.5
2024-09-25 15:09:00,long,25998.15,2024-09-25 15:20:00,26029.618125,TARGET,30.968124999999418,25951.75,25891.7,25949.199999999997,25949.9,21.31208333333334,1.5,2024-09-25,12,0.1,20,0.5,0.5
2024-09-26 12:00:00,long,26085.4,2024-09-26 14:20:00,26119.138700000003,TARGET,33.2387000000017,26056.0,25998.4,25952.074999999997,25994.591666666667,22.825800000000037,1.5,2024-09-26,20,0.12,20,0.5,0.5
2024-09-27 13:28:00,short,26176.65,2024-09-27 13:28:00,26178.41666666667,STOP,-2.266666666670062,26250.55,26208.9,26124.65,26177.91666666667,21.183333333333366,1.5,2024-09-27,12,0.1,20,0.5,0.5
2024-09-30 09:54:00,short,25968.95,2024-09-30 10:59:00,25938.9575,TARGET,29.49250000000029,26134.7,26026.6,26179.424999999996,26214.375,20.328333333333347,1.5,2024-09-30,12,0.1,20,0.5,0.5
2024-10-03 12:26:00,short,25376.9,2024-10-03 13:44:00,25282.711964285714,TARGET,93.68803571428725,25631.7,25451.6,25812.233333333337,25823.4,63.125357142857105,1.5,2024-10-03,14,0.3,20,0.5,0.5
2024-10-04 11:58:00,long,25408.1,2024-10-04 12:39:00,25309.75833333333,STOP,-98.84166666666715,25287.9,25094.55,25310.25833333333,25434.875,61.3521428571429,1.5,2024-10-04,14,0.3,20,0.5,0.5
2024-10-07 10:46:00,short,24935.1,2024-10-07 11:03:00,24855.820949999998,TARGET,78.779050000001,25143.0,25049.9,25103.041666666668,25225.925,53.18603333333329,1.5,2024-10-07,30,0.26,20,0.5,0.5
2024-10-08 11:13:00,long,24935.25,2024-10-08 14:02:00,25025.401,TARGET,89.65100000000166,24865.1,24765.8,24854.825,24918.675,60.434000000000026,1.5,2024-10-08,12,0.22,20,0.5,0.5
2024-10-09 10:43:00,long,25185.9,2024-10-09 14:29:00,25040.65,STOP,-145.75,25091.85,25041.15,24900.4,24990.533333333326,61.37450000000002,1.5,2024-10-09,12,0.22,20,0.5,0.5
2024-10-14 11:46:00,long,25136.7,2024-10-14 15:25:00,25137.1,EOD,-0.10000000000218279,25066.85,25017.5,24974.35,24975.183333333327,59.751999999999946,1.5,2024-10-14,12,0.22,20,0.5,0.5
2024-10-15 10:00:00,short,25081.65,2024-10-15 10:30:00,25023.752923076925,TARGET,57.39707692307638,25212.05,25166.25,25088.625,25121.275,38.93138461538461,1.5,2024-10-15,26,0.16,20,0.5,0.5
2024-10-16 11:46:00,short,24927.25,2024-10-16 14:28:00,25056.4,STOP,-129.65000000000146,25055.9,24994.65,25086.86666666667,25110.1,37.92492307692305,1.5,2024-10-16,26,0.16,20,0.5,0.5
2024-10-17 09:47:00,short,24837.25,2024-10-17 11:14:00,24794.00145,TARGET,42.74855000000025,25029.5,24897.9,24973.175000000003,25000.925000000003,29.165700000000005,1.5,2024-10-17,20,0.12,20,0.5,0.5
2024-10-18 11:46:00,long,24786.35,2024-10-18 11:46:00,24793.666666666668,STOP,6.8166666666693345,24694.95,24567.65,24794.166666666668,24879.2,62.08366666666664,1.5,2024-10-18,30,0.26,20,0.5,0.5
2024-10-21 09:56:00,short,24707.8,2024-10-21 10:07:00,24826.50833333334,STOP,-119.2083333333394,24978.3,24819.05,24726.925000000003,24826.00833333334,63.56436666666662,1.5,2024-10-21,30,0.26,20,0.5,0.5
2024-10-22 10:31:00,short,24648.95,2024-10-22 12:50:00,24604.9765,TARGET,43.47350000000006,24854.05,24755.35,24784.683333333334,24828.949999999997,29.648999999999976,1.5,2024-10-22,20,0.12,20,0.5,0.5
2024-10-23 11:09:00,long,24569.9,2024-10-23 12:12:00,24541.66666666667,STOP,-28.733333333329938,24521.4,24378.1,24542.16666666667,24663.9,31.61429999999997,1.5,2024-10-23,20,0.12,20,0.5,0.5
2024-10-25 09:55:00,short,24281.95,2024-10-25 10:15:00,24232.234500000002,TARGET,49.21549999999843,24440.25,24356.1,24408.24166666666,24410.925000000003,33.47700000000002,1.5,2024-10-25,16,0.12,20,0.5,0.5
2024-10-28 10:24:00,long,24390.15,2024-10-28 10:47:00,24439.384000000002,TARGET,48.73400000000038,24292.9,24172.35,24234.524999999998,24257.075,33.15599999999999,1.5,2024-10-28,16,0.12,20,0.5,0.5
2024-10-29 10:13:00,short,24203.3,2024-10-29 10:45:00,24155.8721875,TARGET,46.927812499998254,24378.65,24239.9,24313.75,24338.183333333327,31.951874999999973,1.5,2024-10-29,16,0.12,20,0.5,0.5
2024-10-31 12:48:00,short,24198.15,2024-10-31 15:25:00,24210.6,EOD,-12.94999999999709,24372.45,24245.3,24370.35,24402.75,30.442124999999976,1.5,2024-10-31,16,0.12,20,0.5,0.5
2024-11-04 10:12:00,short,23950.6,2024-11-04 10:56:00,23906.409937499997,TARGET,43.69006250000166,24316.75,24058.15,24230.908333333326,24272.525,29.793375000000005,1.5,2024-11-04,16,0.12,20,0.5,0.5
2024-11-05 11:50:00,short,23868.95,2024-11-05 13:28:00,24026.75,STOP,-158.29999999999927,24026.25,23908.65,24026.383333333335,24066.45,32.38800000000001,1.5,2024-11-05,16,0.12,20,0.5,0.5
2024-11-06 12:01:00,long,24433.9,2024-11-06 14:22:00,24530.587000000003,TARGET,96.18700000000172,24349.95,24204.05,24035.9,24144.1,64.79133333333331,1.5,2024-11-06,18,0.24,20,0.5,0.5
2024-11-07 10:08:00,short,24235.05,2024-11-07 15:25:00,24210.85,EOD,23.700000000000728,24503.35,24341.4,24370.824999999997,24452.874999999993,67.17666666666666,1.5,2024-11-07,18,0.24,20,0.5,0.5
2024-11-11 10:37:00,long,24235.95,2024-11-11 13:44:00,24141.1,STOP,-95.35000000000218,24145.6,24004.6,24141.6,24171.4,70.94933333333329,1.5,2024-11-11,18,0.24,20,0.5,0.5
2024-11-12 12:48:00,short,24012.2,2024-11-12 15:00:00,23908.3783,TARGET,103.32170000000042,24242.0,24158.95,24143.6,24170.699999999997,69.54779999999998,1.5,2024-11-12,20,0.24,20,0.5,0.5
2024-11-13 12:12:00,short,23684.05,2024-11-13 14:33:00,23575.8147,TARGET,107.73530000000028,23873.6,23780.3,23931.725,24048.275,72.49019999999997,1.5,2024-11-13,20,0.24,20,0.5,0.5
2024-11-19 11:33:00,long,23764.2,2024-11-19 15:03:00,23516.6,STOP,-248.10000000000218,23677.05,23517.1,23459.966666666674,23478.6,73.96259999999998,1.5,2024-11-19,20,0.24,20,0.5,0.5
2024-11-22 12:13:00,long,23629.6,2024-11-22 13:50:00,23738.7902,TARGET,108.69020000000091,23541.1,23359.0,23366.375,23385.225,73.12679999999997,1.5,2024-11-22,20,0.24,20,0.5,0.5
2024-11-26 10:24:00,short,24167.05,2024-11-26 15:25:00,24193.45,EOD,-26.900000000001455,24336.65,24280.8,24243.5,24247.799999999996,74.9369999999999,1.5,2024-11-26,20,0.24,20,0.5,0.5
2024-11-28 10:44:00,short,24126.2,2024-11-28 12:37:00,24015.8362,TARGET,109.86379999999917,24323.05,24265.5,24250.1,24268.63333333334,73.9091999999999,1.5,2024-11-28,20,0.24,20,0.5,0.5
2024-11-29 13:40:00,long,24145.55,2024-11-29 15:25:00,24121.2,EOD,-24.849999999998545,24049.35,23947.35,24007.616666666665,24109.55,94.10699999999993,1.5,2024-11-29,20,0.3,20,0.5,0.5
2024-12-02 14:22:00,long,24257.45,2024-12-02 15:25:00,24274.05,EOD,16.099999999998545,24154.65,24008.65,24067.9,24103.766666666663,92.56874999999995,1.5,2024-12-02,20,0.3,20,0.5,0.5
2024-12-05 09:56:00,short,24415.95,2024-12-05 10:58:00,24344.124,TARGET,71.32600000000093,24539.95,24476.05,24469.75,24471.35,48.21733333333332,1.5,2024-12-05,30,0.16,20,0.5,0.5
2024-12-10 13:21:00,short,24541.55,2024-12-10 15:25:00,24620.15,EOD,-79.10000000000218,24655.2,24593.25,24632.875,24642.525,35.493461538461524,1.5,2024-12-10,26,0.12,20,0.5,0.5
2024-12-11 11:42:00,long,24679.6,2024-12-11 15:25:00,24640.55,EOD,-39.54999999999927,24641.2,24597.6,24594.225,24611.175000000003,25.29916666666665,1.5,2024-12-11,12,0.1,20,0.5,0.5
2024-12-12 12:09:00,short,24572.55,2024-12-12 14:53:00,24536.45375,TARGET,35.59624999999869,24671.3,24617.1,24637.8,24639.966666666664,24.397500000000008,1.5,2024-12-12,12,0.1,20,0.5,0.5
2024-12-13 10:17:00,short,24310.05,2024-12-13 10:21:00,24274.753125,TARGET,34.796875,24520.8,24382.4,24573.533333333333,24601.6,23.864583333333336,1.5,2024-12-13,12,0.1,20,0.5,0.5
2024-12-16 11:20:00,short,24638.15,2024-12-16 14:10:00,24686.683333333338,STOP,-49.033333333336486,24781.25,24689.35,24486.55,24686.183333333338,27.21958333333335,1.5,2024-12-16,12,0.1,20,0.5,0.5
2024-12-17 09:56:00,short,24520.8,2024-12-17 10:20:00,24484.131875,TARGET,36.168125000000146,24624.1,24567.45,24672.766666666663,24691.5,24.778750000000006,1.5,2024-12-17,12,0.1,20,0.5,0.5
2024-12-18 11:04:00,short,24234.6,2024-12-18 12:27:00,24196.9375,TARGET,37.162499999998545,24356.0,24273.1,24373.391666666663,24463.775,25.441666666666638,1.5,2024-12-18,12,0.1,20,0.5,0.5
2024-12-20 10:07:00,short,23835.0,2024-12-20 10:19:00,23949.0,STOP,-114.5,23990.85,23887.9,23937.6,23948.5,24.481666666666694,1.5,2024-12-20,12,0.1,20,0.5,0.5
2024-12-23 11:34:00,long,23856.4,2024-12-23 12:30:00,23721.45,STOP,-135.45000000000073,23806.5,23721.95,23676.025,23801.574999999997,45.44373333333332,1.5,2024-12-23,30,0.16,20,0.5,0.5
2024-12-27 10:16:00,long,23929.95,2024-12-27 15:25:00,23829.2,EOD,-101.25,23862.6,23800.6,23754.05,23754.083333333332,51.517714285714305,1.5,2024-12-27,14,0.22,20,0.5,0.5
2024-12-30 11:55:00,long,23897.8,2024-12-30 12:26:00,23842.541666666664,STOP,-55.75833333333503,23818.8,23744.85,23843.041666666664,23869.725,51.63871428571432,1.5,2024-12-30,14,0.22,20,0.5,0.5
2024-12-31 13:47:00,long,23646.45,2024-12-31 13:47:00,23695.775,STOP,48.82500000000073,23581.0,23527.85,23696.275,23757.324999999997,54.6417142857143,1.5,2024-12-31,14,0.22,20,0.5,0.5
2025-01-01 11:04:00,long,23741.55,2025-01-01 15:25:00,23757.8,EOD,15.75,23683.6,23607.05,23575.15,23629.316666666673,55.61992857142859,1.5,2025-01-01,14,0.22,20,0.5,0.5
2025-01-02 10:32:00,long,23871.3,2025-01-02 11:09:00,23957.815107142855,TARGET,86.01510714285541,23812.15,23751.55,23692.8,23736.466666666664,58.01007142857142,1.5,2025-01-02,14,0.22,20,0.5,0.5
2025-01-03 10:41:00,short,24019.35,2025-01-03 11:24:00,24118.708333333336,STOP,-99.85833333333721,24196.45,24096.95,23989.125,24118.208333333336,63.16200000000002,1.5,2025-01-03,14,0.22,20,0.5,0.5
2025-01-06 10:45:00,short,23863.2,2025-01-06 11:12:00,23740.31140625,TARGET,122.38859375000175,24089.95,24014.0,24026.375,24086.225,82.25906250000003,1.5,2025-01-06,16,0.3,20,0.5,0.5
2025-01-08 12:08:00,short,23545.8,2025-01-08 14:21:00,23717.0,STOP,-171.70000000000073,23751.85,23628.15,23710.13333333333,23716.5,81.07125000000005,1.5,2025-01-08,16,0.3,20,0.5,0.5
2025-01-09 11:57:00,short,23546.5,2025-01-09 15:25:00,23543.85,EOD,2.150000000001455,23689.5,23593.95,23624.0,23667.5,46.14222222222223,1.5,2025-01-09,18,0.16,20,0.5,0.5
2025-01-10 10:05:00,short,23349.0,2025-01-10 11:31:00,23596.5,STOP,-248.0,23596.0,23456.85,23560.99166666666,23596.275,42.364000000000004,1.5,2025-01-10,18,0.16,20,0.5,0.5
2025-01-13 14:39:00,short,23056.45,2025-01-13 15:25:00,23089.75,EOD,-33.79999999999927,23270.9,23172.7,23449.50833333333,23470.625,80.11781250000001,1.5,2025-01-13,16,0.3,20,0.5,0.5
2025-01-21 10:05:00,short,23283.2,2025-01-21 10:12:00,23249.783750000002,TARGET,32.9162499999984,23426.3,23355.15,23280.875,23317.025,22.61083333333333,1.5,2025-01-21,12,0.1,20,0.5,0.5
2025-01-22 12:05:00,short,23028.95,2025-01-22 12:28:00,22992.67125,TARGET,35.77875000000131,23127.7,23069.7,23097.158333333333,23201.574999999997,24.519166666666663,1.5,2025-01-22,12,0.1,20,0.5,0.5
2025-01-23 09:47:00,long,23196.9,2025-01-23 10:11:00,23234.528000000002,TARGET,37.12800000000061,23146.45,23090.65,23075.425,23130.874999999996,25.418666666666677,1.5,2025-01-23,30,0.1,20,0.5,0.5
2025-01-24 10:07:00,short,23151.4,2025-01-24 10:20:00,23113.410750000003,TARGET,37.48924999999872,23292.05,23177.8,23180.725,23199.175000000003,25.659499999999998,1.5,2025-01-24,30,0.1,20,0.5,0.5
2025-01-27 10:35:00,short,22854.0,2025-01-27 14:30:00,22815.26075,TARGET,38.23924999999872,22989.65,22910.85,23126.050000000003,23198.65,26.159499999999998,1.5,2025-01-27,30,0.1,20,0.5,0.5
2025-01-28 11:56:00,long,23005.0,2025-01-28 12:15:00,23041.7845,TARGET,36.28450000000157,22973.45,22877.25,22851.324999999997,22897.175000000003,24.856333333333325,1.5,2025-01-28,30,0.1,20,0.5,0.5
2025-01-29 10:28:00,long,23090.3,2025-01-29 11:24:00,22987.000000000007,STOP,-103.799999999992,23050.05,22976.5,22987.500000000007,22997.800000000003,25.192333333333323,1.5,2025-01-29,30,0.1,20,0.5,0.5
2025-01-30 10:09:00,long,23280.75,2025-01-30 15:25:00,23278.95,EOD,-2.2999999999992724,23211.0,23139.2,23078.925,23142.475000000002,22.614062499999957,1.5,2025-01-30,16,0.1,20,0.5,0.5
2025-01-31 09:53:00,long,23358.85,2025-01-31 09:59:00,23391.747499999998,TARGET,32.39749999999913,23332.45,23277.4,23225.175000000003,23261.35833333333,22.264999999999965,1.5,2025-01-31,12,0.1,20,0.5,0.5
2025-02-04 09:48:00,long,23569.95,2025-02-04 10:35:00,23478.95,STOP,-91.5,23534.25,23479.45,23301.8,23337.999999999996,23.482499999999924,1.5,2025-02-04,12,0.1,20,0.5,0.5
2025-02-05 12:56:00,short,23717.55,2025-02-05 12:56:00,23676.016666666666,STOP,41.03333333333285,23807.3,23750.0,23592.95,23675.516666666666,24.714583333333245,1.5,2025-02-05,12,0.1,20,0.5,0.5
2025-02-06 11:13:00,short,23612.7,2025-02-06 12:59:00,23577.298125,TARGET,34.90187499999956,23773.55,23652.15,23711.058333333327,23743.875,23.934583333333254,1.5,2025-02-06,12,0.1,20,0.5,0.5
2025-02-07 10:30:00,short,23540.45,2025-02-07 11:24:00,23665.4,STOP,-125.45000000000073,23683.9,23566.85,23635.466666666667,23664.9,21.99999999999991,1.5,2025-02-07,12,0.1,20,0.5,0.5
2025-02-10 10:17:00,short,23372.95,2025-02-10 12:02:00,23339.661875,TARGET,32.78812499999913,23568.6,23419.85,23568.34999999999,23568.85,22.525416666666572,1.5,2025-02-10,12,0.1,20,0.5,0.5
2025-02-11 12:51:00,short,23213.7,2025-02-11 13:05:00,23126.628285714287,TARGET,86.57171428571382,23390.05,23295.75,23405.283333333333,23442.449999999997,58.38114285714263,1.5,2025-02-11,14,0.26,20,0.5,0.5
2025-02-12 10:04:00,short,22819.1,2025-02-12 12:51:00,23098.45,STOP,-279.8500000000022,23097.95,22935.2,23111.949999999997,23188.35,62.37678571428545,1.5,2025-02-12,14,0.26,20,0.5,0.5
2025-02-13 10:07:00,long,23186.55,2025-02-13 15:25:00,23025.4,EOD,-161.64999999999782,23115.05,22992.2,22971.525,23030.908333333326,51.525999999999875,1.5,2025-02-13,22,0.22,20,0.5,0.5
2025-02-14 10:44:00,short,22923.5,2025-02-14 11:06:00,22865.6048,TARGET,57.39519999999902,23133.7,23009.65,23055.216666666674,23113.85,38.930133333333266,1.5,2025-02-14,30,0.16,20,0.5,0.5
2025-02-17 15:04:00,long,22951.2,2025-02-17 15:25:00,22966.1,EOD,14.399999999997817,22874.75,22725.45,22937.02500000001,22954.275,39.668266666666604,1.5,2025-02-17,30,0.16,20,0.5,0.5
2025-02-19 09:56:00,long,22988.5,2025-02-19 10:30:00,23045.4376,TARGET,56.43760000000111,22892.45,22814.85,22897.0,22921.6,38.29173333333326,1.5,2025-02-19,30,0.16,20,0.5,0.5
2025-02-21 10:19:00,short,22765.8,2025-02-21 15:25:00,22791.45,EOD,-26.150000000001455,22921.0,22849.65,22868.3,22901.133333333328,37.779999999999944,1.5,2025-02-21,30,0.16,20,0.5,0.5
2025-02-24 10:31:00,short,22567.65,2025-02-24 15:25:00,22551.55,EOD,15.600000000002183,22668.05,22611.5,22800.85,22820.65,40.268571428571384,1.5,2025-02-24,14,0.16,20,0.5,0.5
2025-02-28 11:52:00,short,22228.8,2025-02-28 12:41:00,22174.8576,TARGET,53.44239999999991,22450.35,22276.8,22543.541666666664,22564.725,36.294933333333255,1.5,2025-02-28,30,0.16,20,0.5,0.5
2025-03-03 09:55:00,short,22059.8,2025-03-03 15:25:00,22125.9,EOD,-66.60000000000218,22261.55,22152.5,22171.733333333337,22277.6,37.49973333333324,1.5,2025-03-03,30,0.16,20,0.5,0.5
2025-03-04 14:15:00,long,22087.15,2025-03-04 14:15:00,22127.475,STOP,39.82499999999709,22049.65,21964.6,22127.975,22133.125,29.55224999999995,1.5,2025-03-04,12,0.14,20,0.5,0.5
2025-03-05 10:40:00,long,22271.1,2025-03-05 11:35:00,22313.1285,TARGET,41.52850000000035,22221.4,22071.65,22034.824999999997,22058.408333333333,28.352333333333302,1.5,2025-03-05,12,0.14,20,0.5,0.5
2025-03-06 14:46:00,long,22542.1,2025-03-06 15:25:00,22537.95,EOD,-4.649999999997817,22491.3,22299.85,22233.275,22303.091666666667,27.936999999999944,1.5,2025-03-06,12,0.14,20,0.5,0.5
2025-03-07 11:21:00,long,22619.95,2025-03-07 15:25:00,22536.75,EOD,-83.70000000000073,22572.85,22464.75,22401.15,22492.683333333334,28.68658333333332,1.5,2025-03-07,12,0.14,20,0.5,0.5
2025-03-10 09:51:00,long,22644.75,2025-03-10 13:48:00,22540.75833333333,STOP,-104.4916666666686,22603.25,22498.65,22541.25833333333,22549.275,37.15399999999994,1.5,2025-03-10,24,0.16,20,0.5,0.5
2025-03-11 10:29:00,long,22429.05,2025-03-11 10:29:00,22485.36666666666,STOP,55.81666666666206,22387.6,22314.7,22485.86666666666,22552.9,23.172499999999964,1.5,2025-03-11,30,0.1,20,0.5,0.5
2025-03-12 10:55:00,short,22403.8,2025-03-12 11:37:00,22369.6375,TARGET,33.662499999998545,22577.4,22452.3,22415.35,22473.916666666664,23.1083333333333,1.5,2025-03-12,30,0.1,20,0.5,0.5
2025-03-13 11:47:00,short,22416.55,2025-03-13 12:46:00,22454.658333333333,STOP,-38.608333333333576,22556.0,22460.4,22453.475,22454.158333333333,23.000166666666644,1.5,2025-03-13,30,0.1,20,0.5,0.5
2025-03-18 10:09:00,long,22740.0,2025-03-18 11:33:00,22774.1803125,TARGET,33.68031250000058,22688.65,22599.2,22480.575,22504.258333333335,23.120208333333327,1.5,2025-03-18,24,0.1,20,0.5,0.5
2025-03-19 12:54:00,long,22926.0,2025-03-19 15:25:00,22902.2,EOD,-24.299999999999272,22888.3,22807.95,22728.325,22809.274999999998,23.144999999999996,1.5,2025-03-19,24,0.1,20,0.5,0.5
2025-03-20 12:54:00,long,23108.6,2025-03-20 13:14:00,23141.125937499997,TARGET,32.02593749999869,23070.25,22994.4,22874.325,22893.241666666672,22.017291666666676,1.5,2025-03-20,24,0.1,20,0.5,0.5
2025-03-21 09:49:00,long,23255.6,2025-03-21 10:29:00,23295.7683,TARGET,39.66830000000118,23225.9,23132.8,23095.325,23156.141666666666,27.112199999999984,1.5,2025-03-21,30,0.12,20,0.5,0.5
2025-03-24 10:33:00,long,23567.6,2025-03-24 10:58:00,23608.6266,TARGET,40.526600000001054,23519.7,23451.75,23267.75,23328.75,27.684399999999993,1.5,2025-03-24,30,0.12,20,0.5,0.5
2025-03-25 09:58:00,long,23866.15,2025-03-25 10:57:00,23664.4,STOP,-202.25,23766.2,23664.9,23571.125,23637.975,63.675500000000106,1.5,2025-03-25,12,0.28,20,0.5,0.5
2025-03-26 12:06:00,short,23591.65,2025-03-26 14:53:00,23499.036,TARGET,92.1140000000014,23736.5,23663.4,23679.624999999993,23748.574999999997,62.07600000000004,1.5,2025-03-26,12,0.28,20,0.5,0.5
2025-03-28 13:55:00,short,23471.0,2025-03-28 14:29:00,23566.925000000003,STOP,-96.42500000000291,23629.7,23544.35,23519.475,23566.425000000003,58.681071428571435,1.5,2025-03-28,14,0.26,20,0.5,0.5
2025-04-01 11:03:00,short,23247.95,2025-04-01 11:43:00,23195.657,TARGET,51.793000000001484,23518.45,23339.1,23510.35,23550.25,35.19533333333333,1.5,2025-04-01,24,0.16,20,0.5,0.5
2025-04-02 15:10:00,long,23336.3,2025-04-02 15:25:00,23336.1,EOD,-0.7000000000007276,23283.25,23158.45,23226.02500000001,23350.775,36.71566666666666,1.5,2025-04-02,24,0.16,20,0.5,0.5
2025-04-04 10:28:00,short,22929.6,2025-04-04 15:25:00,22905.15,EOD,23.94999999999709,23214.7,23029.4,23226.15,23245.216666666667,60.77964285714286,1.5,2025-04-04,14,0.26,20,0.5,0.5
2025-04-08 10:08:00,short,22397.95,2025-04-08 10:08:00,22154.908333333336,STOP,242.54166666666424,22577.55,22471.55,21998.825,22154.408333333336,61.193333333333335,1.5,2025-04-08,18,0.24,20,0.5,0.5
2025-04-11 11:38:00,long,22887.0,2025-04-11 15:25:00,22833.85,EOD,-53.650000000001455,22821.1,22709.95,22404.324999999997,22410.975,40.12485714285715,1.5,2025-04-11,28,0.16,20,0.5,0.5
2025-04-16 14:19:00,long,23421.2,2025-04-16 15:25:00,23445.45,EOD,23.75,23353.65,23277.0,23279.05,23327.083333333332,62.22200000000002,1.5,2025-04-16,18,0.24,20,0.5,0.5
2025-04-17 11:24:00,long,23480.7,2025-04-17 11:36:00,23571.932,TARGET,90.73199999999997,23406.6,23298.55,23362.15,23418.016666666663,61.1546666666667,1.5,2025-04-17,18,0.24,20,0.5,0.5
2025-04-21 10:56:00,long,24099.9,2025-04-21 15:25:00,24126.1,EOD,25.69999999999709,24004.2,23903.65,23585.449999999997,23766.58333333333,67.03533333333336,1.5,2025-04-21,18,0.24,20,0.5,0.5
2025-04-23 10:41:00,short,24186.75,2025-04-23 10:41:00,24161.3,STOP,24.950000000000728,24359.3,24275.5,24157.3,24160.8,61.98760000000001,1.5,2025-04-23,30,0.24,20,0.5,0.5
2025-04-25 09:48:00,short,24177.4,2025-04-25 09:55:00,24117.30942857143,TARGET,59.59057142857273,24365.45,24264.8,24260.766666666663,24282.0,40.39371428571425,1.5,2025-04-25,28,0.16,20,0.5,0.5
2025-04-28 10:13:00,long,24266.45,2025-04-28 12:20:00,24332.823272727273,TARGET,65.8732727272727,24185.85,24054.05,24037.716666666667,24106.65,44.58218181818179,1.5,2025-04-28,22,0.16,20,0.5,0.5
2025-04-29 12:25:00,short,24314.0,2025-04-29 12:25:00,24286.45833333333,STOP,27.041666666671517,24457.65,24364.35,24204.574999999997,24285.95833333333,44.80872727272723,1.5,2025-04-29,22,0.16,20,0.5,0.5
2025-05-06 11:39:00,short,24363.25,2025-05-06 15:25:00,24371.9,EOD,-9.150000000001455,24509.65,24421.0,24463.525,24469.175000000003,47.98973076923075,1.5,2025-05-06,26,0.18,20,0.5,0.5
2025-05-08 14:58:00,short,24263.9,2025-05-08 15:25:00,24219.6,EOD,43.80000000000291,24447.25,24373.45,24334.8,24385.999999999996,56.723,1.5,2025-05-08,22,0.22,20,0.5,0.5
2025-05-12 10:02:00,long,24712.95,2025-05-12 12:32:00,24775.394363636366,TARGET,61.94436363636487,24620.6,24378.85,24037.341666666674,24056.725,41.96290909090908,1.5,2025-05-12,22,0.16,20,0.5,0.5
2025-05-13 13:25:00,short,24611.6,2025-05-13 15:25:00,24566.75,EOD,44.349999999998545,24973.8,24675.6,24661.824999999997,24838.14166666667,59.15878571428571,1.5,2025-05-13,28,0.22,20,0.5,0.5
2025-05-15 13:14:00,long,24886.8,2025-05-15 13:36:00,24978.85583333333,TARGET,91.55583333333198,24706.75,24584.65,24651.55,24673.81666666667,61.70388888888884,1.5,2025-05-15,18,0.22,20,0.5,0.5
2025-05-20 12:54:00,short,24809.4,2025-05-20 14:20:00,24720.007083333334,TARGET,88.89291666666759,25010.35,24916.75,24962.66666666667,24989.800000000003,59.92861111111111,1.5,2025-05-20,18,0.22,20,0.5,0.5
2025-05-21 10:21:00,long,24901.65,2025-05-21 12:12:00,24745.341666666667,STOP,-156.8083333333343,24776.1,24692.65,24745.841666666667,24840.025,82.4562499999999,1.5,2025-05-21,24,0.3,20,0.5,0.5
2025-05-22 14:38:00,short,24481.75,2025-05-22 15:25:00,24635.55,EOD,-154.29999999999927,24737.5,24545.0,24806.324999999997,24815.775,54.379285714285714,1.5,2025-05-22,28,0.2,20,0.5,0.5
2025-05-23 10:54:00,long,24878.75,2025-05-23 15:25:00,24853.05,EOD,-26.200000000000728,24751.75,24614.05,24599.95,24623.349999999995,82.29749999999993,1.5,2025-05-23,26,0.3,20,0.5,0.5
2025-05-29 11:10:00,short,24730.4,2025-05-29 15:01:00,24801.15,STOP,-71.25,24889.7,24793.8,24768.61666666666,24800.65,55.498928571428564,1.5,2025-05-29,28,0.2,20,0.5,0.5
2025-05-30 10:52:00,short,24739.4,2025-05-30 15:25:00,24742.2,EOD,-3.2999999999992724,24863.95,24780.0,24783.5,24832.966666666667,38.08210000000001,1.5,2025-05-30,30,0.14,20,0.5,0.5
2025-06-03 12:59:00,short,24530.0,2025-06-03 15:25:00,24534.95,EOD,-5.450000000000728,24845.1,24601.3,24640.275,24666.458333333336,36.32183333333334,1.5,2025-06-03,30,0.14,20,0.5,0.5
2025-06-05 12:12:00,long,24861.85,2025-06-05 15:25:00,24768.55,EOD,-93.79999999999927,24737.5,24613.1,24587.35,24603.08333333333,52.946071428571464,1.5,2025-06-05,28,0.2,20,0.5,0.5
2025-06-06 10:34:00,long,24861.05,2025-06-06 10:42:00,24914.775634615384,TARGET,53.22563461538448,24763.35,24703.7,24756.475,24764.858333333337,36.15042307692309,1.5,2025-06-06,26,0.14,20,0.5,0.5
2025-06-11 11:21:00,long,25190.25,2025-06-11 13:53:00,25111.725,STOP,-79.02500000000146,25144.05,25081.3,25112.225,25127.375,35.958999999999975,1.5,2025-06-11,26,0.14,20,0.5,0.5
2025-06-12 10:51:00,short,25057.2,2025-06-12 12:04:00,25017.474000000002,TARGET,39.22599999999875,25191.9,25117.6,25136.316666666666,25151.85,26.817333333333323,1.5,2025-06-12,18,0.12,20,0.5,0.5
2025-06-13 12:06:00,long,24701.1,2025-06-13 12:06:00,24914.183333333334,STOP,212.58333333333576,24653.15,24508.1,24914.683333333334,25011.050000000003,28.310666666666656,1.5,2025-06-13,18,0.12,20,0.5,0.5
