entry_time,side,entry_px,exit_time,exit_px,exit_reason,pnl_pts,ORH,ORL,PivotLow,PivotHigh,A_distance,TP_mult_A,Date,n_used,P_used,T,slippage,cost_pts
2021-09-24 13:45:00,short,17833.35,2021-09-24 13:46:00,17835.05,STOP,-2.2000000000007276,17947.65,17889.7,17745.225,17796.841666666667,45.287727272727246,1,2021-09-24,22,0.3,20,0.5,0.5
2021-09-27 10:48:00,short,17836.75,2021-09-27 12:55:00,17883.1,STOP,-46.849999999998545,17933.2,17891.75,17856.275,17883.525,44.9665909090909,1,2021-09-27,22,0.3,20,0.5,0.5
2021-09-28 12:04:00,short,17757.0,2021-09-28 12:19:00,17707.95,TARGET,48.54999999999927,17912.85,17814.75,17859.833333333332,17873.2,45.589090909090864,1,2021-09-28,22,0.3,20,0.5,0.5
2021-09-29 14:20:00,long,17749.9,2021-09-29 14:57:00,17741.9,STOP,-8.5,17670.2,17608.15,17744.391666666663,17744.475,46.64799999999996,1,2021-09-29,30,0.3,20,0.5,0.5
2021-10-04 09:55:00,long,17688.25,2021-10-04 09:58:00,17703.6,TARGET,14.849999999998545,17643.1,17581.35,17505.025,17515.708333333336,19.241999999999994,1,2021-10-04,18,0.12,20,0.5,0.5
2021-10-05 12:50:00,long,17737.8,2021-10-05 12:56:00,17753.3,TARGET,15.0,17696.75,17640.9,17666.125,17686.075000000004,19.37566666666668,1,2021-10-05,18,0.12,20,0.5,0.5
2021-10-06 10:23:00,short,17801.2,2021-10-06 10:24:00,17805.6,STOP,-4.899999999997817,17884.6,17839.8,17737.175000000003,17792.691666666666,21.768000000000065,1,2021-10-06,12,0.12,20,0.5,0.5
2021-10-07 12:11:00,long,17840.8,2021-10-07 15:25:00,17789.55,EOD,-51.75,17820.35,17763.8,17664.458333333336,17752.074999999997,19.26535714285718,1,2021-10-07,14,0.1,20,0.5,0.5
2021-10-11 10:43:00,long,17995.05,2021-10-11 15:25:00,17937.9,EOD,-57.64999999999782,17925.5,17839.1,17890.63333333333,17891.1,48.567,1,2021-10-11,30,0.3,20,0.5,0.5
2021-10-13 12:27:00,long,18159.3,2021-10-13 15:25:00,18158.65,EOD,-1.1499999999978172,18099.15,18050.75,17936.800000000003,17979.26666666667,48.82187500000004,1,2021-10-13,24,0.3,20,0.5,0.5
2021-10-19 10:13:00,short,18445.8,2021-10-19 10:17:00,18495.85,STOP,-50.54999999999927,18604.45,18534.65,18481.675000000003,18494.225,49.216875000000066,1,2021-10-19,24,0.3,20,0.5,0.5
2021-10-20 13:54:00,short,18265.2,2021-10-20 14:23:00,18219.6,TARGET,45.10000000000218,18458.2,18326.95,18442.258333333335,18491.075,51.15750000000007,1,2021-10-20,24,0.3,20,0.5,0.5
2021-10-21 10:47:00,short,18184.5,2021-10-21 10:59:00,18144.15,TARGET,39.849999999998545,18384.2,18250.75,18300.808333333334,18333.824999999997,41.957500000000074,1,2021-10-21,24,0.24,20,0.5,0.5
2021-10-22 12:27:00,short,18154.5,2021-10-22 13:00:00,18107.25,TARGET,46.75,18296.75,18204.2,18208.733333333337,18216.1,46.139363636363754,1,2021-10-22,22,0.26,20,0.5,0.5
2021-10-28 10:52:00,short,18037.7,2021-10-28 12:27:00,17990.1,TARGET,47.10000000000218,18190.7,18103.4,18206.308333333334,18259.625,44.80250000000011,1,2021-10-28,24,0.24,20,0.5,0.5
2021-10-29 10:48:00,long,17901.95,2021-10-29 10:57:00,17889.25,STOP,-13.200000000000728,17833.4,17613.1,17888.724999999995,17995.075,46.74150000000009,1,2021-10-29,24,0.24,20,0.5,0.5
2021-11-01 13:48:00,long,17902.25,2021-11-01 14:37:00,17949.5,TARGET,46.75,17833.6,17697.1,17714.25833333333,17764.475,48.486500000000085,1,2021-11-01,24,0.24,20,0.5,0.5
2021-11-02 10:44:00,short,17896.65,2021-11-02 10:50:00,17909.1,STOP,-12.94999999999709,18012.25,17947.75,17825.6,17905.0,49.6505000000001,1,2021-11-02,24,0.24,20,0.5,0.5
2021-11-03 12:35:00,short,17869.3,2021-11-03 13:09:00,17822.1,TARGET,46.70000000000073,17978.55,17935.15,17904.541666666668,17929.925,47.92950000000012,1,2021-11-03,24,0.24,20,0.5,0.5
2021-11-10 13:53:00,long,18042.8,2021-11-10 13:54:00,18035.6,STOP,-7.700000000000728,17968.2,17915.55,18047.824999999997,18050.841666666667,49.70350000000009,1,2021-11-10,24,0.24,20,0.5,0.5
2021-11-11 10:36:00,short,17841.3,2021-11-11 15:25:00,17893.1,EOD,-52.29999999999927,17971.35,17910.55,17988.125,18004.808333333334,49.470500000000065,1,2021-11-11,24,0.24,20,0.5,0.5
2021-11-12 14:11:00,long,18083.9,2021-11-12 15:25:00,18106.4,EOD,22.0,17998.65,17943.2,17884.775,17889.99166666667,62.30250000000008,1,2021-11-12,22,0.3,20,0.5,0.5
2021-11-16 15:24:00,short,17974.95,2021-11-16 15:25:00,17976.9,EOD,-2.4500000000007276,18132.65,18063.5,18114.675000000003,18140.725,63.00613636363642,1,2021-11-16,22,0.3,20,0.5,0.5
2021-11-17 10:31:00,long,18006.8,2021-11-17 10:32:00,18003.05,STOP,-4.25,17969.5,17906.6,18002.175000000003,18053.725,20.754791666666705,1,2021-11-17,24,0.1,20,0.5,0.5
2021-11-18 10:17:00,short,17788.1,2021-11-18 10:19:00,17762.2,TARGET,25.399999999997817,17945.6,17840.8,17911.25833333333,17951.475,20.502708333333374,1,2021-11-18,24,0.1,20,0.5,0.5
2021-11-22 11:58:00,short,17524.5,2021-11-22 12:09:00,17433.45,TARGET,90.54999999999927,17805.25,17611.35,17777.850000000002,17817.05,65.2493181818183,1,2021-11-22,22,0.3,20,0.5,0.5
2021-11-23 11:57:00,long,17449.6,2021-11-23 11:58:00,17449.6,STOP,-0.5,17363.05,17216.1,17475.449999999997,17542.85,71.0713636363637,1,2021-11-23,22,0.3,20,0.5,0.5
2021-11-24 15:25:00,short,17377.65,2021-11-24 15:25:00,17378.65,EOD,-1.5,17572.35,17485.05,17384.9,17448.933333333334,72.58295454545464,1,2021-11-24,22,0.3,20,0.5,0.5
2021-11-25 11:33:00,long,17497.65,2021-11-25 12:10:00,17521.4,TARGET,23.25,17454.0,17375.05,17415.15,17489.15,23.403000000000013,1,2021-11-25,20,0.1,20,0.5,0.5
2021-11-26 10:28:00,short,17164.65,2021-11-26 10:32:00,17140.1,TARGET,24.05000000000291,17355.4,17272.0,17458.025,17521.341666666667,35.915999999999976,1,2021-11-26,14,0.16,20,0.5,0.5
2021-11-29 11:25:00,long,17117.0,2021-11-29 12:09:00,17153.4,TARGET,35.900000000001455,17068.8,16782.4,17064.450000000004,17170.550000000003,37.503428571428564,1,2021-11-29,14,0.16,20,0.5,0.5
2021-11-30 10:31:00,long,17310.1,2021-11-30 11:35:00,17026.75,STOP,-283.84999999999854,17241.35,17051.05,16971.550000000003,17025.716666666667,38.95028571428569,1,2021-11-30,14,0.16,20,0.5,0.5
2021-12-02 11:24:00,long,17316.55,2021-12-02 14:30:00,17344.7,TARGET,27.650000000001455,17264.45,17149.3,17138.65,17160.949999999997,24.626666666666658,1,2021-12-02,24,0.1,20,0.5,0.5
2021-12-03 10:05:00,short,17375.6,2021-12-03 10:06:00,17397.35,STOP,-22.25,17489.8,17415.9,17284.824999999997,17366.574999999997,24.93437499999999,1,2021-12-03,24,0.1,20,0.5,0.5
2021-12-06 12:27:00,short,17042.5,2021-12-06 14:30:00,16977.5,TARGET,64.5,17216.75,17115.9,17244.400000000005,17335.3,70.4325,1,2021-12-06,28,0.28,20,0.5,0.5
2021-12-07 10:52:00,long,17158.35,2021-12-07 13:45:00,17222.1,TARGET,63.25,17058.9,16987.75,16957.341666666667,17054.225,70.88399999999999,1,2021-12-07,28,0.28,20,0.5,0.5
2021-12-08 15:14:00,long,17472.95,2021-12-08 15:25:00,17466.8,EOD,-6.650000000001455,17390.1,17308.95,17119.7,17154.93333333333,77.5078846153846,1,2021-12-08,26,0.3,20,0.5,0.5
2021-12-13 12:28:00,short,17459.6,2021-12-13 12:59:00,17391.1,TARGET,68.0,17639.5,17600.75,17469.8,17487.733333333334,71.93942307692303,1,2021-12-13,26,0.3,20,0.5,0.5
2021-12-16 14:49:00,short,17206.55,2021-12-16 15:23:00,17272.0,STOP,-65.95000000000073,17379.35,17282.9,17232.966666666664,17271.7,74.17406249999988,1,2021-12-16,16,0.3,20,0.5,0.5
2021-12-17 10:42:00,short,17031.3,2021-12-17 15:25:00,16989.4,EOD,41.39999999999782,17298.15,17139.6,17276.35,17282.15,69.81255555555546,1,2021-12-17,18,0.28,20,0.5,0.5
2021-12-20 11:35:00,short,16548.45,2021-12-20 12:37:00,16474.45,TARGET,73.5,16840.1,16653.15,17036.700000000004,17132.300000000003,74.7008333333332,1,2021-12-20,18,0.3,20,0.5,0.5
2021-12-21 11:56:00,long,16913.8,2021-12-21 14:33:00,16703.75,STOP,-210.54999999999927,16839.45,16722.95,16624.516666666663,16625.15,72.94077777777767,1,2021-12-21,18,0.28,20,0.5,0.5
2021-12-24 10:11:00,short,16931.7,2021-12-24 14:47:00,17064.45,STOP,-133.25,17155.6,17042.7,17055.86666666667,17067.1,74.66324999999999,1,2021-12-24,20,0.3,20,0.5,0.5
2021-12-27 10:37:00,long,17004.6,2021-12-27 10:38:00,16999.65,STOP,-5.44999999999709,16960.25,16833.2,17013.5,17032.6,21.631428571428586,1,2021-12-27,14,0.1,20,0.5,0.5
2021-12-30 10:30:00,long,17258.6,2021-12-30 15:00:00,17197.95,STOP,-61.14999999999782,17222.9,17146.35,17199.45,17233.45,28.32768749999998,1,2021-12-30,16,0.14,20,0.5,0.5
2021-12-31 12:46:00,long,17385.25,2021-12-31 15:25:00,17355.6,EOD,-30.150000000001455,17339.3,17238.5,17205.199999999997,17207.5,27.820625000000003,1,2021-12-31,16,0.14,20,0.5,0.5
2022-01-03 10:31:00,long,17510.9,2022-01-03 12:20:00,17537.55,TARGET,26.149999999997817,17478.6,17383.3,17319.65,17343.949999999997,27.808812499999984,1,2022-01-03,16,0.14,20,0.5,0.5
2022-01-04 14:38:00,long,17760.7,2022-01-04 14:59:00,17787.35,TARGET,26.149999999997817,17715.45,17647.55,17514.975,17590.191666666666,28.983500000000017,1,2022-01-04,16,0.14,20,0.5,0.5
2022-01-05 12:21:00,long,17872.6,2022-01-05 12:51:00,17901.6,TARGET,28.5,17829.65,17771.7,17710.574999999997,17780.458333333336,28.550375000000017,1,2022-01-05,16,0.14,20,0.5,0.5
2022-01-07 12:46:00,short,17711.8,2022-01-07 12:50:00,17739.2,STOP,-27.900000000001455,17877.35,17787.7,17726.75,17735.48333333333,28.096600000000024,1,2022-01-07,20,0.14,20,0.5,0.5
2022-01-10 14:54:00,long,17990.15,2022-01-10 15:25:00,18009.9,EOD,19.25,17955.6,17879.15,17804.775,17817.558333333334,28.596050000000037,1,2022-01-10,20,0.14,20,0.5,0.5
2022-01-12 15:08:00,long,18222.85,2022-01-12 15:25:00,18204.35,EOD,-19.0,18184.6,18128.8,18022.825,18046.541666666668,27.317500000000003,1,2022-01-12,20,0.14,20,0.5,0.5
2022-01-14 13:53:00,long,18247.1,2022-01-14 14:24:00,18227.15,STOP,-20.44999999999709,18198.05,18119.65,18218.025,18246.208333333336,31.52213333333334,1,2022-01-14,30,0.16,20,0.5,0.5
2022-01-18 09:45:00,short,18249.4,2022-01-18 09:59:00,18218.7,TARGET,30.200000000000728,18350.95,18320.1,18275.15,18298.949999999997,25.83676666666667,1,2022-01-18,30,0.14,20,0.5,0.5
2022-01-19 09:45:00,short,17983.5,2022-01-19 11:17:00,17954.45,TARGET,28.549999999999272,18121.1,18020.7,18159.74166666667,18218.425000000003,25.84213333333333,1,2022-01-19,30,0.14,20,0.5,0.5
2022-01-20 11:17:00,short,17815.6,2022-01-20 11:40:00,17774.75,TARGET,40.349999999998545,17943.7,17858.65,17962.066666666666,18003.0,40.97945454545455,1,2022-01-20,22,0.24,20,0.5,0.5
2022-01-24 11:17:00,short,17383.15,2022-01-24 11:46:00,17340.05,TARGET,42.60000000000218,17599.4,17433.7,17596.725,17629.74166666667,42.27709090909088,1,2022-01-24,22,0.24,20,0.5,0.5
2022-01-25 09:47:00,long,17119.55,2022-01-25 09:48:00,17079.45,STOP,-40.599999999998545,17021.6,16836.8,17193.475,17298.625,47.71472727272726,1,2022-01-25,22,0.24,20,0.5,0.5
2022-01-27 12:16:00,short,16880.7,2022-01-27 13:51:00,17078.3,STOP,-198.09999999999854,17073.15,16958.85,17072.975,17210.391666666663,50.184000000000005,1,2022-01-27,22,0.24,20,0.5,0.5
2022-01-28 14:42:00,short,17161.2,2022-01-28 14:43:00,17163.9,STOP,-3.2000000000007276,17322.25,17206.3,17024.625,17094.841666666667,37.939909090909104,1,2022-01-28,22,0.18,20,0.5,0.5
2022-01-31 12:17:00,long,17398.0,2022-01-31 15:25:00,17325.55,EOD,-72.95000000000073,17336.1,17269.2,17146.3,17225.3,39.636000000000045,1,2022-01-31,22,0.18,20,0.5,0.5
2022-02-01 10:32:00,long,17586.0,2022-02-01 11:36:00,17464.2,STOP,-122.29999999999927,17534.95,17468.5,17329.724999999995,17337.075,39.9702272727273,1,2022-02-01,22,0.18,20,0.5,0.5
2022-02-03 13:47:00,short,17605.3,2022-02-03 15:25:00,17529.85,EOD,74.95000000000073,17781.15,17718.9,17734.699999999997,17769.9,79.63607142857147,1,2022-02-03,14,0.3,20,0.5,0.5
2022-02-07 11:34:00,short,17317.8,2022-02-07 13:33:00,17235.85,TARGET,81.45000000000073,17536.75,17417.95,17516.925,17540.175,87.28500000000012,1,2022-02-07,12,0.3,20,0.5,0.5
2022-02-08 11:02:00,short,17051.1,2022-02-08 15:25:00,17248.15,EOD,-197.5500000000029,17306.45,17176.2,17251.69166666667,17328.075,91.81375000000016,1,2022-02-08,12,0.3,20,0.5,0.5
2022-02-09 14:48:00,long,17451.65,2022-02-09 15:25:00,17472.5,EOD,20.349999999998545,17421.5,17339.0,17175.050000000003,17223.450000000004,25.105750000000008,1,2022-02-09,20,0.1,20,0.5,0.5
2022-02-10 10:46:00,long,17573.7,2022-02-10 11:39:00,17601.05,TARGET,26.849999999998545,17540.05,17467.6,17406.7,17450.899999999998,25.198500000000024,1,2022-02-10,20,0.1,20,0.5,0.5
2022-02-11 10:15:00,short,17308.1,2022-02-11 15:25:00,17357.45,EOD,-49.85000000000218,17454.75,17371.05,17533.300000000003,17570.966666666667,25.76425000000001,1,2022-02-11,20,0.1,20,0.5,0.5
2022-02-14 14:49:00,short,16886.1,2022-02-14 15:06:00,16855.0,TARGET,30.599999999998545,17099.5,16916.55,17364.25833333333,17378.875,23.06884615384616,1,2022-02-14,26,0.1,20,0.5,0.5
2022-02-15 12:02:00,long,17068.6,2022-02-15 12:49:00,17094.4,TARGET,25.30000000000291,16998.95,16896.4,16865.866666666672,16958.7,23.604230769230767,1,2022-02-15,26,0.1,20,0.5,0.5
2022-02-16 11:06:00,short,17277.45,2022-02-16 11:07:00,17286.7,STOP,-9.75,17450.0,17320.4,17107.125,17273.441666666666,24.893846153846148,1,2022-02-16,26,0.1,20,0.5,0.5
2022-02-17 10:35:00,short,17263.85,2022-02-17 11:01:00,17375.9,STOP,-112.55000000000291,17442.9,17314.3,17328.683333333334,17374.15,25.272499999999994,1,2022-02-17,26,0.1,20,0.5,0.5
2022-02-21 12:08:00,long,17294.9,2022-02-21 12:29:00,17280.0,STOP,-15.400000000001455,17231.3,17085.5,17284.566666666666,17300.0,48.358125,1,2022-02-21,24,0.18,20,0.5,0.5
2022-02-22 14:16:00,long,17089.15,2022-02-22 14:17:00,17095.85,STOP,6.19999999999709,16977.4,16843.8,17210.875,17212.458333333336,50.55345000000002,1,2022-02-22,20,0.18,20,0.5,0.5
2022-02-23 14:43:00,short,17113.2,2022-02-23 14:44:00,17116.7,STOP,-4.0,17220.7,17160.35,16996.175,17051.05833333333,40.28577777777776,1,2022-02-23,18,0.16,20,0.5,0.5
2022-02-24 12:53:00,short,16455.5,2022-02-24 14:24:00,16411.85,TARGET,43.150000000001455,16705.25,16546.75,17073.858333333337,17124.275,45.603600000000014,1,2022-02-24,30,0.18,20,0.5,0.5
2022-02-25 10:41:00,long,16711.8,2022-02-25 15:25:00,16646.85,EOD,-65.45000000000073,16611.5,16478.3,16302.908333333333,16459.425,62.272692307692324,1,2022-02-25,26,0.22,20,0.5,0.5
2022-02-28 11:07:00,long,16584.1,2022-02-28 11:08:00,16595.7,STOP,11.100000000002183,16506.1,16356.3,16613.55,16636.083333333332,62.56292307692312,1,2022-02-28,26,0.22,20,0.5,0.5
2022-03-03 12:27:00,short,16580.8,2022-03-03 12:59:00,16536.55,TARGET,43.75,16768.95,16674.15,16578.575,16617.024999999998,55.03666666666663,1,2022-03-03,18,0.2,20,0.5,0.5
2022-03-04 11:03:00,short,16151.25,2022-03-04 12:56:00,16367.15,STOP,-216.39999999999964,16364.85,16233.5,16536.116666666672,16605.95,56.933888888888866,1,2022-03-04,18,0.2,20,0.5,0.5
2022-03-08 14:47:00,long,15985.75,2022-03-08 14:48:00,15978.0,STOP,-8.25,15864.55,15747.4,16267.166666666666,16294.9,55.876666666666665,1,2022-03-08,18,0.2,20,0.5,0.5
2022-03-09 12:25:00,long,16220.8,2022-03-09 12:50:00,16277.6,TARGET,56.30000000000109,16139.85,15990.0,15850.1,15956.066666666668,56.92666666666667,1,2022-03-09,18,0.2,20,0.5,0.5
2022-03-10 14:08:00,short,16509.15,2022-03-10 14:09:00,16496.65,STOP,12.0,16757.3,16593.05,16204.025,16299.708333333334,60.17833333333331,1,2022-03-10,18,0.2,20,0.5,0.5
2022-03-14 13:48:00,long,16794.25,2022-03-14 14:59:00,16875.5,TARGET,80.75,16702.55,16629.1,16582.65,16608.449999999997,84.18908333333333,1,2022-03-14,12,0.26,20,0.5,0.5
2022-03-15 13:07:00,short,16730.1,2022-03-15 14:00:00,16637.4,TARGET,92.19999999999709,16927.75,16852.15,16747.025,16827.408333333333,83.67558333333332,1,2022-03-15,12,0.26,20,0.5,0.5
2022-03-17 12:42:00,long,17319.7,2022-03-17 15:25:00,17293.95,EOD,-26.25,17228.85,17176.25,16912.875,16952.35833333333,80.17208333333335,1,2022-03-17,12,0.26,20,0.5,0.5
2022-03-21 12:49:00,short,17156.4,2022-03-21 15:25:00,17121.0,EOD,34.900000000001455,17353.35,17255.7,17260.175,17283.025000000005,77.96966666666664,1,2022-03-21,12,0.26,20,0.5,0.5
2022-03-22 13:20:00,long,17219.05,2022-03-22 13:53:00,17293.1,TARGET,73.54999999999927,17143.15,17051.6,17155.291666666664,17224.875,73.57891666666652,1,2022-03-22,12,0.26,20,0.5,0.5
2022-03-23 12:08:00,short,17259.85,2022-03-23 12:12:00,17277.1,STOP,-17.75,17442.4,17368.15,17168.425,17275.541666666668,76.27424999999988,1,2022-03-23,12,0.26,20,0.5,0.5
2022-03-25 13:56:00,short,17093.6,2022-03-25 15:25:00,17191.4,EOD,-98.30000000000291,17294.9,17171.95,17191.45,17200.81666666667,71.83691666666657,1,2022-03-25,12,0.26,20,0.5,0.5
2022-04-01 14:08:00,long,17591.65,2022-04-01 15:15:00,17672.55,TARGET,80.39999999999782,17499.95,17422.7,17476.86666666667,17497.5,81.14949999999992,1,2022-04-01,30,0.3,20,0.5,0.5
2022-04-04 10:13:00,long,18082.2,2022-04-04 15:25:00,18045.45,EOD,-37.25,17947.15,17791.4,17563.2,17651.099999999995,78.6019999999999,1,2022-04-04,30,0.3,20,0.5,0.5
2022-04-08 14:08:00,long,17827.4,2022-04-08 15:25:00,17793.7,EOD,-34.20000000000073,17723.6,17632.95,17664.233333333337,17705.6,77.57549999999993,1,2022-04-08,30,0.3,20,0.5,0.5
2022-04-12 13:50:00,short,17462.15,2022-04-12 14:45:00,17579.3,STOP,-117.64999999999782,17594.4,17520.2,17689.066666666666,17715.0,51.83244444444436,1,2022-04-12,18,0.26,20,0.5,0.5
2022-04-13 12:10:00,short,17510.95,2022-04-13 14:17:00,17524.95,STOP,-14.5,17663.65,17585.45,17518.824999999997,17524.174999999996,59.85499999999986,1,2022-04-13,18,0.3,20,0.5,0.5
2022-04-18 12:33:00,short,17110.7,2022-04-18 12:54:00,17077.4,TARGET,32.79999999999927,17237.75,17160.7,17501.74166666667,17560.525,33.46472727272723,1,2022-04-18,22,0.16,20,0.5,0.5
2022-04-19 15:04:00,short,17024.35,2022-04-19 15:06:00,16984.2,TARGET,39.64999999999782,17275.65,17176.75,17152.8,17175.033333333336,32.65636363636361,1,2022-04-19,22,0.16,20,0.5,0.5
2022-04-20 12:47:00,long,17163.5,2022-04-20 15:25:00,17149.15,EOD,-14.849999999998545,17115.35,16978.95,16925.041666666664,17065.125,35.299285714285716,1,2022-04-20,14,0.18,20,0.5,0.5
2022-04-21 11:08:00,long,17314.35,2022-04-21 11:25:00,17348.3,TARGET,33.45000000000073,17253.8,17215.5,17082.925000000003,17127.408333333333,33.42872727272725,1,2022-04-21,22,0.16,20,0.5,0.5
2022-04-22 11:25:00,long,17294.5,2022-04-22 11:26:00,17293.9,STOP,-1.0999999999985448,17253.85,17196.05,17315.1,17369.0,33.64945454545454,1,2022-04-22,22,0.16,20,0.5,0.5
2022-04-27 12:54:00,short,16986.85,2022-04-27 15:25:00,17035.15,EOD,-48.80000000000291,17110.7,17056.65,17144.15,17187.816666666666,31.228363636363593,1,2022-04-27,22,0.16,20,0.5,0.5
2022-04-28 12:39:00,long,17205.25,2022-04-28 13:01:00,17232.35,TARGET,26.599999999998545,17158.55,17097.15,17034.575,17034.625000000004,27.35220833333332,1,2022-04-28,24,0.14,20,0.5,0.5
2022-04-29 14:27:00,short,17217.4,2022-04-29 14:28:00,17230.95,STOP,-14.049999999999272,17349.3,17300.9,17196.775,17217.125,27.40266666666664,1,2022-04-29,24,0.14,20,0.5,0.5
2022-05-02 14:54:00,long,17070.25,2022-05-02 14:55:00,17067.8,STOP,-2.9500000000007276,17014.35,16917.25,17125.016666666666,17215.45,24.65959999999999,1,2022-05-02,30,0.12,20,0.5,0.5
2022-05-04 10:22:00,short,17003.5,2022-05-04 10:29:00,16978.95,TARGET,24.049999999999272,17132.85,17050.65,17004.75,17045.716666666667,24.75939999999998,1,2022-05-04,30,0.12,20,0.5,0.5
2022-05-05 10:14:00,long,16921.2,2022-05-05 13:43:00,16773.15,STOP,-148.54999999999927,16863.25,16778.85,16747.4,16878.4,29.491874999999983,1,2022-05-05,24,0.14,20,0.5,0.5
2022-05-09 11:47:00,long,16295.45,2022-05-09 11:48:00,16307.35,STOP,11.399999999999636,16270.2,16142.1,16412.55,16423.983333333334,22.59916666666669,1,2022-05-09,18,0.1,20,0.5,0.5
2022-05-10 12:17:00,long,16378.1,2022-05-10 12:55:00,16398.5,TARGET,19.899999999999636,16352.5,16243.5,16272.900000000001,16296.333333333336,22.706944444444467,1,2022-05-10,18,0.1,20,0.5,0.5
2022-05-11 09:48:00,short,16212.1,2022-05-11 09:54:00,16173.65,TARGET,37.95000000000073,16318.75,16259.4,16251.100000000002,16311.5,21.924615384615393,1,2022-05-11,26,0.1,20,0.5,0.5
2022-05-12 11:20:00,short,15835.5,2022-05-12 12:32:00,15812.2,TARGET,22.799999999999272,16041.95,15882.6,16155.675,16175.558333333334,22.6998076923077,1,2022-05-12,26,0.1,20,0.5,0.5
2022-05-13 13:21:00,long,16067.65,2022-05-13 14:16:00,15923.4,STOP,-144.75,16032.3,15923.05,15847.583333333334,15888.85,22.796730769230784,1,2022-05-13,26,0.1,20,0.5,0.5
2022-05-17 10:41:00,long,16059.2,2022-05-17 11:26:00,16123.5,TARGET,63.79999999999927,15977.5,15900.8,15858.8,15859.233333333337,65.08200000000005,1,2022-05-17,28,0.28,20,0.5,0.5
2022-05-19 13:10:00,short,15817.85,2022-05-19 15:25:00,15840.1,EOD,-22.75,15984.75,15904.65,16262.466666666664,16305.5,65.80300000000005,1,2022-05-19,28,0.28,20,0.5,0.5
2022-05-20 14:52:00,long,16215.9,2022-05-20 15:25:00,16266.65,EOD,50.25,16140.25,16003.85,15853.058333333336,15879.975,72.10357142857147,1,2022-05-20,14,0.26,20,0.5,0.5
2022-05-25 11:45:00,short,16091.5,2022-05-25 13:39:00,16025.4,TARGET,65.60000000000036,16223.35,16174.25,16142.733333333334,16170.7,65.95085714285719,1,2022-05-25,14,0.26,20,0.5,0.5
2022-05-26 10:35:00,short,15944.0,2022-05-26 13:15:00,16136.7,STOP,-193.20000000000073,16129.9,16059.1,16059.616666666665,16115.150000000001,64.5125,1,2022-05-26,14,0.26,20,0.5,0.5
2022-05-31 14:04:00,long,16689.05,2022-05-31 15:07:00,16602.1,STOP,-87.45000000000073,16599.45,16521.9,16600.825,16643.541666666668,67.14999999999996,1,2022-05-31,28,0.28,20,0.5,0.5
2022-06-01 13:46:00,short,16491.3,2022-06-01 14:44:00,16447.35,TARGET,43.45000000000073,16649.2,16561.95,16560.44166666667,16606.325,49.879999999999995,1,2022-06-01,24,0.2,20,0.5,0.5
2022-06-02 13:03:00,long,16579.95,2022-06-02 14:15:00,16632.3,TARGET,51.849999999998545,16529.05,16443.05,16543.608333333337,16544.025,50.36416666666668,1,2022-06-02,24,0.2,20,0.5,0.5
2022-06-03 13:37:00,short,16675.2,2022-06-03 13:38:00,16682.3,STOP,-7.599999999998545,16793.85,16753.1,16544.725,16603.141666666663,49.96333333333335,1,2022-06-03,24,0.2,20,0.5,0.5
2022-06-08 14:42:00,short,16317.15,2022-06-08 15:25:00,16348.95,EOD,-32.30000000000109,16485.7,16378.2,16413.958333333332,16417.175,45.99833333333334,1,2022-06-08,24,0.2,20,0.5,0.5
2022-06-09 11:05:00,long,16372.45,2022-06-09 11:11:00,16366.65,STOP,-6.300000000001091,16324.4,16243.85,16366.908333333336,16403.825,45.39083333333332,1,2022-06-09,24,0.2,20,0.5,0.5
2022-06-10 13:37:00,short,16199.05,2022-06-10 15:25:00,16188.8,EOD,9.75,16324.7,16257.8,16368.325,16446.008333333335,46.27124999999997,1,2022-06-10,24,0.2,20,0.5,0.5
2022-06-13 13:56:00,short,15689.9,2022-06-13 15:25:00,15794.75,EOD,-105.35000000000036,15886.15,15773.95,16208.416666666668,16248.650000000001,45.358749999999965,1,2022-06-13,24,0.2,20,0.5,0.5
2022-06-14 10:38:00,long,15812.05,2022-06-14 11:03:00,15834.2,TARGET,21.650000000001455,15767.45,15659.45,15785.075,15791.191666666666,19.94821428571426,1,2022-06-14,14,0.1,20,0.5,0.5
2022-06-16 10:05:00,short,15776.35,2022-06-16 10:06:00,15776.8,STOP,-0.9499999999989086,15863.15,15802.25,15700.916666666666,15731.65,18.42678571428569,1,2022-06-16,14,0.1,20,0.5,0.5
2022-06-20 09:47:00,short,15214.8,2022-06-20 10:03:00,15310.45,STOP,-96.15000000000146,15363.1,15247.3,15291.9,15319.1,23.181333333333313,1,2022-06-20,30,0.1,20,0.5,0.5
2022-06-21 09:59:00,long,15543.25,2022-06-21 10:22:00,15577.9,TARGET,34.149999999999636,15489.5,15419.85,15286.8,15336.7,31.85974999999998,1,2022-06-21,28,0.14,20,0.5,0.5
2022-06-22 13:21:00,short,15416.1,2022-06-22 15:25:00,15404.85,EOD,10.75,15565.4,15459.9,15563.55,15609.516666666666,31.765749999999976,1,2022-06-22,28,0.14,20,0.5,0.5
2022-06-23 09:53:00,long,15565.3,2022-06-23 10:22:00,15600.65,TARGET,34.850000000000364,15526.25,15411.55,15428.125,15475.675,30.949249999999967,1,2022-06-23,28,0.14,20,0.5,0.5
2022-06-27 15:09:00,short,15823.55,2022-06-27 15:10:00,15829.65,STOP,-6.600000000000364,15927.45,15862.6,15684.35,15695.883333333333,29.82249999999996,1,2022-06-27,28,0.14,20,0.5,0.5
2022-06-28 14:42:00,long,15836.85,2022-06-28 14:43:00,15837.25,STOP,-0.1000000000003638,15792.35,15718.7,15845.924999999997,15871.475,29.43924999999997,1,2022-06-28,28,0.14,20,0.5,0.5
2022-06-29 10:24:00,long,15783.4,2022-06-29 10:25:00,15776.0,STOP,-7.899999999999636,15728.1,15687.8,15786.675,15830.258333333331,32.85261538461535,1,2022-06-29,26,0.16,20,0.5,0.5
2022-07-01 10:09:00,short,15547.9,2022-07-01 10:17:00,15534.85,TARGET,12.549999999999272,15719.95,15650.0,15771.724999999999,15812.075,32.41599999999998,1,2022-07-01,26,0.16,20,0.5,0.5
2022-07-04 15:15:00,long,15837.55,2022-07-04 15:25:00,15835.0,EOD,-3.0499999999992724,15797.45,15695.05,15649.575,15740.591666666667,32.279999999999994,1,2022-07-04,26,0.16,20,0.5,0.5
2022-07-05 10:08:00,long,15971.65,2022-07-05 11:24:00,16011.0,TARGET,38.850000000000364,15935.05,15891.55,15757.075,15809.358333333334,32.537846153846154,1,2022-07-05,26,0.16,20,0.5,0.5
2022-07-06 12:57:00,long,15964.45,2022-07-06 13:13:00,15992.45,TARGET,27.5,15905.0,15816.25,15839.066666666668,15905.6,32.85138461538462,1,2022-07-06,26,0.16,20,0.5,0.5
2022-07-11 14:13:00,long,16208.6,2022-07-11 14:14:00,16211.1,STOP,2.0,16166.75,16117.85,16216.7,16221.833333333336,31.971666666666657,1,2022-07-11,24,0.16,20,0.5,0.5
2022-07-12 15:20:00,short,16034.3,2022-07-12 15:25:00,16043.45,EOD,-9.650000000001455,16150.5,16103.35,16182.025,16192.075000000003,31.924333333333323,1,2022-07-12,24,0.16,20,0.5,0.5
2022-07-13 10:43:00,short,16069.45,2022-07-13 11:25:00,16097.65,STOP,-28.69999999999891,16139.6,16102.2,16060.833333333334,16096.6,23.242333333333367,1,2022-07-13,12,0.14,20,0.5,0.5
2022-07-14 12:08:00,short,15938.2,2022-07-14 14:00:00,15899.25,TARGET,38.45000000000073,16047.65,15993.7,16001.125,16045.075,35.3270769230769,1,2022-07-14,26,0.18,20,0.5,0.5
2022-07-15 12:27:00,short,15933.65,2022-07-15 12:49:00,15969.3,STOP,-36.149999999999636,16041.25,15982.85,15955.541666666668,15964.525000000001,35.26961538461537,1,2022-07-15,26,0.18,20,0.5,0.5
2022-07-18 14:17:00,long,16235.65,2022-07-18 15:00:00,16269.3,TARGET,33.149999999999636,16199.7,16142.2,15997.125,16038.341666666664,31.479272727272736,1,2022-07-18,22,0.16,20,0.5,0.5
2022-07-19 10:47:00,long,16302.05,2022-07-19 14:32:00,16327.45,TARGET,24.900000000001455,16267.3,16194.75,16215.075,16261.591666666667,28.698909090909105,1,2022-07-19,22,0.16,20,0.5,0.5
2022-07-21 10:17:00,long,16574.95,2022-07-21 13:54:00,16516.8,STOP,-58.650000000001455,16538.3,16483.9,16518.75833333333,16544.775,29.313000000000045,1,2022-07-21,18,0.18,20,0.5,0.5
2022-07-22 14:29:00,long,16741.6,2022-07-22 15:25:00,16708.55,EOD,-33.54999999999927,16704.8,16653.45,16554.2,16599.366666666672,29.599500000000024,1,2022-07-22,18,0.18,20,0.5,0.5
2022-07-25 10:09:00,short,16602.2,2022-07-25 11:07:00,16580.35,TARGET,21.350000000002183,16706.05,16633.8,16681.575,16699.891666666666,19.27950000000001,1,2022-07-25,20,0.12,20,0.5,0.5
2022-07-26 10:37:00,short,16502.15,2022-07-26 15:14:00,16483.2,TARGET,18.450000000000728,16636.1,16536.65,16615.216666666667,16635.15,19.458600000000004,1,2022-07-26,20,0.12,20,0.5,0.5
2022-07-27 10:46:00,long,16545.7,2022-07-27 11:43:00,16566.1,TARGET,19.899999999997817,16512.1,16438.75,16501.85,16552.75,19.540499999999977,1,2022-07-27,20,0.12,20,0.5,0.5
2022-07-28 10:25:00,long,16849.55,2022-07-28 11:14:00,16876.7,TARGET,26.650000000001455,16791.75,16751.05,16546.1,16610.066666666666,28.647499999999948,1,2022-07-28,18,0.18,20,0.5,0.5
2022-07-29 15:18:00,long,17167.95,2022-07-29 15:25:00,17162.4,EOD,-6.049999999999272,17118.75,17059.8,16846.95,16903.95,28.755999999999947,1,2022-07-29,18,0.18,20,0.5,0.5
2022-08-01 10:43:00,long,17282.45,2022-08-01 13:57:00,17308.95,TARGET,26.0,17244.8,17154.8,17095.475,17140.425000000003,25.983384615384598,1,2022-08-01,26,0.16,20,0.5,0.5
2022-08-02 10:15:00,short,17233.0,2022-08-02 13:49:00,17308.55,STOP,-76.04999999999927,17331.35,17268.2,17255.525,17306.108333333337,26.424307692307686,1,2022-08-02,26,0.16,20,0.5,0.5
2022-08-03 10:56:00,short,17262.45,2022-08-03 12:56:00,17303.35,STOP,-41.39999999999782,17385.0,17311.8,17300.566666666666,17303.0,42.50468181818179,1,2022-08-03,22,0.26,20,0.5,0.5
2022-08-04 10:39:00,short,17416.05,2022-08-04 10:40:00,17422.55,STOP,-7.0,17490.7,17446.95,17314.55,17368.483333333334,20.255,1,2022-08-04,24,0.12,20,0.5,0.5
2022-08-08 11:37:00,long,17480.7,2022-08-08 12:33:00,17522.55,TARGET,41.349999999998545,17428.65,17359.75,17402.55833333333,17411.575,42.40422727272729,1,2022-08-08,22,0.26,20,0.5,0.5
2022-08-12 11:15:00,long,17681.15,2022-08-12 12:50:00,17699.65,TARGET,18.0,17661.15,17597.85,17660.208333333336,17675.625,19.392750000000003,1,2022-08-12,24,0.12,20,0.5,0.5
2022-08-16 11:07:00,long,17834.8,2022-08-16 15:25:00,17831.45,EOD,-3.849999999998545,17808.45,17764.05,17661.25,17688.950000000004,19.438750000000017,1,2022-08-16,24,0.12,20,0.5,0.5
2022-08-17 10:12:00,long,17913.05,2022-08-17 11:14:00,17931.45,TARGET,17.900000000001455,17883.15,17833.35,17801.574999999997,17821.824999999997,19.148750000000017,1,2022-08-17,24,0.12,20,0.5,0.5
2022-08-18 10:09:00,long,17952.8,2022-08-18 10:29:00,17898.05,STOP,-55.25,17924.85,17863.45,17899.65,17921.016666666663,19.19025000000003,1,2022-08-18,24,0.12,20,0.5,0.5
2022-08-19 11:10:00,short,17874.85,2022-08-19 11:25:00,17848.6,TARGET,25.75,17992.2,17950.8,17910.25,17947.450000000004,21.631750000000146,1,2022-08-19,12,0.14,20,0.5,0.5
2022-08-22 10:30:00,short,17576.1,2022-08-22 10:45:00,17557.6,TARGET,18.0,17690.05,17607.4,17772.191666666666,17851.475,22.56508333333348,1,2022-08-22,12,0.14,20,0.5,0.5
2022-08-23 09:57:00,long,17569.35,2022-08-23 10:14:00,17515.25,STOP,-54.599999999998545,17521.15,17345.2,17520.199999999997,17578.699999999997,23.129750000000122,1,2022-08-23,12,0.14,20,0.5,0.5
2022-08-25 15:01:00,short,17527.55,2022-08-25 15:25:00,17513.4,EOD,13.649999999997817,17707.55,17659.25,17561.45,17593.716666666664,50.99678571428591,1,2022-08-25,14,0.3,20,0.5,0.5
2022-08-26 15:08:00,short,17552.05,2022-08-26 15:25:00,17573.7,EOD,-22.150000000001455,17685.85,17613.75,17544.25833333333,17606.975,52.31785714285729,1,2022-08-26,14,0.3,20,0.5,0.5
2022-08-29 11:44:00,long,17332.4,2022-08-29 11:45:00,17337.45,STOP,4.549999999999272,17272.8,17166.2,17583.0,17602.6,50.71600000000008,1,2022-08-29,30,0.3,20,0.5,0.5
2022-08-30 10:48:00,long,17527.4,2022-08-30 11:30:00,17551.7,TARGET,23.799999999999272,17472.95,17401.5,17273.175000000003,17305.85833333333,24.02341666666673,1,2022-08-30,12,0.14,20,0.5,0.5
2022-09-01 10:16:00,long,17665.15,2022-09-01 11:54:00,17593.65,STOP,-72.0,17581.8,17485.55,17589.575,17711.358333333334,54.72750000000017,1,2022-09-01,14,0.3,20,0.5,0.5
2022-09-02 10:04:00,short,17491.35,2022-09-02 12:57:00,17581.0,STOP,-90.15000000000146,17643.85,17540.6,17562.275,17582.025,28.563500000000037,1,2022-09-02,12,0.14,20,0.5,0.5
2022-09-05 12:26:00,long,17671.75,2022-09-05 15:25:00,17660.3,EOD,-11.950000000000728,17632.55,17540.35,17542.816666666666,17560.15,29.522285714285744,1,2022-09-05,28,0.16,20,0.5,0.5
2022-09-06 10:25:00,short,17609.65,2022-09-06 11:05:00,17649.65,STOP,-40.5,17764.65,17691.5,17611.75,17644.450000000004,54.49800000000007,1,2022-09-06,30,0.3,20,0.5,0.5
2022-09-07 13:23:00,long,17629.05,2022-09-07 13:24:00,17629.6,STOP,0.049999999999272404,17593.8,17484.3,17656.683333333334,17676.15,29.731714285714343,1,2022-09-07,28,0.16,20,0.5,0.5
2022-09-09 12:20:00,short,17840.5,2022-09-09 12:21:00,17837.3,STOP,2.7000000000007276,17925.95,17871.2,17749.800000000003,17782.6,29.254400000000064,1,2022-09-09,30,0.16,20,0.5,0.5
2022-09-12 12:02:00,long,17964.5,2022-09-12 15:25:00,17924.05,EOD,-40.95000000000073,17925.75,17889.15,17828.25833333333,17855.975,29.111733333333415,1,2022-09-12,30,0.16,20,0.5,0.5
2022-09-14 12:06:00,long,17995.85,2022-09-14 12:07:00,17997.95,STOP,1.6000000000021828,17932.6,17778.55,18051.875,18059.791666666664,51.03612499999998,1,2022-09-14,16,0.28,20,0.5,0.5
2022-09-15 10:06:00,short,17958.9,2022-09-15 10:07:00,17973.95,STOP,-15.549999999999272,18096.15,18042.9,17935.05,17968.05,52.61637499999997,1,2022-09-15,16,0.28,20,0.5,0.5
2022-09-16 12:12:00,short,17656.25,2022-09-16 13:13:00,17604.5,TARGET,51.25,17820.05,17716.1,17903.474999999995,17978.825,51.94700000000003,1,2022-09-16,16,0.28,20,0.5,0.5
2022-09-19 10:08:00,long,17636.55,2022-09-19 15:25:00,17634.0,EOD,-3.0499999999992724,17575.75,17429.7,17575.683333333334,17658.65,55.44155555555554,1,2022-09-19,18,0.28,20,0.5,0.5
2022-09-20 10:14:00,long,17855.45,2022-09-20 10:39:00,17869.35,TARGET,13.399999999997817,17831.75,17744.4,17548.45,17605.81666666667,18.68916666666669,1,2022-09-20,30,0.1,20,0.5,0.5
2022-09-21 11:58:00,short,17711.25,2022-09-21 12:00:00,17691.6,TARGET,19.150000000001455,17838.7,17761.2,17813.983333333337,17831.85,18.174000000000017,1,2022-09-21,30,0.1,20,0.5,0.5
2022-09-23 09:52:00,short,17456.05,2022-09-23 10:18:00,17424.75,TARGET,30.799999999999272,17642.15,17499.4,17627.6,17628.733333333337,31.55679999999999,1,2022-09-23,20,0.16,20,0.5,0.5
2022-09-26 10:28:00,short,17012.35,2022-09-26 11:11:00,16985.0,TARGET,26.849999999998545,17196.4,17072.95,17369.066666666666,17466.9,32.44839999999999,1,2022-09-26,20,0.16,20,0.5,0.5
2022-09-27 10:30:00,short,17009.2,2022-09-27 11:04:00,16977.25,TARGET,31.450000000000728,17176.45,17060.4,17043.483333333337,17087.35,32.86120000000001,1,2022-09-27,20,0.16,20,0.5,0.5
2022-09-28 10:09:00,long,16946.85,2022-09-28 10:10:00,16937.2,STOP,-10.149999999997817,16895.1,16825.4,17036.333333333336,17059.4,33.022400000000026,1,2022-09-28,20,0.16,20,0.5,0.5
2022-09-29 11:53:00,short,16898.45,2022-09-29 12:35:00,16866.95,TARGET,31.0,17026.05,16955.5,16867.666666666664,16931.5,31.710799999999992,1,2022-09-29,20,0.16,20,0.5,0.5
2022-09-30 10:38:00,long,16930.1,2022-09-30 10:47:00,16966.35,TARGET,35.75,16836.15,16747.7,16848.041666666664,16907.324999999997,31.793200000000013,1,2022-09-30,20,0.16,20,0.5,0.5
2022-10-03 10:09:00,short,16965.7,2022-10-03 14:00:00,16932.8,TARGET,32.400000000001455,17114.65,17011.05,16967.4,17066.733333333337,30.168249999999993,1,2022-10-03,28,0.14,20,0.5,0.5
2022-10-04 15:20:00,long,17275.2,2022-10-04 15:25:00,17278.1,EOD,2.399999999997817,17235.95,17117.3,16916.1,16985.1,30.457538461538473,1,2022-10-04,26,0.14,20,0.5,0.5
2022-10-10 12:04:00,long,17189.8,2022-10-10 12:05:00,17190.25,STOP,-0.049999999999272404,17149.65,17064.7,17277.15,17305.483333333337,28.51773076923076,1,2022-10-10,26,0.14,20,0.5,0.5
2022-10-11 10:36:00,short,17130.25,2022-10-11 14:27:00,17091.5,TARGET,38.25,17261.8,17172.95,17172.425000000003,17220.408333333333,28.454730769230775,1,2022-10-11,26,0.14,20,0.5,0.5
2022-10-12 14:39:00,long,17106.25,2022-10-12 15:07:00,17136.8,TARGET,30.049999999999272,17064.1,16976.75,17007.958333333336,17107.775,34.03533333333333,1,2022-10-12,24,0.16,20,0.5,0.5
2022-10-13 10:32:00,short,17001.7,2022-10-13 11:56:00,16967.45,TARGET,33.75,17112.35,17069.35,17051.199999999997,17101.0,34.140999999999984,1,2022-10-13,24,0.16,20,0.5,0.5
2022-10-14 14:26:00,short,17232.95,2022-10-14 14:27:00,17231.7,STOP,0.75,17331.65,17277.25,17026.949999999997,17034.65,34.40566666666663,1,2022-10-14,24,0.16,20,0.5,0.5
2022-10-17 10:40:00,long,17278.9,2022-10-17 13:23:00,17310.05,TARGET,30.649999999997817,17201.0,17098.55,17216.483333333337,17259.15,34.66466666666662,1,2022-10-17,24,0.16,20,0.5,0.5
2022-10-19 14:59:00,short,17496.05,2022-10-19 15:00:00,17513.45,STOP,-17.900000000001455,17585.4,17535.75,17480.925,17486.008333333328,35.72799999999998,1,2022-10-19,24,0.16,20,0.5,0.5
2022-10-20 14:38:00,long,17532.55,2022-10-20 14:39:00,17541.9,STOP,8.850000000002183,17469.85,17422.05,17532.675000000003,17540.225,41.415357142857104,1,2022-10-20,28,0.2,20,0.5,0.5
2022-10-21 14:36:00,short,17541.5,2022-10-21 14:40:00,17553.9,STOP,-12.900000000001455,17657.65,17603.7,17502.575,17549.158333333336,41.58107142857139,1,2022-10-21,28,0.2,20,0.5,0.5
2022-10-25 15:17:00,short,17654.45,2022-10-25 15:18:00,17652.65,STOP,1.2999999999992724,17811.5,17708.75,17595.45,17595.516666666666,41.99535714285713,1,2022-10-25,28,0.2,20,0.5,0.5
2022-10-27 12:27:00,short,17690.8,2022-10-27 15:08:00,17727.0,STOP,-36.70000000000073,17783.9,17745.95,17669.516666666666,17725.55,42.702857142857155,1,2022-10-27,28,0.2,20,0.5,0.5
2022-10-31 15:08:00,long,18012.8,2022-10-31 15:25:00,18018.15,EOD,4.850000000002183,17961.85,17899.9,17781.300000000003,17790.4,30.18150000000003,1,2022-10-31,12,0.18,20,0.5,0.5
2022-11-01 10:17:00,long,18159.65,2022-11-01 13:04:00,18081.3,STOP,-78.85000000000218,18122.65,18084.9,17961.15,17999.483333333337,27.39825000000004,1,2022-11-01,12,0.18,20,0.5,0.5
2022-11-02 12:52:00,short,18068.45,2022-11-02 14:12:00,18051.55,TARGET,16.400000000001455,18178.75,18101.85,18117.975,18137.858333333337,17.599000000000014,1,2022-11-02,12,0.12,20,0.5,0.5
2022-11-03 10:30:00,long,18096.2,2022-11-03 10:32:00,18090.6,STOP,-6.100000000002183,18070.95,17959.2,18090.399999999998,18113.7,17.34600000000002,1,2022-11-03,12,0.12,20,0.5,0.5
2022-11-04 10:50:00,short,18022.8,2022-11-04 11:24:00,18049.65,STOP,-27.350000000002183,18108.0,18046.85,18032.75,18046.916666666664,17.029000000000014,1,2022-11-04,12,0.12,20,0.5,0.5
2022-11-07 09:58:00,short,18157.8,2022-11-07 09:59:00,18154.65,STOP,2.649999999997817,18255.5,18179.05,18073.225,18109.74166666667,15.850499999999993,1,2022-11-07,12,0.12,20,0.5,0.5
2022-11-09 10:27:00,short,18207.05,2022-11-09 10:28:00,18213.9,STOP,-7.350000000002183,18296.4,18228.8,18160.125,18197.875,16.820499999999992,1,2022-11-09,12,0.12,20,0.5,0.5
2022-11-10 12:25:00,short,18003.0,2022-11-10 12:50:00,17983.0,TARGET,19.5,18103.1,18027.5,18160.583333333332,18206.95,17.262000000000004,1,2022-11-10,12,0.12,20,0.5,0.5
2022-11-11 15:08:00,long,18360.6,2022-11-11 15:25:00,18351.35,EOD,-9.75,18332.2,18259.35,18036.25,18036.916666666664,16.967499999999962,1,2022-11-11,12,0.12,20,0.5,0.5
2022-11-15 09:55:00,short,18291.95,2022-11-15 14:59:00,18358.5,STOP,-67.04999999999927,18378.15,18326.5,18332.74166666667,18355.425000000003,13.045416666666611,1,2022-11-15,12,0.1,20,0.5,0.5
2022-11-18 10:45:00,short,18269.95,2022-11-18 11:12:00,18229.25,TARGET,40.20000000000073,18394.6,18316.95,18341.591666666667,18365.275,42.14312499999992,1,2022-11-18,24,0.3,20,0.5,0.5
2022-11-22 15:09:00,long,18244.1,2022-11-22 15:25:00,18252.15,EOD,7.55000000000291,18191.9,18137.7,18173.708333333336,18197.824999999997,41.84374999999995,1,2022-11-22,24,0.3,20,0.5,0.5
2022-11-24 10:59:00,long,18369.0,2022-11-24 15:00:00,18420.05,TARGET,50.54999999999927,18327.0,18294.25,18264.466666666664,18285.7,41.11286666666661,1,2022-11-24,30,0.28,20,0.5,0.5
2022-11-28 11:55:00,long,18580.1,2022-11-28 15:25:00,18549.25,EOD,-31.349999999998545,18537.7,18365.6,18490.0,18503.333333333336,39.92538461538462,1,2022-11-28,26,0.3,20,0.5,0.5
2022-11-29 13:39:00,long,18669.6,2022-11-29 15:25:00,18606.35,EOD,-63.75,18631.65,18552.15,18489.925,18529.80833333333,35.406090909090885,1,2022-11-29,22,0.26,20,0.5,0.5
2022-11-30 15:13:00,long,18761.2,2022-11-30 15:25:00,18796.7,EOD,35.0,18679.55,18616.7,18609.60833333333,18615.125,41.61115384615383,1,2022-11-30,26,0.3,20,0.5,0.5
2022-12-02 11:40:00,short,18665.1,2022-12-02 15:25:00,18706.75,EOD,-42.150000000001455,18781.95,18720.4,18814.833333333336,18832.9,41.40057692307687,1,2022-12-02,26,0.3,20,0.5,0.5
2022-12-05 10:05:00,short,18603.0,2022-12-05 12:27:00,18706.75,STOP,-104.25,18728.6,18647.0,18707.69166666667,18710.575,33.42479999999999,1,2022-12-05,30,0.24,20,0.5,0.5
2022-12-07 15:20:00,short,18531.3,2022-12-07 15:25:00,18543.3,EOD,-12.5,18655.3,18608.45,18616.4,18627.9,40.42660714285707,1,2022-12-07,28,0.3,20,0.5,0.5
2022-12-09 10:36:00,short,18561.65,2022-12-09 12:33:00,18523.35,TARGET,37.80000000000291,18664.7,18617.3,18580.975,18601.99166666667,32.00879999999993,1,2022-12-09,30,0.24,20,0.5,0.5
2022-12-12 10:08:00,long,18483.4,2022-12-12 10:09:00,18476.9,STOP,-7.0,18420.25,18345.7,18504.1,18537.4,45.842500000000015,1,2022-12-12,12,0.3,20,0.5,0.5
2022-12-13 11:37:00,long,18580.65,2022-12-13 15:01:00,18614.4,TARGET,33.25,18540.85,18511.6,18433.625,18477.674999999996,33.49559999999992,1,2022-12-13,30,0.24,20,0.5,0.5
2022-12-15 12:35:00,short,18523.75,2022-12-15 14:30:00,18491.15,TARGET,32.099999999998545,18652.9,18579.3,18651.200000000004,18664.5,33.101571428571354,1,2022-12-15,28,0.24,20,0.5,0.5
2022-12-19 10:49:00,long,18351.7,2022-12-19 14:39:00,18393.0,TARGET,40.79999999999927,18306.85,18244.55,18289.091666666667,18348.275,35.706599999999995,1,2022-12-19,20,0.24,20,0.5,0.5
2022-12-20 11:45:00,short,18212.1,2022-12-20 15:00:00,18365.05,STOP,-153.45000000000073,18355.2,18256.95,18338.025,18397.50833333333,36.402599999999985,1,2022-12-20,20,0.24,20,0.5,0.5
2022-12-21 10:04:00,short,18372.8,2022-12-21 10:05:00,18377.65,STOP,-5.350000000002183,18473.35,18428.25,18303.775,18361.191666666666,45.882954545454545,1,2022-12-21,22,0.3,20,0.5,0.5
2022-12-22 10:39:00,short,18124.2,2022-12-22 12:12:00,18077.65,TARGET,46.04999999999927,18318.75,18184.7,18231.31666666667,18318.05,48.35999999999997,1,2022-12-22,22,0.3,20,0.5,0.5
2022-12-23 11:48:00,short,17868.65,2022-12-23 14:50:00,17825.7,TARGET,42.45000000000073,18050.45,17965.65,18144.491666666665,18193.675,50.439999999999905,1,2022-12-23,18,0.3,20,0.5,0.5
2022-12-26 11:39:00,long,17986.25,2022-12-26 14:33:00,18045.15,TARGET,58.400000000001455,17914.75,17774.25,17848.425000000003,17914.975,59.50500000000001,1,2022-12-26,12,0.3,20,0.5,0.5
2022-12-29 14:52:00,long,18141.75,2022-12-29 15:13:00,18195.65,TARGET,53.400000000001455,18061.0,18011.8,18116.108333333337,18120.725,61.452499999999965,1,2022-12-29,12,0.3,20,0.5,0.5
2022-12-30 15:09:00,short,18115.35,2022-12-30 15:25:00,18111.05,EOD,3.7999999999992724,18264.7,18210.75,18101.175,18168.158333333336,63.69499999999998,1,2022-12-30,12,0.3,20,0.5,0.5
2023-01-04 10:03:00,short,18117.85,2023-01-04 12:04:00,18056.45,TARGET,60.89999999999782,18243.0,18200.1,18200.875,18224.725,57.136333333333354,1,2023-01-04,12,0.28,20,0.5,0.5
2023-01-05 12:35:00,short,17963.5,2023-01-05 13:22:00,17909.1,TARGET,53.900000000001455,18120.3,18031.15,18066.400000000005,18131.8,57.96350000000004,1,2023-01-05,12,0.28,20,0.5,0.5
2023-01-06 12:41:00,short,17881.15,2023-01-06 13:21:00,17819.2,TARGET,61.45000000000073,18027.25,17970.2,17996.549999999996,18006.449999999997,62.8003125000001,1,2023-01-06,16,0.3,20,0.5,0.5
2023-01-09 11:20:00,long,18108.4,2023-01-09 15:25:00,18096.15,EOD,-12.75,18031.85,17936.15,17878.425000000003,17921.475,62.55000000000013,1,2023-01-09,16,0.3,20,0.5,0.5
2023-01-10 11:36:00,short,17931.8,2023-01-10 13:41:00,17866.05,TARGET,65.25,18127.6,18006.25,18038.775,18077.358333333337,60.148750000000106,1,2023-01-10,12,0.3,20,0.5,0.5
2023-01-12 10:28:00,short,17830.95,2023-01-12 13:35:00,17770.6,TARGET,59.85000000000218,17941.4,17895.6,17893.65,17900.35,56.218750000000085,1,2023-01-12,12,0.3,20,0.5,0.5
2023-01-13 13:05:00,long,17938.0,2023-01-13 14:05:00,17992.95,TARGET,54.45000000000073,17872.6,17788.45,17853.725,17861.941666666666,56.27750000000005,1,2023-01-13,12,0.3,20,0.5,0.5
2023-01-16 12:25:00,short,17902.35,2023-01-16 13:31:00,17944.2,STOP,-42.35000000000218,18049.65,17966.6,17886.8,17936.766666666666,59.28625000000002,1,2023-01-16,12,0.3,20,0.5,0.5
2023-01-17 15:09:00,long,18052.2,2023-01-17 15:25:00,18054.3,EOD,1.5999999999985448,17977.95,17886.95,17916.61666666667,17951.65,58.76750000000002,1,2023-01-17,12,0.3,20,0.5,0.5
2023-01-18 11:40:00,long,18164.65,2023-01-18 15:25:00,18167.5,EOD,2.349999999998545,18090.55,18032.45,17979.5,18029.700000000004,58.77124999999997,1,2023-01-18,12,0.3,20,0.5,0.5
2023-01-24 13:38:00,short,18105.7,2023-01-24 14:06:00,18112.05,STOP,-6.849999999998545,18196.5,18156.55,18112.675000000003,18113.025,35.274999999999956,1,2023-01-24,16,0.2,20,0.5,0.5
2023-01-25 10:16:00,short,17949.2,2023-01-25 10:58:00,17915.55,TARGET,33.150000000001455,18100.6,18024.65,18118.649999999998,18139.95,35.21312499999995,1,2023-01-25,16,0.2,20,0.5,0.5
2023-01-27 11:44:00,short,17660.6,2023-01-27 12:13:00,17624.75,TARGET,35.349999999998545,17884.75,17715.55,17926.125,17973.375,37.116874999999894,1,2023-01-27,16,0.2,20,0.5,0.5
2023-02-01 12:36:00,long,17940.6,2023-02-01 13:38:00,17741.9,STOP,-199.1999999999971,17815.3,17738.4,17636.625,17659.00833333333,39.5043749999999,1,2023-02-01,16,0.2,20,0.5,0.5
2023-02-03 10:47:00,short,17596.0,2023-02-03 10:48:00,17604.25,STOP,-8.75,17728.45,17651.95,17549.925000000003,17595.675000000003,36.70666666666662,1,2023-02-03,12,0.16,20,0.5,0.5
2023-02-07 12:23:00,short,17706.35,2023-02-07 12:50:00,17676.05,TARGET,29.799999999999272,17811.15,17755.8,17761.025,17764.308333333334,35.47709090909087,1,2023-02-07,22,0.16,20,0.5,0.5
2023-02-08 11:58:00,long,17870.8,2023-02-08 15:25:00,17867.35,EOD,-3.9500000000007276,17829.5,17744.15,17716.58333333333,17731.85,34.97454545454543,1,2023-02-08,22,0.16,20,0.5,0.5
2023-02-13 10:12:00,short,17755.1,2023-02-13 12:17:00,17723.8,TARGET,30.799999999999272,17880.7,17806.05,17838.975,17851.291666666664,32.34836363636362,1,2023-02-13,22,0.16,20,0.5,0.5
2023-02-14 12:15:00,long,17905.5,2023-02-14 13:58:00,17935.7,TARGET,29.700000000000728,17850.9,17801.8,17777.941666666666,17800.225,32.413454545454535,1,2023-02-14,22,0.16,20,0.5,0.5
2023-02-15 11:21:00,long,17944.1,2023-02-15 15:00:00,17986.55,TARGET,41.95000000000073,17905.8,17859.2,17877.3,17909.833333333332,32.19781818181819,1,2023-02-15,22,0.16,20,0.5,0.5
2023-02-20 13:42:00,short,17858.7,2023-02-20 14:22:00,17827.45,TARGET,30.75,17979.45,17909.95,17950.241666666665,17959.425,31.02290909090913,1,2023-02-20,22,0.16,20,0.5,0.5
2023-02-21 12:43:00,short,17826.7,2023-02-21 15:25:00,17839.95,EOD,-13.75,17905.85,17858.85,17871.625,17911.375,31.274909090909116,1,2023-02-21,22,0.16,20,0.5,0.5
2023-02-22 09:57:00,short,17682.65,2023-02-22 11:38:00,17651.8,TARGET,30.350000000002183,17772.5,17729.4,17847.166666666664,17862.6,31.51600000000003,1,2023-02-22,22,0.16,20,0.5,0.5
2023-02-24 11:45:00,short,17499.0,2023-02-24 12:20:00,17466.55,TARGET,31.950000000000728,17599.75,17551.15,17523.074999999997,17537.725,32.82000000000003,1,2023-02-24,22,0.16,20,0.5,0.5
2023-02-27 10:17:00,short,17315.95,2023-02-27 15:25:00,17406.65,EOD,-91.20000000000073,17451.6,17358.4,17483.525,17510.775,33.2225454545455,1,2023-02-27,22,0.16,20,0.5,0.5
2023-02-28 13:50:00,short,17323.55,2023-02-28 14:01:00,17292.2,TARGET,30.849999999998545,17438.8,17367.4,17375.3,17395.866666666665,32.481818181818234,1,2023-02-28,22,0.16,20,0.5,0.5
2023-03-01 14:36:00,long,17453.35,2023-03-01 15:25:00,17454.6,EOD,0.75,17410.3,17345.25,17317.108333333334,17347.825,30.984000000000048,1,2023-03-01,22,0.16,20,0.5,0.5
2023-03-02 14:05:00,short,17314.25,2023-03-02 15:25:00,17317.0,EOD,-3.25,17445.8,17363.0,17406.5,17438.9,39.783333333333395,1,2023-03-02,24,0.2,20,0.5,0.5
2023-03-03 10:46:00,long,17546.55,2023-03-03 13:33:00,17587.2,TARGET,40.150000000001455,17487.1,17427.7,17336.300000000003,17375.9,36.55318181818184,1,2023-03-03,22,0.2,20,0.5,0.5
2023-03-08 15:08:00,long,17761.15,2023-03-08 15:25:00,17762.7,EOD,1.0499999999992724,17684.15,17602.25,17724.883333333335,17735.95,32.17409090909092,1,2023-03-08,22,0.2,20,0.5,0.5
2023-03-09 10:19:00,short,17679.65,2023-03-09 12:49:00,17645.85,TARGET,33.30000000000291,17772.35,17717.1,17684.375,17736.924999999996,34.17300000000003,1,2023-03-09,22,0.22,20,0.5,0.5
2023-03-13 12:09:00,short,17339.85,2023-03-13 12:42:00,17304.9,TARGET,34.44999999999709,17529.9,17386.95,17387.925,17410.341666666664,34.84359999999999,1,2023-03-13,20,0.22,20,0.5,0.5
2023-03-14 11:11:00,short,17062.5,2023-03-14 13:16:00,17015.15,TARGET,46.849999999998545,17224.05,17112.4,17233.458333333336,17321.675000000003,41.42678571428574,1,2023-03-14,28,0.22,20,0.5,0.5
2023-03-15 12:20:00,short,17088.55,2023-03-15 12:25:00,17107.05,STOP,-19.0,17211.35,17149.45,17068.791666666664,17105.875,38.431250000000055,1,2023-03-15,28,0.22,20,0.5,0.5
2023-03-17 11:39:00,short,16997.1,2023-03-17 11:40:00,16996.05,STOP,0.5499999999992724,17145.8,17079.3,16956.300000000003,16981.700000000004,58.97249999999998,1,2023-03-17,14,0.3,20,0.5,0.5
2023-03-20 12:32:00,short,16857.2,2023-03-20 15:25:00,17004.2,EOD,-147.5,17057.55,16932.95,17051.975,17078.358333333337,59.18035714285706,1,2023-03-20,14,0.3,20,0.5,0.5
2023-03-23 10:24:00,long,17158.2,2023-03-23 10:25:00,17156.05,STOP,-2.650000000001455,17101.35,17045.3,17153.150000000005,17157.55,42.29399999999999,1,2023-03-23,28,0.24,20,0.5,0.5
2023-03-24 15:24:00,short,16919.3,2023-03-24 15:25:00,16926.25,EOD,-7.450000000000728,17109.45,16994.9,17092.11666666667,17125.35,43.01528571428572,1,2023-03-24,28,0.24,20,0.5,0.5
2023-03-27 14:29:00,long,17084.15,2023-03-27 15:21:00,16955.6,STOP,-129.0500000000029,17017.55,16918.55,16954.966666666667,17013.4,43.28228571428573,1,2023-03-27,28,0.24,20,0.5,0.5
2023-03-28 14:15:00,short,16925.3,2023-03-28 15:25:00,16955.2,EOD,-30.400000000001455,17061.75,17000.45,16981.99166666667,17004.775,59.603571428571584,1,2023-03-28,14,0.3,20,0.5,0.5
2023-03-29 15:10:00,long,17075.85,2023-03-29 15:19:00,17099.7,TARGET,23.350000000002183,17023.2,16976.65,16965.716666666667,16987.75,25.689461538461547,1,2023-03-29,26,0.14,20,0.5,0.5
2023-03-31 12:39:00,long,17315.8,2023-03-31 13:43:00,17342.3,TARGET,26.0,17279.2,17204.65,17028.75,17086.416666666664,25.637500000000042,1,2023-03-31,26,0.14,20,0.5,0.5
2023-04-05 10:36:00,long,17508.8,2023-04-05 12:50:00,17536.1,TARGET,26.799999999999272,17470.45,17402.7,17370.4,17391.566666666666,25.231500000000015,1,2023-04-05,26,0.14,20,0.5,0.5
2023-04-06 10:12:00,long,17576.8,2023-04-06 10:43:00,17598.85,TARGET,21.549999999999272,17544.7,17511.55,17486.15,17538.816666666666,25.419041666666686,1,2023-04-06,24,0.14,20,0.5,0.5
2023-04-10 12:28:00,long,17686.8,2023-04-10 14:18:00,17611.4,STOP,-75.89999999999782,17651.7,17608.8,17570.775,17591.558333333334,25.130875000000035,1,2023-04-10,24,0.14,20,0.5,0.5
2023-04-12 13:28:00,long,17805.55,2023-04-12 15:25:00,17820.25,EOD,14.200000000000728,17777.35,17717.25,17701.95,17719.283333333336,24.758045454545478,1,2023-04-12,22,0.14,20,0.5,0.5
2023-04-13 12:23:00,short,17737.55,2023-04-13 14:21:00,17801.85,STOP,-64.79999999999927,17820.2,17767.95,17771.5,17804.333333333336,24.40327272727275,1,2023-04-13,22,0.14,20,0.5,0.5
2023-04-17 10:06:00,short,17591.3,2023-04-17 15:25:00,17707.45,EOD,-116.65000000000146,17771.05,17620.1,17785.9,17820.066666666666,23.85440909090911,1,2023-04-17,22,0.14,20,0.5,0.5
2023-04-18 10:12:00,short,17665.95,2023-04-18 10:46:00,17687.6,STOP,-22.149999999997817,17755.8,17711.7,17672.55,17695.483333333334,31.241454545454555,1,2023-04-18,22,0.18,20,0.5,0.5
2023-04-21 10:47:00,short,17592.3,2023-04-21 13:03:00,17566.9,TARGET,24.899999999997817,17663.2,17628.8,17628.4,17634.4,27.79500000000003,1,2023-04-21,16,0.2,20,0.5,0.5
2023-04-24 15:16:00,long,17744.65,2023-04-24 15:25:00,17750.25,EOD,5.099999999998545,17709.2,17639.6,17608.575,17614.325,26.759375000000002,1,2023-04-24,16,0.2,20,0.5,0.5
2023-04-25 14:24:00,long,17798.75,2023-04-25 15:25:00,17766.2,EOD,-33.04999999999927,17767.05,17716.85,17682.25,17727.916666666664,26.347499999999993,1,2023-04-25,16,0.2,20,0.5,0.5
2023-04-26 15:16:00,long,17819.2,2023-04-26 15:25:00,17825.75,EOD,6.049999999999272,17776.0,17727.4,17762.15,17765.183333333334,32.67660000000007,1,2023-04-26,20,0.24,20,0.5,0.5
2023-04-27 13:24:00,long,17871.9,2023-04-27 15:01:00,17896.3,TARGET,23.899999999997817,17833.0,17797.9,17769.225,17807.24166666667,24.876874999999973,1,2023-04-27,16,0.2,20,0.5,0.5
2023-04-28 14:39:00,long,17992.45,2023-04-28 15:01:00,18030.25,TARGET,37.29999999999927,17957.95,17895.25,17864.375,17906.458333333336,24.326874999999973,1,2023-04-28,16,0.2,20,0.5,0.5
2023-05-04 11:21:00,long,18155.8,2023-05-04 13:04:00,18181.85,TARGET,25.549999999999272,18123.45,18066.7,18079.375,18087.75833333333,23.554999999999975,1,2023-05-04,16,0.2,20,0.5,0.5
2023-05-08 10:41:00,long,18237.65,2023-05-08 12:11:00,18270.05,TARGET,31.899999999997817,18192.45,18100.3,18089.56666666667,18136.2,34.095285714285744,1,2023-05-08,14,0.26,20,0.5,0.5
2023-05-10 10:07:00,short,18214.15,2023-05-10 11:47:00,18286.5,STOP,-72.84999999999854,18323.15,18263.25,18269.175000000003,18286.925000000003,33.32642857142864,1,2023-05-10,14,0.26,20,0.5,0.5
2023-05-12 13:57:00,long,18328.9,2023-05-12 14:32:00,18313.45,STOP,-15.950000000000728,18277.3,18195.05,18314.316666666666,18330.050000000003,38.03625000000004,1,2023-05-12,16,0.3,20,0.5,0.5
2023-05-15 11:23:00,long,18408.15,2023-05-15 13:42:00,18442.75,TARGET,34.099999999998545,18363.7,18287.9,18268.65,18300.316666666666,34.93564285714282,1,2023-05-15,14,0.26,20,0.5,0.5
2023-05-16 15:01:00,short,18308.85,2023-05-16 15:20:00,18276.7,TARGET,31.649999999997817,18417.65,18360.9,18373.4,18384.300000000003,35.52064285714282,1,2023-05-16,14,0.26,20,0.5,0.5
2023-05-17 11:31:00,short,18206.45,2023-05-17 11:50:00,18169.05,TARGET,36.900000000001455,18309.0,18255.3,18300.299999999996,18341.0,37.40425000000005,1,2023-05-17,12,0.26,20,0.5,0.5
2023-05-18 12:25:00,short,18208.2,2023-05-18 12:30:00,18213.2,STOP,-5.5,18297.2,18255.95,18197.19166666667,18212.175,37.18325000000004,1,2023-05-18,12,0.26,20,0.5,0.5
2023-05-22 12:18:00,long,18315.45,2023-05-22 15:25:00,18302.1,EOD,-13.850000000002183,18263.3,18178.85,18139.25,18183.716666666667,41.464583333333415,1,2023-05-22,12,0.26,20,0.5,0.5
2023-05-24 10:51:00,long,18382.8,2023-05-24 12:04:00,18344.35,STOP,-38.95000000000073,18323.85,18269.7,18343.225,18371.975,44.249166666666675,1,2023-05-24,18,0.3,20,0.5,0.5
2023-05-26 11:45:00,long,18431.65,2023-05-26 13:52:00,18473.7,TARGET,41.54999999999927,18372.25,18333.15,18270.175000000003,18309.591666666667,43.055833333333304,1,2023-05-26,18,0.3,20,0.5,0.5
2023-05-31 11:54:00,short,18492.65,2023-05-31 15:25:00,18543.95,EOD,-51.79999999999927,18603.9,18551.35,18618.975,18636.591666666667,37.611933333333354,1,2023-05-31,30,0.28,20,0.5,0.5
2023-06-02 10:00:00,short,18497.05,2023-06-02 10:16:00,18483.7,TARGET,12.849999999998545,18573.7,18540.7,18496.975000000002,18522.425,13.445833333333347,1,2023-06-02,30,0.1,20,0.5,0.5
2023-06-06 10:50:00,short,18555.65,2023-06-06 11:16:00,18544.6,TARGET,10.55000000000291,18613.05,18581.7,18602.358333333337,18611.475,13.256833333333345,1,2023-06-06,30,0.1,20,0.5,0.5
2023-06-07 14:24:00,long,18699.3,2023-06-07 14:44:00,18714.55,TARGET,14.75,18676.05,18636.0,18576.625,18603.74166666667,13.09200000000002,1,2023-06-07,30,0.1,20,0.5,0.5
2023-06-08 10:26:00,long,18765.9,2023-06-08 11:49:00,18722.85,STOP,-43.55000000000291,18752.2,18723.4,18687.475,18718.75833333333,13.133166666666682,1,2023-06-08,30,0.1,20,0.5,0.5
2023-06-09 09:43:00,short,18615.75,2023-06-09 11:05:00,18605.5,TARGET,9.75,18676.65,18635.85,18657.38333333333,18696.75,13.28733333333336,1,2023-06-09,30,0.1,20,0.5,0.5
2023-06-13 11:22:00,long,18712.1,2023-06-13 15:19:00,18722.35,TARGET,9.75,18693.2,18641.95,18596.675,18603.091666666664,12.815000000000024,1,2023-06-13,30,0.1,20,0.5,0.5
2023-06-15 14:29:00,short,18702.25,2023-06-15 14:36:00,18688.8,TARGET,12.950000000000728,18778.1,18721.75,18729.85,18744.316666666666,12.860333333333365,1,2023-06-15,30,0.1,20,0.5,0.5
2023-06-16 14:22:00,long,18808.0,2023-06-16 14:39:00,18818.9,TARGET,10.400000000001455,18767.95,18710.5,18699.191666666666,18731.574999999997,12.60800000000003,1,2023-06-16,30,0.1,20,0.5,0.5
2023-06-19 10:23:00,short,18807.35,2023-06-19 10:34:00,18793.45,TARGET,13.399999999997817,18881.45,18838.8,18787.6,18808.933333333334,12.5836666666667,1,2023-06-19,30,0.1,20,0.5,0.5
2023-06-20 15:08:00,long,18807.7,2023-06-20 15:12:00,18819.85,TARGET,11.649999999997817,18761.2,18668.9,18768.23333333333,18800.300000000003,12.502500000000026,1,2023-06-20,30,0.1,20,0.5,0.5
2023-06-22 12:17:00,short,18804.5,2023-06-22 13:01:00,18789.95,TARGET,14.049999999999272,18882.65,18830.9,18835.375,18847.75833333333,12.5976666666667,1,2023-06-22,30,0.1,20,0.5,0.5
2023-06-27 14:23:00,long,18782.85,2023-06-27 14:53:00,18794.75,TARGET,11.400000000001455,18763.6,18730.75,18684.375,18689.658333333333,12.175166666666701,1,2023-06-27,30,0.1,20,0.5,0.5
2023-06-28 10:46:00,long,18920.4,2023-06-28 11:10:00,18932.0,TARGET,11.099999999998545,18897.3,18861.35,18771.75,18802.049999999996,12.047500000000024,1,2023-06-28,30,0.1,20,0.5,0.5
2023-06-30 12:30:00,long,19125.55,2023-06-30 12:42:00,19134.55,TARGET,8.5,19104.7,19024.6,18936.3,18967.499999999996,11.901666666666692,1,2023-06-30,30,0.1,20,0.5,0.5
2023-07-04 09:59:00,short,19307.95,2023-07-04 10:04:00,19324.4,STOP,-16.950000000000728,19413.5,19369.15,19287.625,19322.475,18.343333333333405,1,2023-07-04,24,0.16,20,0.5,0.5
2023-07-06 10:17:00,long,19444.3,2023-07-06 10:27:00,19462.65,TARGET,17.850000000002183,19424.15,19373.0,19380.6,19401.13333333333,16.184933333333372,1,2023-07-06,30,0.14,20,0.5,0.5
2023-07-07 12:07:00,short,19375.2,2023-07-07 15:06:00,19341.5,TARGET,33.20000000000073,19493.9,19421.6,19442.6,19478.933333333334,33.93000000000015,1,2023-07-07,28,0.3,20,0.5,0.5
2023-07-11 10:44:00,long,19494.45,2023-07-11 11:58:00,19509.55,TARGET,14.599999999998545,19466.6,19406.45,19368.125,19381.475,16.312566666666733,1,2023-07-11,30,0.14,20,0.5,0.5
2023-07-12 12:06:00,short,19413.75,2023-07-12 13:56:00,19460.1,STOP,-46.849999999998545,19507.7,19434.4,19450.725,19460.775,16.539833333333387,1,2023-07-12,30,0.14,20,0.5,0.5
2023-07-13 10:03:00,long,19540.6,2023-07-13 14:10:00,19447.95,STOP,-93.14999999999782,19496.35,19449.35,19390.175000000003,19436.925000000003,38.952499999999965,1,2023-07-13,12,0.3,20,0.5,0.5
2023-07-14 15:11:00,long,19553.0,2023-07-14 15:16:00,19570.2,TARGET,16.700000000000728,19520.4,19451.15,19447.4,19476.4,17.080000000000034,1,2023-07-14,30,0.14,20,0.5,0.5
2023-07-17 10:16:00,long,19630.9,2023-07-17 12:31:00,19647.3,TARGET,15.899999999997817,19601.95,19562.95,19514.425,19565.041666666668,20.51266666666665,1,2023-07-17,24,0.16,20,0.5,0.5
2023-07-18 11:49:00,short,19727.9,2023-07-18 11:50:00,19716.5,STOP,10.900000000001455,19811.25,19751.85,19647.4,19698.36666666667,17.63860000000002,1,2023-07-18,30,0.14,20,0.5,0.5
2023-07-19 11:08:00,short,19754.65,2023-07-19 11:09:00,19757.35,STOP,-3.1999999999970896,19829.55,19785.8,19750.974999999995,19754.825,17.974133333333345,1,2023-07-19,30,0.14,20,0.5,0.5
2023-07-20 12:30:00,long,19877.75,2023-07-20 12:58:00,19896.45,TARGET,18.200000000000728,19844.0,19784.55,19785.65,19820.91666666667,18.097099999999987,1,2023-07-20,30,0.14,20,0.5,0.5
2023-07-21 12:31:00,short,19752.95,2023-07-21 14:50:00,19732.0,TARGET,20.450000000000728,19887.4,19776.0,19875.125,19946.375,18.70609999999997,1,2023-07-21,30,0.14,20,0.5,0.5
2023-07-24 15:21:00,short,19670.0,2023-07-24 15:25:00,19670.25,EOD,-0.75,19762.9,19704.2,19778.56666666667,19793.7,29.57936666666661,1,2023-07-24,30,0.22,20,0.5,0.5
2023-07-25 13:30:00,short,19631.8,2023-07-25 15:25:00,19679.9,EOD,-48.60000000000218,19712.3,19673.95,19687.5,19723.0,29.566533333333272,1,2023-07-25,30,0.22,20,0.5,0.5
2023-07-26 10:02:00,long,19795.45,2023-07-26 10:14:00,19815.2,TARGET,19.25,19763.05,19716.7,19664.125,19674.308333333334,20.139349999999943,1,2023-07-26,20,0.14,20,0.5,0.5
2023-07-27 11:07:00,short,19789.55,2023-07-27 11:08:00,19793.55,STOP,-4.5,19865.35,19821.65,19771.15,19775.583333333336,20.096649999999933,1,2023-07-27,20,0.14,20,0.5,0.5
2023-07-28 13:48:00,short,19569.8,2023-07-28 15:25:00,19638.35,EOD,-69.04999999999927,19695.9,19598.7,19709.016666666666,19735.55,20.895349999999922,1,2023-07-28,20,0.14,20,0.5,0.5
2023-07-31 14:10:00,long,19714.95,2023-07-31 15:01:00,19753.85,TARGET,38.39999999999782,19680.75,19597.6,19629.5,19635.066666666666,31.666666666666544,1,2023-07-31,12,0.2,20,0.5,0.5
2023-08-01 12:45:00,short,19711.35,2023-08-01 13:12:00,19732.5,STOP,-21.650000000001455,19795.6,19750.6,19685.175,19732.825,31.565833333333224,1,2023-08-01,12,0.2,20,0.5,0.5
2023-08-02 10:39:00,short,19570.9,2023-08-02 11:03:00,19534.45,TARGET,35.95000000000073,19678.25,19622.95,19738.83333333333,19750.1,30.38499999999992,1,2023-08-02,12,0.2,20,0.5,0.5
2023-08-03 12:46:00,short,19382.65,2023-08-03 13:01:00,19350.25,TARGET,31.900000000001455,19536.8,19439.05,19540.266666666663,19550.9,31.814999999999966,1,2023-08-03,12,0.2,20,0.5,0.5
2023-08-08 11:18:00,short,19552.7,2023-08-08 11:30:00,19539.2,TARGET,13.0,19634.4,19584.7,19572.625,19590.674999999996,14.727333333333313,1,2023-08-08,30,0.1,20,0.5,0.5
2023-08-09 10:25:00,short,19485.3,2023-08-09 11:12:00,19476.6,TARGET,8.200000000000728,19581.8,19506.45,19576.316666666666,19583.75,14.813833333333328,1,2023-08-09,30,0.1,20,0.5,0.5
2023-08-10 10:33:00,short,19508.8,2023-08-10 15:25:00,19552.8,EOD,-44.5,19615.8,19568.35,19556.5,19609.6,15.023833333333327,1,2023-08-10,30,0.1,20,0.5,0.5
2023-08-11 10:14:00,short,19459.1,2023-08-11 11:02:00,19444.6,TARGET,14.0,19557.75,19478.75,19554.700000000004,19559.5,14.95149999999998,1,2023-08-11,30,0.1,20,0.5,0.5
2023-08-14 14:08:00,long,19418.6,2023-08-14 14:09:00,19419.85,STOP,0.75,19392.0,19261.6,19451.408333333333,19486.125,14.838666666666638,1,2023-08-14,30,0.1,20,0.5,0.5
2023-08-16 13:12:00,long,19422.35,2023-08-16 13:19:00,19435.5,TARGET,12.650000000001455,19389.6,19317.2,19361.875,19403.191666666666,15.176999999999971,1,2023-08-16,30,0.1,20,0.5,0.5
2023-08-17 11:26:00,short,19371.15,2023-08-17 12:06:00,19355.4,TARGET,15.25,19461.55,19394.05,19399.975,19438.858333333337,15.28166666666663,1,2023-08-17,30,0.1,20,0.5,0.5
2023-08-18 14:18:00,long,19370.15,2023-08-18 14:19:00,19369.05,STOP,-1.6000000000021828,19329.75,19276.5,19373.86666666667,19393.9,15.459333333333294,1,2023-08-18,30,0.1,20,0.5,0.5
2023-08-21 12:47:00,long,19401.1,2023-08-21 14:59:00,19416.95,TARGET,15.350000000002183,19368.0,19302.5,19306.199999999997,19313.699999999997,15.395999999999962,1,2023-08-21,30,0.1,20,0.5,0.5
2023-08-24 09:53:00,long,19579.55,2023-08-24 10:57:00,19510.65,STOP,-69.39999999999782,19554.75,19509.5,19419.324999999997,19437.674999999996,14.92899999999998,1,2023-08-24,30,0.1,20,0.5,0.5
2023-08-30 15:12:00,short,19344.7,2023-08-30 15:25:00,19345.3,EOD,-1.0999999999985448,19440.15,19407.85,19343.5,19351.166666666664,40.297833333333365,1,2023-08-30,24,0.28,20,0.5,0.5
2023-08-31 13:20:00,short,19273.05,2023-08-31 15:05:00,19235.8,TARGET,36.75,19382.9,19317.95,19361.125,19393.775,33.70466666666664,1,2023-08-31,12,0.26,20,0.5,0.5
2023-09-01 12:43:00,long,19366.3,2023-09-01 13:25:00,19400.1,TARGET,33.29999999999927,19313.35,19255.7,19267.875,19305.925000000003,35.255999999999915,1,2023-09-01,16,0.26,20,0.5,0.5
2023-09-04 10:11:00,short,19457.95,2023-09-04 10:12:00,19456.25,STOP,1.2000000000007276,19526.8,19494.3,19357.125,19409.475,14.475999999999997,1,2023-09-04,30,0.1,20,0.5,0.5
2023-09-06 12:48:00,short,19504.4,2023-09-06 15:00:00,19577.7,STOP,-73.79999999999927,19599.45,19562.15,19556.4,19574.066666666666,38.88558333333333,1,2023-09-06,24,0.28,20,0.5,0.5
2023-09-07 13:47:00,long,19651.3,2023-09-07 14:04:00,19665.9,TARGET,14.100000000002183,19621.1,19552.15,19560.925,19607.141666666666,13.38324999999997,1,2023-09-07,20,0.1,20,0.5,0.5
2023-09-08 12:13:00,long,19815.35,2023-09-08 12:51:00,19837.05,TARGET,21.200000000000728,19791.45,19741.5,19643.525,19698.50833333333,22.428571428571427,1,2023-09-08,28,0.16,20,0.5,0.5
2023-09-11 11:32:00,long,19939.6,2023-09-11 14:26:00,19962.9,TARGET,22.80000000000291,19914.95,19865.35,19797.925000000003,19812.441666666666,22.218857142857136,1,2023-09-11,28,0.16,20,0.5,0.5
2023-09-12 09:55:00,short,19934.05,2023-09-12 10:04:00,19982.6,STOP,-49.04999999999927,20110.35,20048.25,19936.725,19980.70833333333,33.6613333333333,1,2023-09-12,12,0.26,20,0.5,0.5
2023-09-13 12:27:00,long,20053.9,2023-09-13 13:05:00,20077.1,TARGET,22.69999999999709,20021.95,19944.1,19998.9,20012.5,22.177428571428546,1,2023-09-13,28,0.16,20,0.5,0.5
2023-09-14 10:56:00,short,20084.9,2023-09-14 10:57:00,20089.35,STOP,-4.94999999999709,20158.55,20107.6,20020.5,20050.6,21.672285714285703,1,2023-09-14,28,0.16,20,0.5,0.5
2023-09-15 15:06:00,long,20213.3,2023-09-15 15:25:00,20167.25,EOD,-46.54999999999927,20173.15,20138.8,20104.65,20105.550000000003,21.79685714285715,1,2023-09-15,28,0.16,20,0.5,0.5
2023-09-18 10:14:00,long,20178.95,2023-09-18 11:05:00,20166.45,STOP,-13.0,20161.3,20121.65,20170.524999999998,20176.075,13.586666666666666,1,2023-09-18,24,0.1,20,0.5,0.5
2023-09-20 13:19:00,short,19931.5,2023-09-20 13:52:00,19894.85,TARGET,36.150000000001455,20050.65,19968.9,20139.741666666665,20156.425,30.871090909090935,1,2023-09-20,22,0.24,20,0.5,0.5
2023-09-21 10:11:00,short,19747.05,2023-09-21 14:50:00,19713.3,TARGET,33.25,19848.75,19801.6,19926.216666666667,19964.75,31.434000000000044,1,2023-09-21,22,0.24,20,0.5,0.5
2023-09-22 10:07:00,short,19684.35,2023-09-22 12:01:00,19778.5,STOP,-94.65000000000146,19792.15,19719.8,19759.783333333333,19779.35,31.533818181818205,1,2023-09-22,22,0.24,20,0.5,0.5
2023-09-27 13:30:00,long,19695.1,2023-09-27 14:59:00,19725.2,TARGET,29.600000000002183,19649.55,19596.5,19666.466666666667,19668.4,31.393800000000063,1,2023-09-27,20,0.24,20,0.5,0.5
2023-09-28 11:17:00,short,19662.3,2023-09-28 11:56:00,19629.9,TARGET,31.899999999997817,19766.65,19720.35,19642.35,19697.11666666667,32.68860000000004,1,2023-09-28,20,0.24,20,0.5,0.5
2023-09-29 11:44:00,long,19667.3,2023-09-29 13:57:00,19699.3,TARGET,31.5,19600.25,19551.05,19575.058333333334,19629.375,34.56660000000007,1,2023-09-29,20,0.24,20,0.5,0.5
2023-10-06 14:08:00,long,19665.35,2023-10-06 15:25:00,19652.3,EOD,-13.549999999999272,19624.0,19598.4,19532.125,19540.541666666664,34.15900000000016,1,2023-10-06,12,0.24,20,0.5,0.5
2023-10-10 12:15:00,long,19652.15,2023-10-10 13:09:00,19681.85,TARGET,29.19999999999709,19607.35,19565.45,19512.475,19534.725,33.06200000000011,1,2023-10-10,12,0.24,20,0.5,0.5
2023-10-13 14:22:00,long,19794.6,2023-10-13 14:23:00,19794.7,STOP,-0.3999999999978172,19736.6,19635.3,19798.558333333334,19807.975,38.990357142857206,1,2023-10-13,14,0.3,20,0.5,0.5
2023-10-18 11:19:00,short,19730.05,2023-10-18 12:03:00,19691.65,TARGET,37.89999999999782,19824.45,19774.8,19812.7,19818.633333333335,38.94750000000006,1,2023-10-18,14,0.3,20,0.5,0.5
2023-10-19 11:35:00,long,19646.15,2023-10-19 11:36:00,19657.4,STOP,10.75,19573.05,19525.65,19692.916666666668,19750.45,39.0396428571429,1,2023-10-19,14,0.3,20,0.5,0.5
2023-10-23 10:31:00,short,19468.9,2023-10-23 13:14:00,19433.85,TARGET,34.55000000000291,19556.85,19514.6,19547.816666666666,19556.25,38.24937500000006,1,2023-10-23,24,0.3,20,0.5,0.5
2023-10-25 12:36:00,short,19188.7,2023-10-25 12:44:00,19145.25,TARGET,42.95000000000073,19336.3,19259.55,19312.783333333333,19407.35,41.12850000000006,1,2023-10-25,30,0.3,20,0.5,0.5
2023-10-26 10:27:00,short,18888.05,2023-10-26 13:28:00,18856.9,TARGET,30.649999999997817,19041.7,18956.05,19149.608333333337,19210.725,42.475500000000025,1,2023-10-26,30,0.3,20,0.5,0.5
2023-10-27 11:58:00,long,19047.15,2023-10-27 15:25:00,19049.7,EOD,2.0499999999992724,18993.95,18926.65,18887.333333333336,18942.5,43.747500000000024,1,2023-10-27,22,0.3,20,0.5,0.5
2023-10-30 13:39:00,long,19131.45,2023-10-30 15:25:00,19142.8,EOD,10.849999999998545,19083.7,18964.85,19001.4,19033.933333333334,42.27833333333328,1,2023-10-30,18,0.3,20,0.5,0.5
2023-11-01 15:19:00,short,18978.9,2023-11-01 15:25:00,18985.55,EOD,-7.149999999997817,19096.05,19032.6,19100.958333333332,19145.075,34.953285714285705,1,2023-11-01,14,0.22,20,0.5,0.5
2023-11-06 15:08:00,long,19411.0,2023-11-06 15:25:00,19416.5,EOD,5.0,19357.35,19309.7,19231.625000000004,19243.575,34.57299999999992,1,2023-11-06,14,0.22,20,0.5,0.5
2023-11-10 12:53:00,long,19406.2,2023-11-10 12:54:00,19408.1,STOP,1.3999999999978172,19366.0,19329.45,19406.60833333333,19421.125,32.984727272727255,1,2023-11-10,22,0.24,20,0.5,0.5
2023-11-16 11:10:00,long,19777.7,2023-11-16 14:07:00,19814.35,TARGET,36.14999999999782,19678.75,19627.0,19635.300000000003,19671.26666666667,41.25000000000005,1,2023-11-16,22,0.3,20,0.5,0.5
2023-11-22 12:32:00,short,19725.15,2023-11-22 14:32:00,19792.75,STOP,-68.09999999999854,19809.55,19767.15,19786.99166666666,19791.574999999997,39.864999999999995,1,2023-11-22,30,0.3,20,0.5,0.5
2023-11-28 15:19:00,long,19897.65,2023-11-28 15:25:00,19907.9,EOD,9.75,19848.05,19806.3,19800.85,19800.983333333337,38.02772727272733,1,2023-11-28,22,0.3,20,0.5,0.5
2023-11-29 12:24:00,long,20034.65,2023-11-29 13:47:00,20067.0,TARGET,31.849999999998545,19996.7,19956.3,19854.65,19890.483333333337,34.15425000000007,1,2023-11-29,20,0.3,20,0.5,0.5
2023-11-30 10:01:00,short,20040.5,2023-11-30 10:43:00,20088.95,STOP,-48.95000000000073,20136.15,20101.4,20030.475,20077.091666666667,33.15600000000008,1,2023-11-30,20,0.3,20,0.5,0.5
2023-12-01 11:34:00,long,20276.9,2023-12-01 15:25:00,20266.7,EOD,-10.700000000000728,20238.45,20183.7,20086.725,20132.375,32.62350000000008,1,2023-12-01,20,0.3,20,0.5,0.5
2023-12-04 14:17:00,long,20647.65,2023-12-04 14:59:00,20680.95,TARGET,32.79999999999927,20602.5,20507.75,20237.625,20257.341666666667,32.40600000000008,1,2023-12-04,20,0.3,20,0.5,0.5
2023-12-05 15:11:00,long,20856.75,2023-12-05 15:25:00,20858.45,EOD,1.2000000000007276,20813.1,20711.15,20605.2,20658.93333333333,33.66300000000012,1,2023-12-05,20,0.3,20,0.5,0.5
2023-12-08 13:46:00,short,20876.95,2023-12-08 14:06:00,20909.35,STOP,-32.89999999999782,20972.75,20932.55,20896.025,20908.475,34.9845000000001,1,2023-12-08,20,0.3,20,0.5,0.5
2023-12-12 12:56:00,short,20973.9,2023-12-12 14:00:00,20952.1,TARGET,21.30000000000291,21037.9,21001.85,20974.9,20987.033333333333,24.29649999999998,1,2023-12-12,20,0.2,20,0.5,0.5
2023-12-13 10:03:00,short,20834.35,2023-12-13 10:34:00,20811.15,TARGET,22.69999999999709,20936.0,20877.35,20923.24166666667,20952.525,24.846999999999973,1,2023-12-13,20,0.2,20,0.5,0.5
2023-12-14 13:17:00,long,21175.55,2023-12-14 13:21:00,21198.9,TARGET,22.850000000002183,21148.45,21074.45,20857.05,20914.150000000005,25.801499999999944,1,2023-12-14,20,0.2,20,0.5,0.5
2023-12-15 10:27:00,long,21342.4,2023-12-15 14:50:00,21369.8,TARGET,26.899999999997817,21298.15,21249.8,21142.675000000003,21185.39166666667,26.052999999999958,1,2023-12-15,20,0.2,20,0.5,0.5
2023-12-19 09:48:00,short,21377.1,2023-12-19 10:07:00,21350.35,TARGET,26.25,21480.0,21418.4,21412.458333333336,21424.074999999997,25.929499999999976,1,2023-12-19,20,0.2,20,0.5,0.5
2023-12-20 13:17:00,short,21462.1,2023-12-20 13:18:00,21472.35,STOP,-10.75,21580.7,21525.15,21421.4,21442.066666666666,26.742999999999956,1,2023-12-20,20,0.2,20,0.5,0.5
2023-12-21 10:24:00,long,21140.2,2023-12-21 10:25:00,21133.15,STOP,-7.549999999999272,21091.0,20976.8,21197.11666666667,21355.25,30.747499999999963,1,2023-12-21,20,0.2,20,0.5,0.5
2023-12-22 10:34:00,long,21349.7,2023-12-22 11:00:00,21381.65,TARGET,31.450000000000728,21313.05,21248.15,21124.574999999997,21216.458333333336,32.485999999999954,1,2023-12-22,20,0.2,20,0.5,0.5
2023-12-26 10:30:00,long,21436.9,2023-12-26 10:41:00,21470.1,TARGET,32.69999999999709,21389.65,21329.45,21311.475,21324.25833333333,33.182499999999926,1,2023-12-26,20,0.2,20,0.5,0.5
2023-12-27 11:34:00,long,21592.55,2023-12-27 15:02:00,21629.2,TARGET,36.150000000001455,21544.5,21495.8,21403.300000000003,21434.63333333334,34.01949999999994,1,2023-12-27,20,0.2,20,0.5,0.5
2024-01-01 14:08:00,long,21779.6,2024-01-01 14:43:00,21811.9,TARGET,31.80000000000291,21737.35,21684.05,21723.6,21726.033333333333,33.94649999999991,1,2024-01-01,20,0.2,20,0.5,0.5
2024-01-02 10:05:00,short,21655.9,2024-01-02 10:25:00,21623.9,TARGET,31.5,21755.6,21699.0,21709.63333333333,21757.6,34.40299999999992,1,2024-01-02,20,0.2,20,0.5,0.5
2024-01-03 12:29:00,short,21532.75,2024-01-03 15:25:00,21519.5,EOD,12.75,21677.0,21594.45,21655.625,21660.24166666667,34.45349999999988,1,2024-01-03,20,0.2,20,0.5,0.5
2024-01-04 12:31:00,long,21665.8,2024-01-04 15:25:00,21667.9,EOD,1.6000000000021828,21624.8,21564.55,21542.225000000002,21588.675,26.61015384615379,1,2024-01-04,26,0.16,20,0.5,0.5
2024-01-05 14:10:00,short,21658.35,2024-01-05 14:11:00,21657.5,STOP,0.3499999999985448,21749.6,21698.2,21620.375,21652.39166666667,26.62461538461534,1,2024-01-05,26,0.16,20,0.5,0.5
2024-01-08 10:59:00,short,21634.35,2024-01-08 11:07:00,21609.2,TARGET,24.649999999997817,21763.95,21695.3,21689.4,21703.733333333337,26.452615384615314,1,2024-01-08,26,0.16,20,0.5,0.5
2024-01-09 12:56:00,long,21717.15,2024-01-09 14:17:00,21634.6,STOP,-83.05000000000291,21673.65,21632.2,21550.64166666667,21628.425000000003,34.06038461538452,1,2024-01-09,26,0.2,20,0.5,0.5
2024-01-10 15:21:00,long,21625.25,2024-01-10 15:25:00,21628.85,EOD,3.099999999998545,21564.5,21448.65,21575.88333333333,21621.15,44.35042857142847,1,2024-01-10,28,0.26,20,0.5,0.5
2024-01-11 10:25:00,short,21656.65,2024-01-11 10:26:00,21661.45,STOP,-5.299999999999272,21726.5,21683.0,21545.25,21601.316666666666,17.40346153846149,1,2024-01-11,26,0.1,20,0.5,0.5
2024-01-12 10:41:00,long,21822.9,2024-01-12 11:00:00,21846.35,TARGET,22.94999999999709,21789.15,21715.15,21654.00833333333,21660.125,17.325961538461495,1,2024-01-12,26,0.1,20,0.5,0.5
2024-01-16 11:02:00,long,22112.25,2024-01-16 13:06:00,22034.9,STOP,-77.84999999999854,22088.2,22029.2,22036.875,22084.891666666663,17.939423076923035,1,2024-01-16,26,0.1,20,0.5,0.5
2024-01-17 14:49:00,short,21563.1,2024-01-17 15:25:00,21571.5,EOD,-8.900000000001455,21851.5,21636.95,22037.125,22046.975,45.58403571428564,1,2024-01-17,28,0.26,20,0.5,0.5
2024-01-18 09:44:00,short,21383.95,2024-01-18 09:46:00,21363.7,TARGET,19.75,21474.4,21406.35,21614.324999999997,21700.975,17.33124999999998,1,2024-01-18,16,0.1,20,0.5,0.5
2024-01-20 12:42:00,short,21588.5,2024-01-20 12:56:00,21639.55,STOP,-51.54999999999927,21720.3,21650.65,21622.8,21632.499999999996,17.64843749999998,1,2024-01-20,16,0.1,20,0.5,0.5
2024-01-23 10:29:00,short,21599.9,2024-01-23 10:40:00,21550.35,TARGET,49.05000000000291,21749.25,21700.5,21599.05,21631.05,42.56999999999996,1,2024-01-23,22,0.24,20,0.5,0.5
2024-01-24 10:03:00,long,21330.0,2024-01-24 10:04:00,21321.0,STOP,-9.5,21270.15,21137.2,21329.975,21471.125,45.41399999999997,1,2024-01-24,22,0.24,20,0.5,0.5
2024-01-25 10:28:00,short,21309.2,2024-01-25 10:55:00,21265.75,TARGET,42.95000000000073,21459.0,21372.05,21308.050000000003,21418.816666666666,47.417454545454525,1,2024-01-25,22,0.24,20,0.5,0.5
2024-01-29 10:58:00,long,21624.2,2024-01-29 12:23:00,21672.25,TARGET,47.54999999999927,21560.35,21429.6,21353.025,21369.641666666663,48.11836363636362,1,2024-01-29,22,0.24,20,0.5,0.5
2024-01-30 14:34:00,short,21589.0,2024-01-30 15:01:00,21514.05,TARGET,74.45000000000073,21813.05,21689.1,21596.25,21704.316666666666,49.81254545454547,1,2024-01-30,22,0.24,20,0.5,0.5
2024-01-31 10:39:00,long,21638.2,2024-01-31 11:32:00,21697.75,TARGET,59.04999999999927,21548.1,21448.85,21569.975000000002,21657.425,59.70177777777784,1,2024-01-31,18,0.26,20,0.5,0.5
2024-02-02 11:29:00,long,22044.6,2024-02-02 11:40:00,22117.6,TARGET,72.5,21963.45,21812.0,21712.716666666667,21745.85,63.07238888888899,1,2024-02-02,18,0.26,20,0.5,0.5
2024-02-05 15:03:00,short,21768.0,2024-02-05 15:25:00,21768.05,EOD,-0.5499999999992724,21921.15,21833.4,21887.225000000002,21966.175,63.797500000000106,1,2024-02-05,18,0.26,20,0.5,0.5
2024-02-06 13:33:00,long,21924.6,2024-02-06 15:25:00,21947.0,EOD,21.900000000001455,21844.6,21737.55,21793.575000000004,21845.625,64.24166666666672,1,2024-02-06,18,0.26,20,0.5,0.5
2024-02-07 11:40:00,short,21877.35,2024-02-07 12:33:00,21918.25,STOP,-41.400000000001455,22053.3,21975.9,21844.475,21913.158333333333,66.98737500000017,1,2024-02-07,16,0.26,20,0.5,0.5
2024-02-08 10:50:00,short,21896.25,2024-02-08 10:59:00,21830.55,TARGET,65.20000000000073,22011.05,21959.55,21945.97499999999,21956.725,62.532000000000096,1,2024-02-08,16,0.24,20,0.5,0.5
2024-02-12 10:28:00,short,21651.05,2024-02-12 13:01:00,21591.1,TARGET,59.45000000000073,21831.7,21764.0,21717.175000000003,21757.25833333334,62.99000000000007,1,2024-02-12,12,0.24,20,0.5,0.5
2024-02-13 14:34:00,long,21747.6,2024-02-13 15:25:00,21736.7,EOD,-11.399999999997817,21678.05,21543.35,21655.74166666667,21703.225,61.295000000000066,1,2024-02-13,12,0.24,20,0.5,0.5
2024-02-14 12:38:00,long,21666.15,2024-02-14 12:50:00,21663.0,STOP,-3.650000000001455,21600.65,21530.2,21655.074999999997,21709.824999999997,61.52500000000007,1,2024-02-14,12,0.24,20,0.5,0.5
2024-02-19 14:26:00,long,22184.85,2024-02-19 15:25:00,22124.75,EOD,-60.599999999998545,22107.6,22049.7,22018.800000000003,22025.300000000003,54.79799999999995,1,2024-02-19,12,0.24,20,0.5,0.5
2024-02-20 15:11:00,long,22188.95,2024-02-20 15:25:00,22210.75,EOD,21.299999999999272,22111.35,22056.6,22103.85,22118.11666666667,63.48188888888896,1,2024-02-20,18,0.26,20,0.5,0.5
2024-02-21 14:30:00,short,22059.15,2024-02-21 15:25:00,22033.2,EOD,25.450000000000728,22234.65,22189.8,22130.025,22184.175000000003,73.54909090909099,1,2024-02-21,22,0.3,20,0.5,0.5
2024-02-22 11:04:00,short,21897.6,2024-02-22 14:00:00,22083.55,STOP,-186.45000000000073,22094.3,21966.85,22063.025,22123.675000000003,61.5485000000001,1,2024-02-22,18,0.26,20,0.5,0.5
2024-02-27 15:12:00,long,22206.4,2024-02-27 15:25:00,22195.0,EOD,-11.900000000001455,22138.4,22085.65,22123.783333333326,22138.65,63.607600000000076,1,2024-02-27,20,0.28,20,0.5,0.5
2024-02-28 11:04:00,short,22031.3,2024-02-28 13:07:00,21949.45,TARGET,81.34999999999854,22226.3,22184.35,22151.95,22180.983333333326,61.106500000000054,1,2024-02-28,20,0.28,20,0.5,0.5
2024-03-01 11:18:00,long,22217.2,2024-03-01 11:38:00,22283.45,TARGET,65.75,22138.5,22047.75,21955.125,22017.308333333327,68.83250000000007,1,2024-03-01,24,0.3,20,0.5,0.5
2024-03-06 14:37:00,long,22444.45,2024-03-06 15:25:00,22482.9,EOD,37.95000000000073,22353.8,22289.4,22343.025,22352.574999999997,59.806875000000076,1,2024-03-06,16,0.3,20,0.5,0.5
2024-03-11 12:14:00,short,22373.05,2024-03-11 15:13:00,22314.8,TARGET,57.75,22526.6,22460.95,22477.825,22480.508333333335,59.195000000000135,1,2024-03-11,18,0.3,20,0.5,0.5
2024-03-13 11:08:00,short,22251.2,2024-03-13 11:24:00,22196.85,TARGET,53.85000000000218,22446.75,22323.55,22343.52500000001,22354.275,52.943333333333456,1,2024-03-13,18,0.28,20,0.5,0.5
2024-03-14 11:39:00,long,22142.35,2024-03-14 15:25:00,22143.5,EOD,0.6500000000014552,22027.8,21917.5,22039.3,22176.2,66.4382142857143,1,2024-03-14,14,0.3,20,0.5,0.5
2024-03-15 10:34:00,short,21964.75,2024-03-15 15:25:00,22027.8,EOD,-63.54999999999927,22120.9,22045.0,22061.05,22116.350000000002,61.80144444444452,1,2024-03-15,18,0.28,20,0.5,0.5
2024-03-19 11:09:00,short,21847.05,2024-03-19 15:25:00,21812.85,EOD,33.70000000000073,21978.3,21922.05,22020.125,22040.575000000004,62.77211111111115,1,2024-03-19,18,0.28,20,0.5,0.5
2024-03-20 10:37:00,short,21763.95,2024-03-20 12:51:00,21886.15,STOP,-122.70000000000073,21891.7,21831.35,21836.800000000003,21885.699999999997,64.41700000000006,1,2024-03-20,14,0.28,20,0.5,0.5
2024-03-21 10:14:00,long,22067.85,2024-03-21 12:09:00,21965.6,STOP,-102.75,22020.95,21977.0,21820.550000000003,21840.98333333333,21.534107142857167,1,2024-03-21,28,0.1,20,0.5,0.5
2024-03-22 10:26:00,long,22044.05,2024-03-22 12:54:00,22101.35,TARGET,56.79999999999927,21977.8,21883.3,22011.125,22026.441666666673,59.745777777777825,1,2024-03-22,18,0.28,20,0.5,0.5
2024-03-27 11:47:00,long,22176.1,2024-03-27 15:25:00,22147.8,EOD,-28.799999999999272,22118.25,22052.85,22010.375,22011.158333333333,50.193230769230894,1,2024-03-27,26,0.24,20,0.5,0.5
2024-03-28 09:56:00,long,22304.25,2024-03-28 10:41:00,22359.7,TARGET,54.95000000000073,22224.75,22173.85,22123.225,22139.941666666666,50.57215384615396,1,2024-03-28,26,0.24,20,0.5,0.5
2024-04-03 12:14:00,long,22479.5,2024-04-03 14:39:00,22442.4,STOP,-37.599999999998545,22408.05,22346.5,22442.875,22458.125,50.2804615384616,1,2024-04-03,26,0.24,20,0.5,0.5
2024-04-04 10:59:00,short,22362.45,2024-04-04 12:42:00,22440.9,STOP,-78.95000000000073,22619.0,22465.9,22433.8,22441.866666666665,49.65640000000008,1,2024-04-04,30,0.24,20,0.5,0.5
2024-04-08 12:40:00,long,22671.85,2024-04-08 15:25:00,22667.75,EOD,-4.599999999998545,22612.1,22550.35,22482.6,22515.666666666664,50.38640000000005,1,2024-04-08,30,0.24,20,0.5,0.5
2024-04-12 12:44:00,short,22579.55,2024-04-12 14:45:00,22531.1,TARGET,47.95000000000073,22726.45,22657.2,22724.7,22739.833333333332,47.70640000000005,1,2024-04-12,30,0.24,20,0.5,0.5
2024-04-15 11:03:00,long,22417.45,2024-04-15 11:04:00,22405.6,STOP,-12.350000000002183,22373.55,22283.0,22548.6,22618.5,35.40071428571438,1,2024-04-15,14,0.2,20,0.5,0.5
2024-04-18 10:19:00,short,22176.95,2024-04-18 10:20:00,22160.3,STOP,16.150000000001455,22270.65,22209.2,22146.6,22159.533333333333,20.76800000000003,1,2024-04-18,12,0.12,20,0.5,0.5
2024-04-19 11:47:00,long,21927.5,2024-04-19 11:48:00,21926.05,STOP,-1.9500000000007276,21869.5,21777.65,22074.066666666666,22144.1,48.714400000000076,1,2024-04-19,30,0.24,20,0.5,0.5
2024-04-25 10:20:00,long,22462.7,2024-04-25 10:46:00,22415.7,STOP,-47.5,22373.95,22305.25,22416.70833333333,22430.225,37.632857142857134,1,2024-04-25,14,0.2,20,0.5,0.5
2024-04-26 10:14:00,short,22537.65,2024-04-26 10:15:00,22542.5,STOP,-5.349999999998545,22615.5,22575.35,22465.6,22531.433333333327,22.983374999999977,1,2024-04-26,16,0.12,20,0.5,0.5
2024-04-29 12:07:00,long,22559.65,2024-04-29 13:12:00,22578.45,TARGET,18.299999999999272,22532.5,22468.8,22462.808333333334,22500.525,19.55704545454547,1,2024-04-29,22,0.1,20,0.5,0.5
2024-04-30 10:53:00,long,22761.1,2024-04-30 15:00:00,22650.85,STOP,-110.75,22704.9,22661.8,22548.85,22608.84999999999,39.98642857142856,1,2024-04-30,14,0.2,20,0.5,0.5
2024-05-02 11:40:00,long,22697.95,2024-05-02 15:25:00,22651.95,EOD,-46.5,22668.4,22580.6,22610.958333333336,22675.875,19.583409090909072,1,2024-05-02,22,0.1,20,0.5,0.5
2024-05-03 10:13:00,short,22689.4,2024-05-03 10:14:00,22683.65,STOP,5.25,22794.7,22757.4,22645.55,22650.150000000005,26.62274999999999,1,2024-05-03,24,0.14,20,0.5,0.5
2024-05-06 10:05:00,short,22462.1,2024-05-06 10:08:00,22438.1,TARGET,23.5,22588.8,22497.2,22507.058333333327,22571.375,28.49524999999999,1,2024-05-06,24,0.14,20,0.5,0.5
2024-05-07 10:08:00,short,22394.15,2024-05-07 10:26:00,22360.85,TARGET,32.80000000000291,22499.05,22441.4,22462.674999999996,22499.125,37.95599999999991,1,2024-05-07,12,0.16,20,0.5,0.5
2024-05-08 12:16:00,long,22326.9,2024-05-08 12:17:00,22325.9,STOP,-1.5,22282.65,22185.6,22326.883333333328,22365.55,36.65199999999992,1,2024-05-08,12,0.16,20,0.5,0.5
2024-05-09 10:28:00,short,22142.1,2024-05-09 12:47:00,22103.65,TARGET,37.94999999999709,22307.75,22233.65,22276.925000000003,22299.54166666667,33.73933333333329,1,2024-05-09,12,0.16,20,0.5,0.5
2024-05-10 10:06:00,long,22118.05,2024-05-10 12:26:00,22002.95,STOP,-115.59999999999854,22056.1,21950.3,22005.691666666662,22120.075,36.63333333333328,1,2024-05-10,12,0.16,20,0.5,0.5
2024-05-14 13:58:00,long,22255.8,2024-05-14 15:25:00,22218.85,EOD,-37.45000000000073,22182.7,22095.15,21975.875,22075.891666666663,61.235461538461514,1,2024-05-14,26,0.28,20,0.5,0.5
2024-05-15 10:12:00,short,22185.45,2024-05-15 10:16:00,22170.5,TARGET,14.450000000000728,22278.55,22241.6,22175.65,22204.783333333326,21.924423076923073,1,2024-05-15,26,0.1,20,0.5,0.5
2024-05-16 10:27:00,short,22181.45,2024-05-16 10:47:00,22161.3,TARGET,19.650000000001455,22330.0,22255.55,22208.65000000001,22224.65,21.272884615384605,1,2024-05-16,26,0.1,20,0.5,0.5
2024-05-17 11:04:00,long,22464.95,2024-05-17 11:51:00,22482.9,TARGET,17.450000000000728,22431.25,22352.75,22243.4,22357.433333333334,22.302499999999995,1,2024-05-17,26,0.1,20,0.5,0.5
2024-05-21 12:04:00,long,22534.95,2024-05-21 12:47:00,22558.8,TARGET,23.349999999998545,22509.05,22440.9,22423.9,22454.6,22.33923076923076,1,2024-05-21,26,0.1,20,0.5,0.5
2024-05-22 15:23:00,long,22623.3,2024-05-22 15:25:00,22619.25,EOD,-4.549999999999272,22577.4,22529.05,22516.0,22522.766666666663,22.316346153846126,1,2024-05-22,26,0.1,20,0.5,0.5
2024-05-23 09:44:00,long,22680.8,2024-05-23 10:20:00,22708.05,TARGET,26.75,22623.4,22577.45,22553.875,22597.791666666664,22.468076923076886,1,2024-05-23,26,0.1,20,0.5,0.5
2024-05-27 12:22:00,long,23084.2,2024-05-27 12:33:00,23104.35,TARGET,19.649999999997817,23043.2,22965.35,22954.500000000004,22967.2,23.04788461538456,1,2024-05-27,26,0.1,20,0.5,0.5
2024-05-28 12:37:00,short,22895.95,2024-05-28 15:22:00,22872.65,TARGET,22.799999999999272,22992.4,22954.9,22953.833333333336,22991.0,23.452884615384562,1,2024-05-28,26,0.1,20,0.5,0.5
2024-05-29 10:30:00,short,22736.6,2024-05-29 11:17:00,22708.5,TARGET,27.599999999998545,22824.3,22762.25,22891.95,22931.55,22.565192307692257,1,2024-05-29,26,0.1,20,0.5,0.5
2024-05-30 10:11:00,short,22576.85,2024-05-30 10:14:00,22559.0,TARGET,17.349999999998545,22705.75,22617.25,22724.291666666664,22755.475,21.55807692307688,1,2024-05-30,26,0.1,20,0.5,0.5
2024-05-31 10:56:00,short,22521.8,2024-05-31 11:03:00,22497.8,TARGET,23.5,22653.75,22557.7,22529.058333333327,22561.375,22.059807692307647,1,2024-05-31,26,0.1,20,0.5,0.5
2024-06-04 11:07:00,short,22124.75,2024-06-04 11:08:00,22005.9,TARGET,118.34999999999854,23159.45,22389.85,23200.5,23256.033333333333,23.131923076923048,1,2024-06-04,26,0.1,20,0.5,0.5
2024-06-05 11:04:00,long,22261.05,2024-06-05 11:09:00,22291.9,TARGET,30.350000000002183,22131.6,21791.95,22023.283333333336,22220.45,29.121538461538428,1,2024-06-05,26,0.1,20,0.5,0.5
2024-06-06 10:35:00,long,22843.9,2024-06-06 10:37:00,22876.0,TARGET,31.599999999998545,22799.5,22642.6,22231.175000000003,22463.125000000007,31.615769230769196,1,2024-06-06,26,0.1,20,0.5,0.5
2024-06-07 10:34:00,long,22991.9,2024-06-07 10:39:00,23041.25,TARGET,48.849999999998545,22943.35,22789.05,22776.375,22829.725,31.822115384615373,1,2024-06-07,26,0.1,20,0.5,0.5
2024-06-10 15:15:00,short,23260.95,2024-06-10 15:16:00,23258.35,STOP,2.100000000002183,23411.9,23313.75,23054.625,23206.708333333336,33.03826923076923,1,2024-06-10,26,0.1,20,0.5,0.5
2024-06-11 10:41:00,long,23336.1,2024-06-11 13:34:00,23371.1,TARGET,34.5,23289.8,23229.6,23260.358333333326,23319.575,34.40113636363636,1,2024-06-11,22,0.1,20,0.5,0.5
2024-06-12 10:43:00,long,23429.45,2024-06-12 15:25:00,23311.3,EOD,-118.65000000000146,23361.35,23295.95,23260.85,23298.050000000003,43.25041666666672,1,2024-06-12,12,0.1,20,0.5,0.5
2024-06-19 10:31:00,short,23422.3,2024-06-19 12:14:00,23556.85,STOP,-135.04999999999927,23630.85,23532.1,23539.375,23555.025,32.08681818181818,1,2024-06-19,22,0.1,20,0.5,0.5
2024-06-21 12:49:00,short,23451.7,2024-06-21 14:03:00,23566.15,STOP,-114.95000000000073,23667.1,23594.1,23533.3,23564.2,121.59375000000009,1,2024-06-21,12,0.3,20,0.5,0.5
2024-06-24 11:08:00,long,23513.8,2024-06-24 11:12:00,23502.05,STOP,-12.25,23439.2,23351.5,23501.283333333326,23532.65,32.1640909090909,1,2024-06-24,22,0.1,20,0.5,0.5
2024-06-25 12:38:00,long,23657.95,2024-06-25 13:18:00,23686.6,TARGET,28.149999999997817,23603.65,23571.05,23454.05,23516.749999999996,30.976666666666645,1,2024-06-25,24,0.1,20,0.5,0.5
2024-06-26 11:28:00,long,23803.6,2024-06-26 12:00:00,23841.45,TARGET,37.35000000000218,23749.5,23670.45,23658.1,23711.0,31.15125,1,2024-06-26,24,0.1,20,0.5,0.5
2024-06-27 10:10:00,long,23953.45,2024-06-27 12:15:00,24002.35,TARGET,48.39999999999782,23887.45,23805.4,23780.175000000003,23836.79166666667,54.928749999999944,1,2024-06-27,12,0.3,20,0.5,0.5
2024-06-28 15:20:00,short,23993.4,2024-06-28 15:25:00,24006.8,EOD,-13.899999999997817,24137.5,24062.85,23946.425000000003,24025.708333333336,57.36374999999989,1,2024-06-28,12,0.3,20,0.5,0.5
2024-07-01 12:26:00,long,24120.5,2024-07-01 15:25:00,24138.05,EOD,17.049999999999272,24060.15,23992.7,24030.833333333336,24079.9,57.49874999999993,1,2024-07-01,12,0.3,20,0.5,0.5
2024-07-05 15:15:00,long,24343.95,2024-07-05 15:25:00,24324.4,EOD,-20.049999999999272,24260.95,24170.35,24318.666666666664,24341.0,55.17399999999997,1,2024-07-05,12,0.28,20,0.5,0.5
2024-07-09 15:08:00,long,24432.95,2024-07-09 15:25:00,24426.15,EOD,-7.299999999999272,24373.55,24331.9,24291.275,24324.091666666667,51.97966666666669,1,2024-07-09,12,0.28,20,0.5,0.5
2024-07-10 10:25:00,short,24251.8,2024-07-10 10:35:00,24200.85,TARGET,50.45000000000073,24461.05,24383.6,24387.75,24413.683333333327,39.612571428571414,1,2024-07-10,14,0.22,20,0.5,0.5
2024-07-11 10:23:00,short,24264.1,2024-07-11 12:03:00,24221.3,TARGET,42.29999999999927,24402.65,24313.25,24301.425,24317.075,39.71625000000001,1,2024-07-11,24,0.2,20,0.5,0.5
2024-07-12 11:06:00,long,24554.55,2024-07-12 15:25:00,24497.9,EOD,-57.14999999999782,24440.75,24342.45,24298.2,24333.533333333336,43.15024999999999,1,2024-07-12,24,0.22,20,0.5,0.5
2024-07-18 09:57:00,long,24649.25,2024-07-18 10:49:00,24614.35,STOP,-35.400000000001455,24585.95,24515.75,24616.916666666668,24624.45,39.01012499999995,1,2024-07-18,24,0.22,20,0.5,0.5
2024-07-19 10:18:00,short,24697.45,2024-07-19 10:53:00,24669.35,TARGET,27.600000000002183,24854.8,24727.75,24671.1,24759.466666666674,29.78699999999997,1,2024-07-19,16,0.16,20,0.5,0.5
2024-07-22 10:12:00,long,24548.65,2024-07-22 10:13:00,24550.3,STOP,1.1499999999978172,24485.3,24362.3,24580.291666666664,24681.475,38.85374999999995,1,2024-07-22,24,0.2,20,0.5,0.5
2024-07-23 12:25:00,short,24228.4,2024-07-23 12:28:00,24166.0,TARGET,61.900000000001455,24582.55,24502.6,24478.75,24499.716666666667,60.67099999999995,1,2024-07-23,30,0.3,20,0.5,0.5
2024-07-24 12:25:00,short,24332.0,2024-07-24 14:31:00,24435.35,STOP,-103.84999999999854,24493.55,24405.6,24328.375,24422.658333333333,60.44299999999992,1,2024-07-24,30,0.3,20,0.5,0.5
2024-07-25 11:55:00,long,24362.0,2024-07-25 11:56:00,24362.45,STOP,-0.049999999999272404,24276.45,24210.8,24405.75,24426.950000000004,60.5664999999999,1,2024-07-25,30,0.3,20,0.5,0.5
2024-07-26 10:08:00,long,24580.8,2024-07-26 11:09:00,24644.4,TARGET,63.10000000000218,24494.2,24410.9,24318.475,24380.391666666663,60.891999999999925,1,2024-07-26,30,0.3,20,0.5,0.5
2024-07-29 14:07:00,short,24823.95,2024-07-29 14:08:00,24826.05,STOP,-2.599999999998545,24980.45,24897.8,24632.0,24765.066666666673,63.8539999999999,1,2024-07-29,30,0.3,20,0.5,0.5
2024-07-30 11:32:00,long,24943.25,2024-07-30 15:09:00,24854.15,STOP,-89.59999999999854,24869.8,24798.65,24856.225000000002,24887.175,64.83399999999995,1,2024-07-30,30,0.3,20,0.5,0.5
2024-08-05 11:01:00,short,24086.6,2024-08-05 11:13:00,24028.75,TARGET,57.349999999998545,24350.05,24192.5,24738.49166666667,24769.375,63.88299999999992,1,2024-08-05,30,0.3,20,0.5,0.5
2024-08-06 13:43:00,short,24081.9,2024-08-06 14:11:00,24017.0,TARGET,64.40000000000146,24382.6,24189.5,24082.791666666664,24121.875,61.37366666666661,1,2024-08-06,30,0.28,20,0.5,0.5
2024-08-08 15:16:00,short,24109.9,2024-08-08 15:25:00,24085.05,EOD,24.350000000002183,24263.5,24198.4,24261.300000000003,24286.86666666666,63.005133333333234,1,2024-08-08,30,0.28,20,0.5,0.5
2024-08-12 11:13:00,long,24422.2,2024-08-12 14:54:00,24359.6,STOP,-63.10000000000218,24323.7,24259.25,24365.475,24369.158333333333,61.771733333333216,1,2024-08-12,30,0.28,20,0.5,0.5
2024-08-13 13:00:00,short,24240.8,2024-08-13 13:53:00,24181.9,TARGET,58.39999999999782,24359.95,24308.35,24342.449999999997,24351.816666666666,57.98779999999989,1,2024-08-13,30,0.26,20,0.5,0.5
2024-08-16 10:37:00,short,24234.7,2024-08-16 10:38:00,24233.9,STOP,0.2999999999992724,24403.55,24302.8,24148.1,24153.033333333333,57.892466666666586,1,2024-08-16,30,0.26,20,0.5,0.5
2024-08-20 13:01:00,long,24725.35,2024-08-20 15:25:00,24685.3,EOD,-40.54999999999927,24660.3,24607.2,24579.99166666667,24580.875,60.086866666666566,1,2024-08-20,30,0.26,20,0.5,0.5
2024-08-26 10:21:00,long,25018.95,2024-08-26 15:25:00,25007.7,EOD,-11.75,24939.5,24874.7,24815.025,24826.975,57.48989999999988,1,2024-08-26,30,0.26,20,0.5,0.5
2024-08-28 11:40:00,long,25105.15,2024-08-28 15:25:00,25040.95,EOD,-64.70000000000073,25048.15,24970.15,25010.591666666667,25023.375,34.470333333333215,1,2024-08-28,12,0.22,20,0.5,0.5
2024-08-29 12:36:00,long,25170.45,2024-08-29 14:04:00,25010.95,STOP,-160.0,25073.65,25017.5,25043.341666666667,25047.125,35.50433333333318,1,2024-08-29,12,0.22,20,0.5,0.5
2024-09-02 13:45:00,short,25252.75,2024-09-02 13:46:00,25253.5,STOP,-1.25,25333.65,25283.2,25231.300000000003,25243.933333333334,28.21885714285704,1,2024-09-02,14,0.18,20,0.5,0.5
2024-09-04 13:23:00,long,25177.5,2024-09-04 13:24:00,25178.4,STOP,0.4000000000014552,25133.1,25083.8,25277.416666666664,25278.75,24.10328571428563,1,2024-09-04,14,0.18,20,0.5,0.5
2024-09-05 10:37:00,short,25161.4,2024-09-05 11:08:00,25191.45,STOP,-30.549999999999272,25275.45,25203.8,25147.8,25186.366666666665,24.504428571428498,1,2024-09-05,14,0.18,20,0.5,0.5
2024-09-06 09:53:00,short,24980.45,2024-09-06 10:01:00,24966.95,TARGET,13.0,25168.75,25085.1,25172.0,25201.6,21.782571428571345,1,2024-09-06,14,0.18,20,0.5,0.5
2024-09-09 10:47:00,long,24913.1,2024-09-09 10:48:00,24905.3,STOP,-8.299999999999272,24827.8,24753.15,24905.808333333334,24985.025,19.699749999999952,1,2024-09-09,12,0.14,20,0.5,0.5
2024-09-10 09:59:00,short,24920.6,2024-09-10 10:00:00,24915.35,STOP,4.75,25014.8,24966.15,24851.0,24914.63333333333,21.015749999999944,1,2024-09-10,12,0.14,20,0.5,0.5
2024-09-11 10:41:00,long,25080.75,2024-09-11 12:05:00,25105.25,TARGET,24.0,25038.6,24981.3,25013.65,25040.15000000001,22.73016666666662,1,2024-09-11,12,0.14,20,0.5,0.5
2024-09-12 11:33:00,short,24982.95,2024-09-12 11:36:00,24995.25,STOP,-12.799999999999272,25072.55,25010.1,24962.574999999997,24999.425000000003,23.42374999999996,1,2024-09-12,12,0.14,20,0.5,0.5
2024-09-18 10:48:00,long,25451.75,2024-09-18 12:26:00,25478.85,TARGET,26.599999999998545,25418.15,25380.8,25396.95,25407.783333333336,26.99666666666667,1,2024-09-18,12,0.14,20,0.5,0.5
2024-09-19 11:37:00,short,25435.65,2024-09-19 11:38:00,25427.35,STOP,7.80000000000291,25587.1,25481.7,25364.691666666673,25383.875,28.145833333333336,1,2024-09-19,12,0.14,20,0.5,0.5
2024-09-20 10:36:00,long,25648.15,2024-09-20 10:40:00,25682.2,TARGET,33.54999999999927,25547.85,25453.3,25457.433333333327,25494.0,29.895833333333336,1,2024-09-20,12,0.14,20,0.5,0.5
2024-09-24 10:31:00,long,25977.4,2024-09-24 14:51:00,25992.65,TARGET,14.75,25938.05,25886.85,25901.675,25921.624999999996,30.759000000000018,1,2024-09-24,14,0.14,20,0.5,0.5
2024-09-25 15:11:00,long,26017.1,2024-09-25 15:25:00,26015.35,EOD,-2.25,25951.75,25891.7,25949.199999999997,25949.9,25.574500000000008,1,2024-09-25,12,0.12,20,0.5,0.5
2024-09-26 12:09:00,long,26089.4,2024-09-26 14:20:00,26124.25,TARGET,34.349999999998545,26056.0,25998.4,25952.074999999997,25994.591666666667,29.59054545454546,1,2024-09-26,22,0.16,20,0.5,0.5
2024-09-27 13:29:00,short,26179.2,2024-09-27 13:30:00,26186.5,STOP,-7.799999999999272,26250.55,26208.9,26124.65,26177.91666666667,28.676615384615367,1,2024-09-27,26,0.16,20,0.5,0.5
2024-09-30 09:56:00,short,25989.25,2024-09-30 10:33:00,25959.65,TARGET,29.099999999998545,26134.7,26026.6,26179.424999999996,26214.375,30.420000000000027,1,2024-09-30,22,0.16,20,0.5,0.5
2024-10-03 11:50:00,short,25401.3,2024-10-03 12:30:00,25377.2,TARGET,23.599999999998545,25631.7,25451.6,25812.233333333337,25823.4,32.22545454545455,1,2024-10-03,22,0.16,20,0.5,0.5
2024-10-04 10:59:00,long,25339.95,2024-10-04 11:02:00,25310.0,STOP,-30.450000000000728,25287.9,25094.55,25310.25833333333,25434.875,34.487272727272725,1,2024-10-04,22,0.16,20,0.5,0.5
2024-10-07 10:52:00,short,24891.55,2024-10-07 11:05:00,24805.65,TARGET,85.39999999999782,25143.0,25049.9,25103.041666666668,25225.925,76.11000000000004,1,2024-10-07,12,0.3,20,0.5,0.5
2024-10-08 11:31:00,long,24987.7,2024-10-08 15:25:00,25035.1,EOD,46.89999999999782,24865.1,24765.8,24854.825,24918.675,82.41000000000003,1,2024-10-08,12,0.3,20,0.5,0.5
2024-10-09 10:51:00,long,25215.95,2024-10-09 14:29:00,25039.9,STOP,-176.54999999999927,25091.85,25041.15,24900.4,24990.533333333326,83.69250000000002,1,2024-10-09,12,0.3,20,0.5,0.5
2024-10-14 10:08:00,long,25115.85,2024-10-14 12:09:00,25152.1,TARGET,35.75,25066.85,25017.5,24974.35,24975.183333333327,37.334400000000024,1,2024-10-14,20,0.16,20,0.5,0.5
2024-10-15 10:00:00,short,25081.65,2024-10-15 10:03:00,25058.3,TARGET,22.850000000002183,25212.05,25166.25,25088.625,25121.275,37.36800000000003,1,2024-10-15,20,0.16,20,0.5,0.5
2024-10-16 11:46:00,short,24927.25,2024-10-16 14:28:00,25045.95,STOP,-119.20000000000073,25055.9,24994.65,25086.86666666667,25110.1,38.38699999999997,1,2024-10-16,16,0.16,20,0.5,0.5
2024-10-17 09:47:00,short,24837.25,2024-10-17 09:55:00,24828.7,TARGET,8.049999999999272,25029.5,24897.9,24973.175000000003,25000.925000000003,29.362499999999972,1,2024-10-17,16,0.12,20,0.5,0.5
2024-10-18 11:47:00,long,24777.2,2024-10-18 11:48:00,24772.4,STOP,-5.299999999999272,24694.95,24567.65,24794.166666666668,24879.2,76.70437499999989,1,2024-10-18,16,0.3,20,0.5,0.5
2024-10-21 09:57:00,short,24714.4,2024-10-21 10:07:00,24838.5,STOP,-124.59999999999854,24978.3,24819.05,24726.925000000003,24826.00833333334,79.64999999999986,1,2024-10-21,16,0.3,20,0.5,0.5
2024-10-22 10:31:00,short,24648.95,2024-10-22 12:39:00,24629.05,TARGET,19.400000000001455,24854.05,24755.35,24784.683333333334,24828.949999999997,32.20649999999995,1,2024-10-22,16,0.12,20,0.5,0.5
2024-10-23 11:09:00,long,24569.9,2024-10-23 12:12:00,24539.75,STOP,-30.650000000001455,24521.4,24378.1,24542.16666666667,24663.9,34.53337499999998,1,2024-10-23,16,0.12,20,0.5,0.5
2024-10-25 10:06:00,short,24256.95,2024-10-25 10:48:00,24164.2,TARGET,92.25,24440.25,24356.1,24408.24166666666,24410.925000000003,83.69250000000004,1,2024-10-25,16,0.3,20,0.5,0.5
2024-10-28 10:42:00,long,24426.15,2024-10-28 15:25:00,24349.9,EOD,-76.75,24292.9,24172.35,24234.524999999998,24257.075,82.88999999999999,1,2024-10-28,16,0.3,20,0.5,0.5
2024-10-29 15:11:00,long,24475.45,2024-10-29 15:25:00,24468.1,EOD,-7.850000000002183,24378.65,24239.9,24313.75,24338.183333333327,74.55437499999994,1,2024-10-29,16,0.28,20,0.5,0.5
2024-10-31 12:48:00,short,24198.15,2024-10-31 15:25:00,24210.6,EOD,-12.94999999999709,24372.45,24245.3,24370.35,24402.75,30.442124999999976,1,2024-10-31,16,0.12,20,0.5,0.5
2024-11-04 10:12:00,short,23950.6,2024-11-04 10:38:00,23920.6,TARGET,29.5,24316.75,24058.15,24230.908333333326,24272.525,29.793375000000005,1,2024-11-04,16,0.12,20,0.5,0.5
2024-11-05 11:50:00,short,23868.95,2024-11-05 13:28:00,24033.8,STOP,-165.34999999999854,24026.25,23908.65,24026.383333333335,24066.45,32.38800000000001,1,2024-11-05,16,0.12,20,0.5,0.5
2024-11-06 12:06:00,long,24435.35,2024-11-06 14:21:00,24521.15,TARGET,85.30000000000291,24349.95,24204.05,24035.9,24144.1,80.43174999999998,1,2024-11-06,16,0.28,20,0.5,0.5
2024-11-07 10:06:00,short,24222.05,2024-11-07 13:44:00,24181.25,TARGET,40.29999999999927,24503.35,24341.4,24370.824999999997,24452.874999999993,41.66458333333334,1,2024-11-07,24,0.14,20,0.5,0.5
2024-11-11 10:44:00,long,24239.95,2024-11-11 11:43:00,24331.25,TARGET,90.79999999999927,24145.6,24004.6,24141.6,24171.4,86.31612499999999,1,2024-11-11,16,0.28,20,0.5,0.5
2024-11-12 12:48:00,short,24012.2,2024-11-12 13:37:00,23929.5,TARGET,82.20000000000073,24242.0,24158.95,24143.6,24170.699999999997,86.86912500000003,1,2024-11-12,16,0.28,20,0.5,0.5
2024-11-13 12:16:00,short,23686.15,2024-11-13 14:29:00,23599.45,TARGET,86.20000000000073,23873.6,23780.3,23931.725,24048.275,88.07487500000005,1,2024-11-13,16,0.28,20,0.5,0.5
2024-11-19 11:44:00,long,23772.5,2024-11-19 15:03:00,23532.55,STOP,-240.45000000000073,23677.05,23517.1,23459.966666666674,23478.6,85.46912499999996,1,2024-11-19,16,0.28,20,0.5,0.5
2024-11-22 12:33:00,long,23656.6,2024-11-22 13:52:00,23743.15,TARGET,86.05000000000291,23541.1,23359.0,23366.375,23385.225,90.52583333333325,1,2024-11-22,18,0.3,20,0.5,0.5
2024-11-26 12:24:00,short,24145.65,2024-11-26 15:25:00,24193.45,EOD,-48.29999999999927,24336.65,24280.8,24243.5,24247.799999999996,95.64916666666655,1,2024-11-26,18,0.3,20,0.5,0.5
2024-11-28 10:45:00,short,24120.15,2024-11-28 12:37:00,24013.2,TARGET,106.45000000000073,24323.05,24265.5,24250.1,24268.63333333334,90.96249999999988,1,2024-11-28,18,0.3,20,0.5,0.5
2024-11-29 13:40:00,long,24145.55,2024-11-29 15:25:00,24121.2,EOD,-24.849999999998545,24049.35,23947.35,24007.616666666665,24109.55,95.65416666666654,1,2024-11-29,18,0.3,20,0.5,0.5
2024-12-02 14:25:00,long,24265.15,2024-12-02 15:25:00,24274.05,EOD,8.399999999997817,24154.65,24008.65,24067.9,24103.766666666663,96.34166666666654,1,2024-12-02,18,0.3,20,0.5,0.5
2024-12-05 11:06:00,short,24364.65,2024-12-05 12:06:00,24488.95,STOP,-124.79999999999927,24539.95,24476.05,24469.75,24471.35,87.68916666666658,1,2024-12-05,18,0.3,20,0.5,0.5
2024-12-10 13:46:00,short,24534.1,2024-12-10 15:25:00,24620.15,EOD,-86.55000000000291,24655.2,24593.25,24632.875,24642.525,47.32461538461536,1,2024-12-10,26,0.16,20,0.5,0.5
2024-12-11 11:45:00,long,24679.8,2024-12-11 15:25:00,24640.55,EOD,-39.75,24641.2,24597.6,24594.225,24611.175000000003,30.358999999999977,1,2024-12-11,12,0.12,20,0.5,0.5
2024-12-12 12:10:00,short,24561.6,2024-12-12 15:00:00,24533.15,TARGET,27.94999999999709,24671.3,24617.1,24637.8,24639.966666666664,29.277000000000005,1,2024-12-12,12,0.12,20,0.5,0.5
2024-12-13 10:20:00,short,24290.7,2024-12-13 10:21:00,24255.25,TARGET,34.95000000000073,24520.8,24382.4,24573.533333333333,24601.6,28.6375,1,2024-12-13,12,0.12,20,0.5,0.5
2024-12-16 11:21:00,short,24639.9,2024-12-16 12:14:00,24607.8,TARGET,31.600000000002183,24781.25,24689.35,24486.55,24686.183333333338,32.66350000000002,1,2024-12-16,12,0.12,20,0.5,0.5
2024-12-17 09:56:00,short,24520.8,2024-12-17 10:20:00,24456.7,TARGET,63.599999999998545,24624.1,24567.45,24672.766666666663,24691.5,25.51312499999999,1,2024-12-17,16,0.1,20,0.5,0.5
2024-12-18 11:04:00,short,24234.6,2024-12-18 12:20:00,24206.65,TARGET,27.44999999999709,24356.0,24273.1,24373.391666666663,24463.775,30.529999999999962,1,2024-12-18,12,0.12,20,0.5,0.5
2024-12-20 10:07:00,short,23835.0,2024-12-20 10:19:00,23945.45,STOP,-110.95000000000073,23990.85,23887.9,23937.6,23948.5,29.37800000000003,1,2024-12-20,12,0.12,20,0.5,0.5
2024-12-23 11:16:00,long,23849.25,2024-12-23 12:30:00,23725.25,STOP,-124.5,23806.5,23721.95,23676.025,23801.574999999997,26.19714285714287,1,2024-12-23,14,0.1,20,0.5,0.5
2024-12-24 10:25:00,long,23830.3,2024-12-24 10:31:00,23854.0,TARGET,23.200000000000728,23798.1,23712.3,23758.375,23758.625,26.34714285714287,1,2024-12-24,14,0.1,20,0.5,0.5
2024-12-26 10:34:00,short,23736.85,2024-12-26 10:49:00,23713.6,TARGET,22.75,23854.5,23773.6,23757.316666666673,23788.65,25.997857142857146,1,2024-12-26,14,0.1,20,0.5,0.5
2024-12-27 09:59:00,long,23918.9,2024-12-27 15:25:00,23829.2,EOD,-90.20000000000073,23862.6,23800.6,23754.05,23754.083333333332,25.232777777777788,1,2024-12-27,18,0.1,20,0.5,0.5
2024-12-30 11:38:00,long,23846.85,2024-12-30 11:43:00,23872.7,TARGET,25.350000000002183,23818.8,23744.85,23843.041666666664,23869.725,24.37277777777779,1,2024-12-30,18,0.1,20,0.5,0.5
2024-12-31 10:13:00,short,23462.1,2024-12-31 10:54:00,23586.5,STOP,-124.90000000000146,23581.0,23527.85,23696.275,23757.324999999997,25.01000000000002,1,2024-12-31,18,0.1,20,0.5,0.5
2025-01-01 12:39:00,long,23770.4,2025-01-01 15:25:00,23757.8,EOD,-13.100000000002183,23683.6,23607.05,23575.15,23629.316666666673,74.5459090909091,1,2025-01-01,22,0.3,20,0.5,0.5
2025-01-02 10:55:00,long,23914.7,2025-01-02 12:25:00,23998.45,TARGET,83.25,23812.15,23751.55,23692.8,23736.466666666664,69.87680000000002,1,2025-01-02,20,0.28,20,0.5,0.5
2025-01-03 10:58:00,short,24011.65,2025-01-03 11:24:00,24133.05,STOP,-121.89999999999782,24196.45,24096.95,23989.125,24118.208333333336,73.63230000000001,1,2025-01-03,20,0.28,20,0.5,0.5
2025-01-06 10:45:00,short,23863.2,2025-01-06 11:10:00,23764.2,TARGET,98.5,24089.95,24014.0,24026.375,24086.225,82.25906250000003,1,2025-01-06,16,0.3,20,0.5,0.5
2025-01-08 12:08:00,short,23545.8,2025-01-08 14:21:00,23713.6,STOP,-168.29999999999927,23751.85,23628.15,23710.13333333333,23716.5,81.07125000000005,1,2025-01-08,16,0.3,20,0.5,0.5
2025-01-13 14:39:00,short,23056.45,2025-01-13 15:25:00,23089.75,EOD,-33.79999999999927,23270.9,23172.7,23449.50833333333,23470.625,80.11781250000001,1,2025-01-13,16,0.3,20,0.5,0.5
2025-01-21 10:15:00,short,23250.05,2025-01-21 10:21:00,23174.7,TARGET,74.84999999999854,23426.3,23355.15,23280.875,23317.025,74.88562499999996,1,2025-01-21,16,0.3,20,0.5,0.5
2025-01-23 10:24:00,long,23236.4,2025-01-23 15:25:00,23207.9,EOD,-29.0,23146.45,23090.65,23075.425,23130.874999999996,76.61531250000003,1,2025-01-23,16,0.3,20,0.5,0.5
2025-01-24 14:47:00,short,23076.05,2025-01-24 15:25:00,23090.25,EOD,-14.700000000000728,23292.05,23177.8,23180.725,23199.175000000003,66.21399999999996,1,2025-01-24,14,0.28,20,0.5,0.5
2025-01-27 10:35:00,short,22854.0,2025-01-27 10:38:00,22829.75,TARGET,23.75,22989.65,22910.85,23126.050000000003,23198.65,26.159499999999998,1,2025-01-27,30,0.1,20,0.5,0.5
2025-01-28 11:56:00,long,23005.0,2025-01-28 12:03:00,23031.15,TARGET,25.650000000001455,22973.45,22877.25,22851.324999999997,22897.175000000003,24.856333333333325,1,2025-01-28,30,0.1,20,0.5,0.5
2025-01-29 10:28:00,long,23090.3,2025-01-29 10:59:00,23122.35,TARGET,31.549999999999272,23050.05,22976.5,22987.500000000007,22997.800000000003,25.192333333333323,1,2025-01-29,30,0.1,20,0.5,0.5
2025-01-30 10:09:00,long,23280.75,2025-01-30 10:23:00,23298.1,TARGET,16.849999999998545,23211.0,23139.2,23078.925,23142.475000000002,24.806333333333328,1,2025-01-30,30,0.1,20,0.5,0.5
2025-01-31 09:53:00,long,23358.85,2025-01-31 09:56:00,23379.15,TARGET,19.80000000000291,23332.45,23277.4,23225.175000000003,23261.35833333333,24.564166666666654,1,2025-01-31,30,0.1,20,0.5,0.5
2025-02-04 09:48:00,long,23569.95,2025-02-04 10:35:00,23479.15,STOP,-91.29999999999927,23534.25,23479.45,23301.8,23337.999999999996,23.730333333333306,1,2025-02-04,30,0.1,20,0.5,0.5
2025-02-05 12:56:00,short,23717.55,2025-02-05 12:57:00,23722.9,STOP,-5.850000000002183,23807.3,23750.0,23592.95,23675.516666666666,24.12116666666664,1,2025-02-05,30,0.1,20,0.5,0.5
2025-02-06 13:54:00,short,23567.7,2025-02-06 15:25:00,23621.25,EOD,-54.04999999999927,23773.55,23652.15,23711.058333333327,23743.875,71.80374999999975,1,2025-02-06,12,0.3,20,0.5,0.5
2025-02-07 14:16:00,short,23455.6,2025-02-07 15:25:00,23568.6,EOD,-113.5,23683.9,23566.85,23635.466666666667,23664.9,65.99999999999973,1,2025-02-07,12,0.3,20,0.5,0.5
2025-02-10 10:20:00,short,23377.25,2025-02-10 12:20:00,23351.75,TARGET,25.0,23568.6,23419.85,23568.34999999999,23568.85,39.11813333333326,1,2025-02-10,30,0.16,20,0.5,0.5
2025-02-11 12:02:00,short,23254.45,2025-02-11 12:49:00,23212.25,TARGET,41.70000000000073,23390.05,23295.75,23405.283333333333,23442.449999999997,38.778133333333265,1,2025-02-11,30,0.16,20,0.5,0.5
2025-02-12 09:53:00,short,22864.5,2025-02-12 10:00:00,22818.85,TARGET,45.150000000001455,23097.95,22935.2,23111.949999999997,23188.35,39.70613333333326,1,2025-02-12,30,0.16,20,0.5,0.5
2025-02-13 10:01:00,long,23171.35,2025-02-13 11:43:00,23206.9,TARGET,35.05000000000291,23115.05,22992.2,22971.525,23030.908333333326,40.166666666666615,1,2025-02-13,30,0.16,20,0.5,0.5
2025-02-14 10:44:00,short,22923.5,2025-02-14 11:04:00,22874.6,TARGET,48.400000000001455,23133.7,23009.65,23055.216666666674,23113.85,38.930133333333266,1,2025-02-14,30,0.16,20,0.5,0.5
2025-02-17 15:04:00,long,22951.2,2025-02-17 15:25:00,22966.1,EOD,14.399999999997817,22874.75,22725.45,22937.02500000001,22954.275,39.668266666666604,1,2025-02-17,30,0.16,20,0.5,0.5
2025-02-19 09:56:00,long,22988.5,2025-02-19 10:15:00,23025.05,TARGET,36.04999999999927,22892.45,22814.85,22897.0,22921.6,38.29173333333326,1,2025-02-19,30,0.16,20,0.5,0.5
2025-02-21 10:19:00,short,22765.8,2025-02-21 13:46:00,22726.65,TARGET,38.64999999999782,22921.0,22849.65,22868.3,22901.133333333328,44.617124999999895,1,2025-02-21,24,0.18,20,0.5,0.5
2025-02-24 10:09:00,short,22576.1,2025-02-24 13:25:00,22549.4,TARGET,26.19999999999709,22668.05,22611.5,22800.85,22820.65,29.267999999999937,1,2025-02-24,26,0.12,20,0.5,0.5
2025-02-28 11:55:00,short,22232.8,2025-02-28 12:38:00,22182.05,TARGET,50.25,22450.35,22276.8,22543.541666666664,22564.725,40.073849999999915,1,2025-02-28,20,0.18,20,0.5,0.5
2025-03-03 09:55:00,short,22059.8,2025-03-03 10:08:00,22015.1,TARGET,44.20000000000073,22261.55,22152.5,22171.733333333337,22277.6,41.635799999999904,1,2025-03-03,20,0.18,20,0.5,0.5
2025-03-04 14:59:00,long,22099.05,2025-03-04 15:00:00,22085.3,STOP,-14.25,22049.65,21964.6,22127.975,22133.125,41.6677499999999,1,2025-03-04,20,0.18,20,0.5,0.5
2025-03-05 10:44:00,long,22283.2,2025-03-05 11:36:00,22322.45,TARGET,38.75,22221.4,22071.65,22034.824999999997,22058.408333333333,41.495399999999925,1,2025-03-05,20,0.18,20,0.5,0.5
2025-03-06 14:49:00,long,22535.85,2025-03-06 15:25:00,22537.95,EOD,1.6000000000021828,22491.3,22299.85,22233.275,22303.091666666667,41.348249999999936,1,2025-03-06,20,0.18,20,0.5,0.5
2025-03-07 11:24:00,long,22620.25,2025-03-07 15:25:00,22536.75,EOD,-84.0,22572.85,22464.75,22401.15,22492.683333333334,43.00199999999997,1,2025-03-07,20,0.18,20,0.5,0.5
2025-03-10 10:01:00,long,22651.3,2025-03-10 13:48:00,22536.15,STOP,-115.64999999999782,22603.25,22498.65,22541.25833333333,22549.275,43.45499999999998,1,2025-03-10,16,0.2,20,0.5,0.5
2025-03-11 10:47:00,long,22434.35,2025-03-11 10:48:00,22430.0,STOP,-4.849999999998545,22387.6,22314.7,22485.86666666666,22552.9,32.659999999999954,1,2025-03-11,12,0.16,20,0.5,0.5
2025-03-12 11:00:00,short,22412.35,2025-03-12 11:28:00,22378.7,TARGET,33.14999999999782,22577.4,22452.3,22415.35,22473.916666666664,33.86266666666663,1,2025-03-12,12,0.16,20,0.5,0.5
2025-03-13 11:53:00,short,22414.25,2025-03-13 12:46:00,22460.4,STOP,-46.650000000001455,22556.0,22460.4,22453.475,22454.158333333333,34.491333333333316,1,2025-03-13,12,0.16,20,0.5,0.5
2025-03-18 10:37:00,long,22760.5,2025-03-18 14:57:00,22807.8,TARGET,46.79999999999927,22688.65,22599.2,22480.575,22504.258333333335,49.082999999999956,1,2025-03-18,16,0.24,20,0.5,0.5
2025-03-20 13:18:00,long,23143.4,2025-03-20 13:59:00,23189.4,TARGET,45.5,23070.25,22994.4,22874.325,22893.241666666672,50.270999999999965,1,2025-03-20,16,0.24,20,0.5,0.5
2025-03-21 10:35:00,long,23295.25,2025-03-21 10:52:00,23352.3,TARGET,56.54999999999927,23225.9,23132.8,23095.325,23156.141666666666,51.699749999999966,1,2025-03-21,16,0.24,20,0.5,0.5
2025-03-24 10:54:00,long,23595.25,2025-03-24 12:30:00,23647.2,TARGET,51.45000000000073,23519.7,23451.75,23267.75,23328.75,54.25350000000002,1,2025-03-24,16,0.24,20,0.5,0.5
2025-03-25 09:58:00,long,23866.15,2025-03-25 10:57:00,23661.0,STOP,-205.65000000000146,23766.2,23664.9,23571.125,23637.975,56.925000000000054,1,2025-03-25,16,0.24,20,0.5,0.5
2025-03-26 11:53:00,short,23626.95,2025-03-26 11:58:00,23599.8,TARGET,26.650000000001455,23736.5,23663.4,23679.624999999993,23748.574999999997,23.07218750000002,1,2025-03-26,16,0.1,20,0.5,0.5
2025-03-28 13:55:00,short,23471.0,2025-03-28 14:29:00,23572.3,STOP,-101.79999999999927,23629.7,23544.35,23519.475,23566.425000000003,56.90400000000003,1,2025-03-28,16,0.24,20,0.5,0.5
2025-04-01 10:37:00,short,23297.45,2025-04-01 10:56:00,23246.1,TARGET,50.85000000000218,23518.45,23339.1,23510.35,23550.25,22.926562500000024,1,2025-04-01,16,0.1,20,0.5,0.5
2025-04-02 15:05:00,long,23342.1,2025-04-02 15:25:00,23336.1,EOD,-6.5,23283.25,23158.45,23226.02500000001,23350.775,23.66500000000001,1,2025-04-02,16,0.1,20,0.5,0.5
2025-04-04 10:02:00,short,22977.35,2025-04-04 10:12:00,22966.45,TARGET,10.399999999997817,23214.7,23029.4,23226.15,23245.216666666667,23.26187500000001,1,2025-04-04,16,0.1,20,0.5,0.5
2025-04-08 10:03:00,short,22405.4,2025-04-08 10:04:00,22390.75,STOP,14.150000000001455,22577.55,22471.55,21998.825,22154.408333333336,25.87718749999999,1,2025-04-08,16,0.1,20,0.5,0.5
2025-04-11 09:56:00,long,22863.8,2025-04-11 11:36:00,22891.05,TARGET,26.75,22821.1,22709.95,22404.324999999997,22410.975,26.928750000000015,1,2025-04-11,16,0.1,20,0.5,0.5
2025-04-16 14:08:00,long,23402.6,2025-04-16 14:14:00,23428.1,TARGET,25.0,23353.65,23277.0,23279.05,23327.083333333332,26.72281250000001,1,2025-04-16,16,0.1,20,0.5,0.5
2025-04-17 11:22:00,long,23473.6,2025-04-17 11:27:00,23505.35,TARGET,31.25,23406.6,23298.55,23362.15,23418.016666666663,26.319375000000015,1,2025-04-17,16,0.1,20,0.5,0.5
2025-04-21 10:12:00,long,24040.8,2025-04-21 10:44:00,24067.15,TARGET,25.850000000002183,24004.2,23903.65,23585.449999999997,23766.58333333333,28.21875,1,2025-04-21,16,0.1,20,0.5,0.5
2025-04-23 10:14:00,short,24190.75,2025-04-23 10:15:00,24194.3,STOP,-4.049999999999272,24359.3,24275.5,24157.3,24160.8,27.838749999999983,1,2025-04-23,16,0.1,20,0.5,0.5
2025-04-25 09:47:00,short,24174.6,2025-04-25 09:52:00,24146.65,TARGET,27.44999999999709,24365.45,24264.8,24260.766666666663,24282.0,27.036874999999966,1,2025-04-25,16,0.1,20,0.5,0.5
2025-04-28 10:06:00,long,24252.45,2025-04-28 10:15:00,24272.95,TARGET,20.0,24185.85,24054.05,24037.716666666667,24106.65,29.034999999999968,1,2025-04-28,16,0.1,20,0.5,0.5
2025-05-08 15:00:00,short,24262.1,2025-05-08 15:25:00,24219.6,EOD,42.0,24447.25,24373.45,24334.8,24385.999999999996,76.12714285714283,1,2025-05-08,14,0.3,20,0.5,0.5
2025-05-12 10:04:00,long,24699.3,2025-05-12 12:31:00,24766.25,TARGET,66.45000000000073,24620.6,24378.85,24037.341666666674,24056.725,69.65249999999993,1,2025-05-12,14,0.3,20,0.5,0.5
2025-05-13 14:22:00,short,24579.5,2025-05-13 15:25:00,24566.75,EOD,12.25,24973.8,24675.6,24661.824999999997,24838.14166666667,81.20687499999998,1,2025-05-13,24,0.3,20,0.5,0.5
2025-05-15 13:15:00,long,24911.85,2025-05-15 13:36:00,24992.2,TARGET,79.85000000000218,24706.75,24584.65,24651.55,24673.81666666667,78.53222222222217,1,2025-05-15,18,0.28,20,0.5,0.5
2025-05-20 12:56:00,short,24800.6,2025-05-20 14:20:00,24719.05,TARGET,81.04999999999927,25010.35,24916.75,24962.66666666667,24989.800000000003,76.27277777777779,1,2025-05-20,18,0.28,20,0.5,0.5
2025-05-21 10:16:00,long,24901.8,2025-05-21 12:12:00,24737.3,STOP,-165.0,24776.1,24692.65,24745.841666666667,24840.025,77.84855555555555,1,2025-05-21,18,0.28,20,0.5,0.5
2025-05-23 10:54:00,long,24878.75,2025-05-23 15:25:00,24853.05,EOD,-26.200000000000728,24751.75,24614.05,24599.95,24623.349999999995,68.10149999999993,1,2025-05-23,24,0.24,20,0.5,0.5
2025-05-29 11:17:00,short,24717.05,2025-05-29 15:01:00,24792.25,STOP,-75.70000000000073,24889.7,24793.8,24768.61666666666,24800.65,59.9493888888889,1,2025-05-29,18,0.22,20,0.5,0.5
2025-06-03 12:59:00,short,24530.0,2025-06-03 15:25:00,24534.95,EOD,-5.450000000000728,24845.1,24601.3,24640.275,24666.458333333336,60.89905555555558,1,2025-06-03,18,0.22,20,0.5,0.5
2025-06-05 12:12:00,long,24861.85,2025-06-05 15:25:00,24768.55,EOD,-93.79999999999927,24737.5,24613.1,24587.35,24603.08333333333,60.98338888888888,1,2025-06-05,18,0.22,20,0.5,0.5
2025-06-06 10:34:00,long,24861.05,2025-06-06 10:41:00,24911.5,TARGET,49.95000000000073,24763.35,24703.7,24756.475,24764.858333333337,45.58556249999999,1,2025-06-06,16,0.18,20,0.5,0.5
2025-06-11 11:21:00,long,25190.25,2025-06-11 13:53:00,25116.2,STOP,-74.54999999999927,25144.05,25081.3,25112.225,25127.375,35.54177777777775,1,2025-06-11,18,0.16,20,0.5,0.5
2025-06-12 10:51:00,short,25057.2,2025-06-12 11:38:00,25029.95,TARGET,26.75,25191.9,25117.6,25136.316666666666,25151.85,29.99700000000001,1,2025-06-12,14,0.14,20,0.5,0.5
2025-06-13 12:06:00,long,24701.1,2025-06-13 12:07:00,24694.95,STOP,-6.649999999997817,24653.15,24508.1,24914.683333333334,25011.050000000003,29.60416666666663,1,2025-06-13,12,0.14,20,0.5,0.5
